{"type":"FeatureCollection","features":[{"type":"Feature","id":"1","properties":{"codigo":"1","nombre":"SAN FRANCISCO","area":"Urbana","lon":-71.22352,"lat":-29.91573},"geometry":{"type":"Polygon","coordinates":[[[-71.22084,-29.91906],[-71.22147,-29.92006],[-71.22174,-29.92049],[-71.22238,-29.92034],[-71.22259,-29.92013],[-71.22263,-29.91998],[-71.22271,-29.91968],[-71.22286,-29.91938],[-71.22293,-29.9192],[-71.22299,-29.91912],[-71.22316,-29.91876],[-71.22337,-29.91858],[-71.22351,-29.91852],[-71.22361,-29.91843],[-71.2238,-29.91831],[-71.22395,-29.91821],[-71.22414,-29.91815],[-71.22423,-29.91812],[-71.2243,-29.91807],[-71.22446,-29.91796],[-71.22461,-29.91794],[-71.22469,-29.91787],[-71.22491,-29.91778],[-71.22494,-29.91771],[-71.22508,-29.91754],[-71.22525,-29.91748],[-71.2256,-29.91732],[-71.22574,-29.91727],[-71.22599,-29.91716],[-71.22622,-29.91705],[-71.22644,-29.9168],[-71.22648,-29.91675],[-71.22671,-29.9166],[-71.22693,-29.91649],[-71.2271,-29.9164],[-71.22727,-29.91635],[-71.22735,-29.91632],[-71.22756,-29.91624],[-71.22778,-29.91618],[-71.22796,-29.91604],[-71.22822,-29.91585],[-71.22852,-29.91561],[-71.22883,-29.91529],[-71.22906,-29.91507],[-71.22912,-29.91504],[-71.22935,-29.91486],[-71.22955,-29.91473],[-71.22961,-29.91464],[-71.23001,-29.91433],[-71.23043,-29.91424],[-71.23019,-29.91403],[-71.23136,-29.91278],[-71.23173,-29.91241],[-71.23265,-29.91144],[-71.23274,-29.91134],[-71.23286,-29.91109],[-71.23281,-29.911],[-71.23257,-29.91092],[-71.23218,-29.91092],[-71.23183,-29.91102],[-71.23153,-29.91117],[-71.23112,-29.91131],[-71.23073,-29.91145],[-71.23052,-29.91153],[-71.2302,-29.91164],[-71.23007,-29.91171],[-71.22982,-29.9118],[-71.22955,-29.91185],[-71.22922,-29.91206],[-71.229,-29.91228],[-71.22855,-29.91254],[-71.22823,-29.91271],[-71.22798,-29.91278],[-71.22744,-29.91294],[-71.22698,-29.91308],[-71.22687,-29.9131],[-71.22657,-29.91309],[-71.22632,-29.91301],[-71.22593,-29.91297],[-71.22546,-29.91305],[-71.2252,-29.91312],[-71.22491,-29.91322],[-71.2247,-29.91329],[-71.22458,-29.91332],[-71.2243,-29.91341],[-71.22399,-29.91348],[-71.22382,-29.91348],[-71.22361,-29.91355],[-71.22311,-29.91366],[-71.22286,-29.91393],[-71.22276,-29.91402],[-71.22268,-29.91405],[-71.22257,-29.91409],[-71.22242,-29.91413],[-71.22227,-29.91418],[-71.22214,-29.91421],[-71.22203,-29.91423],[-71.22194,-29.9142],[-71.22185,-29.91413],[-71.22175,-29.91402],[-71.22165,-29.91407],[-71.22145,-29.91415],[-71.22128,-29.91423],[-71.22067,-29.91451],[-71.21939,-29.91508],[-71.21849,-29.91547],[-71.21926,-29.91659],[-71.21954,-29.91698],[-71.22084,-29.91906]]]}},{"type":"Feature","id":"2","properties":{"codigo":"2","nombre":"PEDRO AGUIRRE CERDA","area":"Urbana","lon":-71.22084,"lat":-29.91131},"geometry":{"type":"Polygon","coordinates":[[[-71.22292,-29.90719],[-71.22279,-29.9072],[-71.2225,-29.90724],[-71.22233,-29.90726],[-71.22197,-29.9073],[-71.22142,-29.90736],[-71.22099,-29.90737],[-71.22065,-29.90739],[-71.2206,-29.90812],[-71.22032,-29.909],[-71.2201,-29.90967],[-71.21984,-29.91048],[-71.21967,-29.91064],[-71.21941,-29.91091],[-71.21924,-29.91107],[-71.21908,-29.91107],[-71.21867,-29.91107],[-71.21815,-29.9111],[-71.21762,-29.91115],[-71.21739,-29.91119],[-71.21736,-29.91124],[-71.21733,-29.91128],[-71.21732,-29.91134],[-71.21733,-29.91143],[-71.21731,-29.91147],[-71.21729,-29.91152],[-71.21715,-29.91162],[-71.21706,-29.91169],[-71.21699,-29.91179],[-71.21681,-29.91215],[-71.2164,-29.91247],[-71.2167,-29.91298],[-71.21674,-29.91307],[-71.21688,-29.91301],[-71.21718,-29.91291],[-71.21738,-29.9133],[-71.21769,-29.91394],[-71.21849,-29.91547],[-71.21939,-29.91508],[-71.22067,-29.91451],[-71.22128,-29.91423],[-71.22145,-29.91415],[-71.22165,-29.91407],[-71.22175,-29.91402],[-71.22181,-29.914],[-71.22192,-29.91395],[-71.2221,-29.91389],[-71.2223,-29.91385],[-71.22256,-29.9137],[-71.22271,-29.91366],[-71.22277,-29.91358],[-71.22303,-29.91345],[-71.22346,-29.91317],[-71.22387,-29.91291],[-71.2243,-29.91273],[-71.22451,-29.91265],[-71.22466,-29.91261],[-71.22476,-29.91205],[-71.22465,-29.912],[-71.22461,-29.91193],[-71.22403,-29.91048],[-71.22382,-29.90989],[-71.22395,-29.90985],[-71.22304,-29.90752],[-71.22292,-29.90719]]]}},{"type":"Feature","id":"3","properties":{"codigo":"3","nombre":"DIEGO PORTALES","area":"Urbana","lon":-71.22861,"lat":-29.90927},"geometry":{"type":"Polygon","coordinates":[[[-71.23288,-29.90814],[-71.23271,-29.90767],[-71.23272,-29.90758],[-71.23276,-29.90752],[-71.23263,-29.90758],[-71.2326,-29.90757],[-71.23243,-29.90728],[-71.23218,-29.90696],[-71.23221,-29.90668],[-71.23219,-29.90637],[-71.23219,-29.90611],[-71.23219,-29.90604],[-71.23182,-29.90618],[-71.23152,-29.90627],[-71.23141,-29.90631],[-71.23087,-29.90644],[-71.23049,-29.90657],[-71.23036,-29.90659],[-71.23029,-29.90668],[-71.22998,-29.90671],[-71.22943,-29.90681],[-71.22887,-29.90699],[-71.22833,-29.90712],[-71.22801,-29.90715],[-71.22737,-29.90711],[-71.22476,-29.90715],[-71.22419,-29.9072],[-71.22336,-29.90716],[-71.22302,-29.90717],[-71.22292,-29.90719],[-71.22304,-29.90752],[-71.22395,-29.90985],[-71.22382,-29.90989],[-71.22403,-29.91048],[-71.22461,-29.91193],[-71.22465,-29.912],[-71.22476,-29.91205],[-71.22466,-29.91261],[-71.2248,-29.91258],[-71.22497,-29.91255],[-71.22513,-29.91254],[-71.22529,-29.91253],[-71.22545,-29.91252],[-71.22552,-29.91251],[-71.2257,-29.91252],[-71.22581,-29.91253],[-71.22597,-29.91252],[-71.22614,-29.91252],[-71.22627,-29.9125],[-71.22649,-29.91249],[-71.22672,-29.9125],[-71.22701,-29.91251],[-71.22732,-29.91248],[-71.22758,-29.91243],[-71.22773,-29.91237],[-71.22793,-29.91227],[-71.2281,-29.91218],[-71.22831,-29.91205],[-71.22854,-29.91182],[-71.22873,-29.91165],[-71.22892,-29.91155],[-71.2291,-29.91148],[-71.22923,-29.91148],[-71.22952,-29.91136],[-71.22963,-29.91129],[-71.22975,-29.91122],[-71.23004,-29.91101],[-71.23016,-29.91087],[-71.23034,-29.91073],[-71.23052,-29.91058],[-71.23059,-29.91052],[-71.23068,-29.91047],[-71.23087,-29.91039],[-71.23167,-29.91004],[-71.23232,-29.90978],[-71.23296,-29.90948],[-71.23321,-29.90936],[-71.23379,-29.90918],[-71.2342,-29.90906],[-71.23483,-29.90893],[-71.23526,-29.90887],[-71.23536,-29.90885],[-71.23613,-29.90879],[-71.2366,-29.90877],[-71.23683,-29.90871],[-71.23708,-29.90862],[-71.23768,-29.90833],[-71.23783,-29.90825],[-71.23812,-29.90812],[-71.23838,-29.90803],[-71.23861,-29.90797],[-71.23861,-29.90795],[-71.23833,-29.90801],[-71.23812,-29.90808],[-71.23797,-29.90813],[-71.23763,-29.90826],[-71.23743,-29.90832],[-71.23716,-29.90842],[-71.23702,-29.90844],[-71.23687,-29.90845],[-71.23673,-29.90845],[-71.2358,-29.90847],[-71.23496,-29.90847],[-71.23413,-29.90849],[-71.2332,-29.90828],[-71.23299,-29.90825],[-71.23279,-29.90827],[-71.23282,-29.9082],[-71.23288,-29.90814]]]}},{"type":"Feature","id":"4","properties":{"codigo":"4","nombre":"ALFALFARES","area":"Urbana","lon":-71.23307,"lat":-29.90017},"geometry":{"type":"Polygon","coordinates":[[[-71.24486,-29.90182],[-71.24543,-29.90181],[-71.24555,-29.90172],[-71.24506,-29.90018],[-71.24486,-29.89954],[-71.24472,-29.89904],[-71.24457,-29.89849],[-71.24437,-29.89795],[-71.24436,-29.89786],[-71.2443,-29.89769],[-71.2442,-29.89738],[-71.24319,-29.89736],[-71.24263,-29.89729],[-71.24248,-29.89727],[-71.24146,-29.89706],[-71.24132,-29.89703],[-71.24068,-29.89687],[-71.23966,-29.89647],[-71.23864,-29.89596],[-71.23738,-29.89601],[-71.23656,-29.89573],[-71.23611,-29.89559],[-71.23539,-29.89536],[-71.23527,-29.89533],[-71.23427,-29.89513],[-71.23349,-29.89497],[-71.23274,-29.8948],[-71.2324,-29.89473],[-71.23163,-29.89456],[-71.23113,-29.89463],[-71.23041,-29.89465],[-71.22929,-29.89443],[-71.22871,-29.89424],[-71.22802,-29.89388],[-71.22768,-29.89371],[-71.22713,-29.8934],[-71.22657,-29.89306],[-71.22617,-29.89284],[-71.22561,-29.89274],[-71.22535,-29.89297],[-71.22493,-29.89335],[-71.22471,-29.89399],[-71.22427,-29.89407],[-71.22357,-29.89418],[-71.22291,-29.8937],[-71.22195,-29.89343],[-71.22101,-29.89379],[-71.21975,-29.8948],[-71.21808,-29.89508],[-71.21715,-29.89523],[-71.21659,-29.89564],[-71.21639,-29.89575],[-71.21657,-29.89592],[-71.21835,-29.89749],[-71.21943,-29.89844],[-71.21988,-29.89884],[-71.22075,-29.89961],[-71.22088,-29.89971],[-71.22102,-29.89993],[-71.22108,-29.90015],[-71.22111,-29.90043],[-71.22099,-29.90215],[-71.22087,-29.9041],[-71.22073,-29.90619],[-71.22067,-29.90712],[-71.22065,-29.90739],[-71.22099,-29.90737],[-71.22142,-29.90736],[-71.22197,-29.9073],[-71.22233,-29.90726],[-71.2225,-29.90724],[-71.22279,-29.9072],[-71.22292,-29.90719],[-71.22302,-29.90717],[-71.22336,-29.90716],[-71.22419,-29.9072],[-71.22476,-29.90715],[-71.22737,-29.90711],[-71.22801,-29.90715],[-71.22833,-29.90712],[-71.22887,-29.90699],[-71.22943,-29.90681],[-71.22998,-29.90671],[-71.23029,-29.90668],[-71.23036,-29.90659],[-71.23049,-29.90657],[-71.23087,-29.90644],[-71.23141,-29.90631],[-71.23152,-29.90627],[-71.23182,-29.90618],[-71.23219,-29.90604],[-71.23219,-29.90611],[-71.23219,-29.90637],[-71.23221,-29.90668],[-71.23218,-29.90696],[-71.23243,-29.90728],[-71.2326,-29.90757],[-71.23263,-29.90758],[-71.23276,-29.90752],[-71.23292,-29.90744],[-71.23329,-29.90729],[-71.23355,-29.90719],[-71.23397,-29.90704],[-71.23422,-29.90692],[-71.23429,-29.90683],[-71.23422,-29.90678],[-71.23401,-29.90675],[-71.2338,-29.90676],[-71.23364,-29.90677],[-71.23344,-29.90677],[-71.23331,-29.90667],[-71.23335,-29.90654],[-71.23365,-29.90644],[-71.23396,-29.90634],[-71.23402,-29.90632],[-71.23487,-29.90576],[-71.23502,-29.90566],[-71.23531,-29.90547],[-71.23614,-29.90495],[-71.2367,-29.9046],[-71.23709,-29.90436],[-71.23725,-29.90426],[-71.23779,-29.90402],[-71.23837,-29.90379],[-71.23875,-29.90371],[-71.23929,-29.90369],[-71.24007,-29.90371],[-71.2408,-29.90357],[-71.24098,-29.90349],[-71.24112,-29.90335],[-71.24108,-29.90264],[-71.24106,-29.90215],[-71.24486,-29.90182]]]}},{"type":"Feature","id":"5","properties":{"codigo":"5","nombre":"GABRIELA MISTRAL","area":"Urbana","lon":-71.24166,"lat":-29.90507},"geometry":{"type":"Polygon","coordinates":[[[-71.24741,-29.90636],[-71.24752,-29.90597],[-71.24739,-29.90519],[-71.24728,-29.90462],[-71.24722,-29.90435],[-71.24626,-29.90311],[-71.24569,-29.90299],[-71.24486,-29.90182],[-71.24106,-29.90215],[-71.24108,-29.90264],[-71.24112,-29.90335],[-71.24098,-29.90349],[-71.2408,-29.90357],[-71.24007,-29.90371],[-71.23929,-29.90369],[-71.23875,-29.90371],[-71.23837,-29.90379],[-71.23779,-29.90402],[-71.23725,-29.90426],[-71.23709,-29.90436],[-71.2367,-29.9046],[-71.23614,-29.90495],[-71.23531,-29.90547],[-71.23502,-29.90566],[-71.23487,-29.90576],[-71.23402,-29.90632],[-71.23396,-29.90634],[-71.23365,-29.90644],[-71.23335,-29.90654],[-71.23331,-29.90667],[-71.23344,-29.90677],[-71.23364,-29.90677],[-71.2338,-29.90676],[-71.23401,-29.90675],[-71.23422,-29.90678],[-71.23429,-29.90683],[-71.23422,-29.90692],[-71.23397,-29.90704],[-71.23355,-29.90719],[-71.23329,-29.90729],[-71.23292,-29.90744],[-71.23276,-29.90752],[-71.23272,-29.90758],[-71.23271,-29.90767],[-71.23288,-29.90814],[-71.23309,-29.90808],[-71.23371,-29.90792],[-71.23419,-29.90781],[-71.23917,-29.90729],[-71.23966,-29.90724],[-71.24359,-29.90683],[-71.24366,-29.90683],[-71.2439,-29.9068],[-71.24577,-29.90656],[-71.24741,-29.90636]]]}},{"type":"Feature","id":"6","properties":{"codigo":"6","nombre":"GABRIEL GONZALEZ VIDELA","area":"Urbana","lon":-71.25101,"lat":-29.90095},"geometry":{"type":"Polygon","coordinates":[[[-71.24609,-29.89781],[-71.2453,-29.89767],[-71.2448,-29.89768],[-71.2443,-29.89769],[-71.24436,-29.89786],[-71.24437,-29.89795],[-71.24457,-29.89849],[-71.24472,-29.89904],[-71.24486,-29.89954],[-71.24506,-29.90018],[-71.24555,-29.90172],[-71.24543,-29.90181],[-71.24486,-29.90182],[-71.24569,-29.90299],[-71.24626,-29.90311],[-71.24722,-29.90435],[-71.24728,-29.90462],[-71.24739,-29.90519],[-71.24752,-29.90597],[-71.24741,-29.90636],[-71.24986,-29.90599],[-71.25005,-29.90597],[-71.25741,-29.90588],[-71.25703,-29.90465],[-71.25652,-29.89869],[-71.25608,-29.89819],[-71.25492,-29.89731],[-71.25465,-29.89711],[-71.25312,-29.896],[-71.25311,-29.89606],[-71.25312,-29.89612],[-71.25292,-29.8962],[-71.25279,-29.89625],[-71.25218,-29.89644],[-71.25183,-29.89652],[-71.25129,-29.89651],[-71.25094,-29.89672],[-71.24988,-29.89705],[-71.24906,-29.89726],[-71.24828,-29.89734],[-71.24771,-29.89742],[-71.24711,-29.8975],[-71.24678,-29.89754],[-71.24633,-29.89772],[-71.24619,-29.89776],[-71.24609,-29.89781]]]}},{"type":"Feature","id":"7","properties":{"codigo":"7","nombre":"FRANCISCO DE AGUIRRE","area":"Urbana","lon":-71.24986,"lat":-29.90815},"geometry":{"type":"Polygon","coordinates":[[[-71.25,-29.90992],[-71.25226,-29.90993],[-71.25405,-29.90996],[-71.25909,-29.90992],[-71.25741,-29.90588],[-71.25005,-29.90597],[-71.24986,-29.90599],[-71.24741,-29.90636],[-71.24577,-29.90656],[-71.2439,-29.9068],[-71.24366,-29.90683],[-71.24359,-29.90683],[-71.24369,-29.90713],[-71.24375,-29.90731],[-71.2437,-29.90735],[-71.24363,-29.90717],[-71.24322,-29.90708],[-71.24286,-29.90712],[-71.24279,-29.90714],[-71.24085,-29.90767],[-71.24118,-29.90792],[-71.24157,-29.90838],[-71.24197,-29.90878],[-71.24265,-29.90907],[-71.24303,-29.90965],[-71.24307,-29.90971],[-71.24326,-29.91014],[-71.24329,-29.91026],[-71.24339,-29.91033],[-71.24342,-29.91042],[-71.24428,-29.91023],[-71.24855,-29.90988],[-71.2498,-29.90992],[-71.25,-29.90992]]]}},{"type":"Feature","id":"8","properties":{"codigo":"8","nombre":"EL PINO","area":"Urbana","lon":-71.24757,"lat":-29.91339},"geometry":{"type":"Polygon","coordinates":[[[-71.25225,-29.91511],[-71.2507,-29.91234],[-71.25,-29.91027],[-71.25,-29.90992],[-71.2498,-29.90992],[-71.24855,-29.90988],[-71.24428,-29.91023],[-71.24342,-29.91042],[-71.24353,-29.91068],[-71.24356,-29.91097],[-71.24363,-29.91121],[-71.24366,-29.91127],[-71.24394,-29.91444],[-71.24395,-29.91453],[-71.24408,-29.91493],[-71.24419,-29.91558],[-71.24435,-29.91653],[-71.24677,-29.9158],[-71.24983,-29.91585],[-71.25225,-29.91511]]]}},{"type":"Feature","id":"9","properties":{"codigo":"9","nombre":"LA PORTADA","area":"Urbana","lon":-71.25686,"lat":-29.91519},"geometry":{"type":"Polygon","coordinates":[[[-71.25,-29.90992],[-71.25,-29.91027],[-71.2507,-29.91234],[-71.25225,-29.91511],[-71.25235,-29.91527],[-71.25262,-29.91582],[-71.255,-29.9205],[-71.25802,-29.9196],[-71.25946,-29.91917],[-71.26024,-29.9186],[-71.26296,-29.91802],[-71.2632,-29.918],[-71.26273,-29.91745],[-71.26251,-29.91719],[-71.26241,-29.91702],[-71.26234,-29.91692],[-71.26201,-29.91636],[-71.26168,-29.91576],[-71.2613,-29.91492],[-71.26024,-29.9125],[-71.26017,-29.91229],[-71.25928,-29.9104],[-71.25909,-29.90992],[-71.25405,-29.90996],[-71.25226,-29.90993],[-71.25,-29.90992]]]}},{"type":"Feature","id":"10","properties":{"codigo":"10","nombre":"JUAN BOHON","area":"Urbana","lon":-71.26583,"lat":-29.90237},"geometry":{"type":"Polygon","coordinates":[[[-71.25909,-29.90992],[-71.25922,-29.9099],[-71.25934,-29.9099],[-71.25965,-29.90991],[-71.26023,-29.90992],[-71.26088,-29.90994],[-71.26159,-29.90993],[-71.26225,-29.90991],[-71.26237,-29.90991],[-71.26249,-29.90991],[-71.26259,-29.90993],[-71.26268,-29.90994],[-71.26313,-29.90994],[-71.26372,-29.90994],[-71.26455,-29.90992],[-71.26498,-29.90991],[-71.2653,-29.90992],[-71.26571,-29.90989],[-71.26608,-29.90988],[-71.26658,-29.90987],[-71.26705,-29.90986],[-71.2677,-29.90985],[-71.26823,-29.90985],[-71.26885,-29.90984],[-71.26943,-29.90984],[-71.26998,-29.90985],[-71.27047,-29.90985],[-71.271,-29.90986],[-71.27165,-29.90985],[-71.27237,-29.90986],[-71.27286,-29.90986],[-71.27347,-29.90988],[-71.27399,-29.90988],[-71.27447,-29.90987],[-71.27566,-29.90986],[-71.27458,-29.9001],[-71.27463,-29.8972],[-71.27414,-29.89607],[-71.27436,-29.89503],[-71.27304,-29.89482],[-71.2725,-29.89477],[-71.27224,-29.89464],[-71.27135,-29.89454],[-71.27033,-29.89414],[-71.26943,-29.89388],[-71.26867,-29.89384],[-71.26805,-29.89409],[-71.2671,-29.89448],[-71.26523,-29.89447],[-71.26489,-29.89445],[-71.26396,-29.89444],[-71.26265,-29.89441],[-71.26257,-29.8944],[-71.26173,-29.89443],[-71.26033,-29.89444],[-71.25951,-29.89447],[-71.25802,-29.89447],[-71.25729,-29.89459],[-71.25618,-29.89495],[-71.25543,-29.89519],[-71.254,-29.89566],[-71.25366,-29.89577],[-71.25312,-29.896],[-71.25465,-29.89711],[-71.25492,-29.89731],[-71.25608,-29.89819],[-71.25652,-29.89869],[-71.25703,-29.90465],[-71.25741,-29.90588],[-71.25909,-29.90992]]]}},{"type":"Feature","id":"11","properties":{"codigo":"11","nombre":"JOSE MANUEL BALMACEDA","area":"Urbana","lon":-71.24996,"lat":-29.91962},"geometry":{"type":"Polygon","coordinates":[[[-71.24751,-29.92484],[-71.24839,-29.92409],[-71.24984,-29.92309],[-71.25064,-29.92264],[-71.25216,-29.92177],[-71.25229,-29.9217],[-71.2529,-29.92143],[-71.255,-29.9205],[-71.25262,-29.91582],[-71.25235,-29.91527],[-71.25225,-29.91511],[-71.24983,-29.91585],[-71.24677,-29.9158],[-71.24435,-29.91653],[-71.24482,-29.91881],[-71.2452,-29.91924],[-71.24556,-29.91999],[-71.24577,-29.9205],[-71.24653,-29.92232],[-71.24751,-29.92484]]]}},{"type":"Feature","id":"12","properties":{"codigo":"12","nombre":"CHACRA JULIETA","area":"Urbana","lon":-71.25253,"lat":-29.92542},"geometry":{"type":"Polygon","coordinates":[[[-71.24751,-29.92484],[-71.24864,-29.92769],[-71.24871,-29.92782],[-71.24941,-29.92927],[-71.24965,-29.92974],[-71.25012,-29.93058],[-71.25092,-29.93022],[-71.25086,-29.93008],[-71.25084,-29.93003],[-71.25197,-29.92971],[-71.25245,-29.92957],[-71.2527,-29.9295],[-71.25382,-29.92922],[-71.2546,-29.92902],[-71.25438,-29.92786],[-71.25792,-29.92666],[-71.2574,-29.92559],[-71.25725,-29.92525],[-71.25636,-29.92341],[-71.255,-29.9205],[-71.2529,-29.92143],[-71.25229,-29.9217],[-71.25216,-29.92177],[-71.25064,-29.92264],[-71.24984,-29.92309],[-71.24839,-29.92409],[-71.24751,-29.92484]]]}},{"type":"Feature","id":"13","properties":{"codigo":"13","nombre":"ESPAÑA","area":"Urbana","lon":-71.25645,"lat":-29.9322},"geometry":{"type":"Polygon","coordinates":[[[-71.25393,-29.93785],[-71.25601,-29.93707],[-71.25771,-29.93653],[-71.25754,-29.93606],[-71.26046,-29.93518],[-71.25997,-29.93374],[-71.25979,-29.93327],[-71.25967,-29.93286],[-71.25957,-29.93252],[-71.25792,-29.92666],[-71.25438,-29.92786],[-71.2546,-29.92902],[-71.25382,-29.92922],[-71.2527,-29.9295],[-71.25245,-29.92957],[-71.25197,-29.92971],[-71.25231,-29.92983],[-71.25316,-29.93163],[-71.25327,-29.93189],[-71.25369,-29.93282],[-71.25408,-29.93302],[-71.25503,-29.93509],[-71.25414,-29.93564],[-71.25302,-29.93634],[-71.25393,-29.93785]]]}},{"type":"Feature","id":"14","properties":{"codigo":"14","nombre":"VISTA HERMOSA","area":"Urbana","lon":-71.25196,"lat":-29.93363},"geometry":{"type":"Polygon","coordinates":[[[-71.25302,-29.93634],[-71.25414,-29.93564],[-71.25503,-29.93509],[-71.25408,-29.93302],[-71.25369,-29.93282],[-71.25327,-29.93189],[-71.25316,-29.93163],[-71.25231,-29.92983],[-71.25197,-29.92971],[-71.25084,-29.93003],[-71.25086,-29.93008],[-71.25092,-29.93022],[-71.25012,-29.93058],[-71.24965,-29.92974],[-71.24941,-29.92927],[-71.24752,-29.92997],[-71.24884,-29.93233],[-71.24991,-29.93424],[-71.25016,-29.93462],[-71.25056,-29.93524],[-71.25075,-29.93554],[-71.25108,-29.93602],[-71.25133,-29.93638],[-71.25152,-29.93677],[-71.25163,-29.93693],[-71.25177,-29.93705],[-71.25202,-29.93694],[-71.25226,-29.93679],[-71.25253,-29.93663],[-71.25302,-29.93634]]]}},{"type":"Feature","id":"15","properties":{"codigo":"15","nombre":"VICTOR DOMINGO SILVA","area":"Urbana","lon":-71.25901,"lat":-29.92622},"geometry":{"type":"Polygon","coordinates":[[[-71.255,-29.9205],[-71.25636,-29.92341],[-71.25725,-29.92525],[-71.2574,-29.92559],[-71.25792,-29.92666],[-71.25957,-29.93252],[-71.25967,-29.93286],[-71.26042,-29.93267],[-71.26251,-29.93213],[-71.26283,-29.93208],[-71.26137,-29.92903],[-71.26106,-29.92836],[-71.26079,-29.92745],[-71.26015,-29.92578],[-71.26009,-29.92563],[-71.25933,-29.9234],[-71.25929,-29.92326],[-71.25902,-29.92206],[-71.25898,-29.92195],[-71.25841,-29.92045],[-71.25805,-29.91968],[-71.25802,-29.9196],[-71.255,-29.9205]]]}},{"type":"Feature","id":"16","properties":{"codigo":"16","nombre":"JOSÉ MIGUEL CARRERA","area":"Urbana","lon":-71.26296,"lat":-29.94187},"geometry":{"type":"Polygon","coordinates":[[[-71.2637,-29.95125],[-71.26591,-29.95171],[-71.26775,-29.94984],[-71.26845,-29.94952],[-71.27639,-29.9493],[-71.27633,-29.94898],[-71.27548,-29.94814],[-71.27416,-29.94689],[-71.2731,-29.94593],[-71.27271,-29.94536],[-71.27198,-29.94435],[-71.27161,-29.94395],[-71.27118,-29.94357],[-71.27094,-29.94333],[-71.2706,-29.94305],[-71.27037,-29.94288],[-71.26904,-29.94203],[-71.26802,-29.94087],[-71.26792,-29.94048],[-71.26648,-29.93864],[-71.26554,-29.93686],[-71.26468,-29.93527],[-71.26283,-29.93208],[-71.26251,-29.93213],[-71.26042,-29.93267],[-71.25967,-29.93286],[-71.25979,-29.93327],[-71.25997,-29.93374],[-71.26046,-29.93518],[-71.25754,-29.93606],[-71.25771,-29.93653],[-71.25601,-29.93707],[-71.25393,-29.93785],[-71.25432,-29.93852],[-71.25452,-29.93884],[-71.25553,-29.94051],[-71.25698,-29.94181],[-71.25707,-29.94194],[-71.25858,-29.94395],[-71.25874,-29.94415],[-71.259,-29.94452],[-71.26069,-29.94688],[-71.26064,-29.94741],[-71.26206,-29.94966],[-71.26256,-29.95042],[-71.26259,-29.95079],[-71.26307,-29.95119],[-71.26349,-29.9512],[-71.2637,-29.95125]]]}},{"type":"Feature","id":"17","properties":{"codigo":"17","nombre":"LIBERTADOR BERNARDO  O'HIGGINS","area":"Urbana","lon":-71.24846,"lat":-29.88791},"geometry":{"type":"Polygon","coordinates":[[[-71.24616,-29.87991],[-71.24603,-29.88004],[-71.24586,-29.88016],[-71.24497,-29.8805],[-71.2441,-29.88074],[-71.24361,-29.881],[-71.24279,-29.88139],[-71.24131,-29.88212],[-71.24352,-29.89086],[-71.2449,-29.8923],[-71.24609,-29.89781],[-71.24619,-29.89776],[-71.24633,-29.89772],[-71.24678,-29.89754],[-71.24711,-29.8975],[-71.24771,-29.89742],[-71.24828,-29.89734],[-71.24906,-29.89726],[-71.24988,-29.89705],[-71.25094,-29.89672],[-71.25129,-29.89651],[-71.25183,-29.89652],[-71.25218,-29.89644],[-71.25279,-29.89625],[-71.25292,-29.8962],[-71.25312,-29.89612],[-71.25311,-29.89606],[-71.25312,-29.896],[-71.25366,-29.89577],[-71.254,-29.89566],[-71.25371,-29.89521],[-71.25343,-29.89473],[-71.25329,-29.89451],[-71.25318,-29.89434],[-71.25311,-29.89416],[-71.25302,-29.89394],[-71.25297,-29.89377],[-71.2529,-29.89334],[-71.25289,-29.89313],[-71.2529,-29.89283],[-71.25298,-29.89252],[-71.25307,-29.89218],[-71.25316,-29.89183],[-71.2533,-29.89122],[-71.25343,-29.89054],[-71.25367,-29.8898],[-71.25387,-29.88897],[-71.25404,-29.8883],[-71.25424,-29.88753],[-71.25454,-29.88628],[-71.25476,-29.88538],[-71.255,-29.88445],[-71.25513,-29.88392],[-71.25526,-29.88343],[-71.25532,-29.88318],[-71.25547,-29.8826],[-71.25558,-29.88215],[-71.25563,-29.88191],[-71.25571,-29.88155],[-71.25575,-29.8813],[-71.25578,-29.88099],[-71.25579,-29.88079],[-71.25579,-29.88056],[-71.25579,-29.88036],[-71.25577,-29.88008],[-71.25575,-29.87987],[-71.25573,-29.87961],[-71.2557,-29.87937],[-71.25567,-29.87907],[-71.25563,-29.87872],[-71.25559,-29.87832],[-71.25552,-29.87769],[-71.25549,-29.87741],[-71.25448,-29.87748],[-71.25446,-29.87757],[-71.25419,-29.87798],[-71.25343,-29.87811],[-71.25314,-29.87841],[-71.25276,-29.87863],[-71.25236,-29.87886],[-71.25156,-29.87907],[-71.25125,-29.87925],[-71.25052,-29.87947],[-71.24987,-29.87945],[-71.24949,-29.87939],[-71.24891,-29.87947],[-71.24852,-29.87951],[-71.24631,-29.88018],[-71.24616,-29.87991]]]}},{"type":"Feature","id":"18","properties":{"codigo":"18","nombre":"LUIS CRUZ MARTINEZ","area":"Urbana","lon":-71.2505,"lat":-29.87531},"geometry":{"type":"Polygon","coordinates":[[[-71.24535,-29.87169],[-71.24585,-29.87653],[-71.24616,-29.87991],[-71.24631,-29.88018],[-71.24852,-29.87951],[-71.24891,-29.87947],[-71.24949,-29.87939],[-71.24987,-29.87945],[-71.25052,-29.87947],[-71.25125,-29.87925],[-71.25156,-29.87907],[-71.25236,-29.87886],[-71.25276,-29.87863],[-71.25314,-29.87841],[-71.25343,-29.87811],[-71.25419,-29.87798],[-71.25446,-29.87757],[-71.25448,-29.87748],[-71.25549,-29.87741],[-71.25546,-29.87712],[-71.2554,-29.87654],[-71.25535,-29.87607],[-71.2553,-29.87556],[-71.25524,-29.87506],[-71.25517,-29.87432],[-71.25511,-29.87382],[-71.25504,-29.87311],[-71.255,-29.87267],[-71.25495,-29.87231],[-71.25489,-29.87174],[-71.25487,-29.8715],[-71.25482,-29.87108],[-71.2548,-29.8708],[-71.25368,-29.87093],[-71.25321,-29.8707],[-71.25277,-29.87062],[-71.25206,-29.87081],[-71.25121,-29.87104],[-71.25055,-29.87125],[-71.24535,-29.87169]]]}},{"type":"Feature","id":"19","properties":{"codigo":"19","nombre":"ARTURO PRAT CHACON","area":"Urbana","lon":-71.24312,"lat":-29.87744},"geometry":{"type":"Polygon","coordinates":[[[-71.24279,-29.88139],[-71.24361,-29.881],[-71.2441,-29.88074],[-71.24497,-29.8805],[-71.24586,-29.88016],[-71.24603,-29.88004],[-71.24616,-29.87991],[-71.24585,-29.87653],[-71.24535,-29.87169],[-71.24219,-29.87193],[-71.23934,-29.87217],[-71.24047,-29.87837],[-71.24075,-29.87835],[-71.24279,-29.88139]]]}},{"type":"Feature","id":"20","properties":{"codigo":"20","nombre":"11 DE SEPTIEMBRE","area":"Urbana","lon":-71.23791,"lat":-29.878},"geometry":{"type":"Polygon","coordinates":[[[-71.24131,-29.88212],[-71.24279,-29.88139],[-71.24075,-29.87835],[-71.24047,-29.87837],[-71.23934,-29.87217],[-71.23828,-29.87223],[-71.23669,-29.87233],[-71.23394,-29.87256],[-71.23485,-29.87528],[-71.23495,-29.87559],[-71.23539,-29.87765],[-71.23547,-29.87848],[-71.23544,-29.87853],[-71.23697,-29.8834],[-71.24131,-29.88212]]]}},{"type":"Feature","id":"21","properties":{"codigo":"21","nombre":"SANTA ISABEL","area":"Urbana","lon":-71.23304,"lat":-29.87805},"geometry":{"type":"Polygon","coordinates":[[[-71.22454,-29.88099],[-71.23068,-29.8835],[-71.23082,-29.88379],[-71.23162,-29.884],[-71.2324,-29.88413],[-71.23257,-29.88416],[-71.23314,-29.88425],[-71.23497,-29.88384],[-71.23697,-29.8834],[-71.23544,-29.87853],[-71.23547,-29.87848],[-71.23539,-29.87765],[-71.23495,-29.87559],[-71.23485,-29.87528],[-71.23394,-29.87256],[-71.23187,-29.87272],[-71.23027,-29.87629],[-71.23073,-29.87846],[-71.22936,-29.87907],[-71.22928,-29.8791],[-71.22734,-29.87996],[-71.22712,-29.88003],[-71.22685,-29.88011],[-71.22656,-29.88022],[-71.22614,-29.88037],[-71.22543,-29.88065],[-71.22454,-29.88099]]]}},{"type":"Feature","id":"22","properties":{"codigo":"22","nombre":"EL TOFO","area":"Urbana","lon":-71.21302,"lat":-29.88541},"geometry":{"type":"Polygon","coordinates":[[[-71.22454,-29.88099],[-71.22446,-29.881],[-71.22426,-29.88099],[-71.22414,-29.88095],[-71.22401,-29.88087],[-71.224,-29.88087],[-71.22399,-29.88086],[-71.22398,-29.88084],[-71.22386,-29.88068],[-71.22385,-29.88065],[-71.22384,-29.88063],[-71.22367,-29.88027],[-71.22367,-29.88026],[-71.22366,-29.88024],[-71.22352,-29.87974],[-71.22352,-29.87972],[-71.22345,-29.87961],[-71.22344,-29.8796],[-71.22324,-29.87949],[-71.22323,-29.8795],[-71.22318,-29.87955],[-71.22316,-29.87969],[-71.22321,-29.8808],[-71.22322,-29.88081],[-71.22323,-29.88096],[-71.22323,-29.88097],[-71.22324,-29.88098],[-71.22334,-29.88106],[-71.22335,-29.88106],[-71.22336,-29.88106],[-71.22344,-29.88109],[-71.22344,-29.8811],[-71.22345,-29.88111],[-71.22346,-29.88122],[-71.22346,-29.88124],[-71.22346,-29.88125],[-71.22339,-29.88143],[-71.22338,-29.88144],[-71.22337,-29.88145],[-71.22336,-29.88146],[-71.22335,-29.88148],[-71.22319,-29.88161],[-71.22317,-29.88162],[-71.22315,-29.88163],[-71.22291,-29.88171],[-71.22289,-29.88172],[-71.22288,-29.88172],[-71.22258,-29.88177],[-71.22256,-29.88177],[-71.22255,-29.88176],[-71.22241,-29.88171],[-71.22239,-29.8817],[-71.22237,-29.88169],[-71.22227,-29.88159],[-71.22226,-29.88157],[-71.2222,-29.88147],[-71.22219,-29.88146],[-71.22202,-29.88123],[-71.22202,-29.88122],[-71.22196,-29.88113],[-71.22193,-29.88106],[-71.22192,-29.88105],[-71.22172,-29.88095],[-71.22171,-29.88095],[-71.22169,-29.88093],[-71.22145,-29.88075],[-71.22144,-29.88074],[-71.22115,-29.88034],[-71.22073,-29.87992],[-71.22072,-29.87991],[-71.22071,-29.8799],[-71.22069,-29.87989],[-71.22068,-29.87988],[-71.22052,-29.8797],[-71.2205,-29.87968],[-71.22048,-29.87966],[-71.22046,-29.87965],[-71.22027,-29.8795],[-71.22025,-29.87949],[-71.22022,-29.87946],[-71.22019,-29.87944],[-71.22017,-29.87942],[-71.22005,-29.87933],[-71.22003,-29.87931],[-71.22001,-29.8793],[-71.22,-29.87928],[-71.21983,-29.8792],[-71.2198,-29.87918],[-71.2196,-29.87911],[-71.21934,-29.87895],[-71.21914,-29.87887],[-71.21912,-29.87886],[-71.2189,-29.87875],[-71.21889,-29.87875],[-71.21886,-29.87874],[-71.21877,-29.87868],[-71.21877,-29.87867],[-71.21877,-29.87866],[-71.21864,-29.87855],[-71.21851,-29.87852],[-71.21828,-29.87855],[-71.21813,-29.87842],[-71.21799,-29.87845],[-71.21797,-29.87829],[-71.21797,-29.87816],[-71.21783,-29.87799],[-71.21765,-29.87797],[-71.21766,-29.87806],[-71.21781,-29.87822],[-71.21782,-29.87834],[-71.21782,-29.8785],[-71.21782,-29.87856],[-71.21789,-29.87877],[-71.21821,-29.87905],[-71.21834,-29.87906],[-71.21835,-29.87906],[-71.21845,-29.87903],[-71.21846,-29.87903],[-71.21847,-29.87902],[-71.21848,-29.87901],[-71.21861,-29.87906],[-71.21862,-29.87907],[-71.21878,-29.87927],[-71.21878,-29.87928],[-71.21879,-29.8793],[-71.2188,-29.87931],[-71.21887,-29.87942],[-71.21887,-29.87943],[-71.21889,-29.87944],[-71.21902,-29.87953],[-71.21904,-29.87955],[-71.21906,-29.87956],[-71.21921,-29.87966],[-71.21922,-29.87966],[-71.2193,-29.87984],[-71.2193,-29.87985],[-71.2193,-29.87986],[-71.2193,-29.87987],[-71.21927,-29.87995],[-71.21926,-29.87996],[-71.21905,-29.88007],[-71.21904,-29.88007],[-71.21883,-29.88014],[-71.2188,-29.88014],[-71.21834,-29.88027],[-71.21833,-29.88027],[-71.2183,-29.88028],[-71.21788,-29.8804],[-71.21787,-29.88041],[-71.21747,-29.88052],[-71.21744,-29.88054],[-71.21729,-29.8806],[-71.2171,-29.88068],[-71.21708,-29.88069],[-71.21705,-29.8807],[-71.21701,-29.88072],[-71.21681,-29.88081],[-71.21679,-29.88083],[-71.21676,-29.88084],[-71.21664,-29.88095],[-71.21662,-29.88097],[-71.2166,-29.88099],[-71.21647,-29.88112],[-71.21648,-29.88112],[-71.21647,-29.88114],[-71.21645,-29.88117],[-71.21644,-29.88126],[-71.21645,-29.88127],[-71.21647,-29.88129],[-71.21649,-29.88131],[-71.21666,-29.88138],[-71.2167,-29.88138],[-71.21701,-29.88136],[-71.21703,-29.88136],[-71.21707,-29.88136],[-71.21712,-29.88135],[-71.21742,-29.88129],[-71.21744,-29.88128],[-71.21748,-29.88127],[-71.21808,-29.88112],[-71.21809,-29.88112],[-71.21814,-29.8811],[-71.21852,-29.88099],[-71.21854,-29.88099],[-71.21857,-29.88098],[-71.21878,-29.88096],[-71.21879,-29.88096],[-71.21881,-29.88095],[-71.21883,-29.88095],[-71.21886,-29.88095],[-71.21903,-29.88094],[-71.21905,-29.88094],[-71.21931,-29.88089],[-71.21932,-29.88089],[-71.21935,-29.88089],[-71.21938,-29.88088],[-71.21973,-29.88079],[-71.22002,-29.88071],[-71.2202,-29.88074],[-71.22036,-29.88082],[-71.22037,-29.88082],[-71.22046,-29.88094],[-71.2205,-29.88113],[-71.22041,-29.8813],[-71.22041,-29.88131],[-71.2204,-29.88132],[-71.22033,-29.88143],[-71.22032,-29.88144],[-71.22032,-29.88147],[-71.22031,-29.88147],[-71.22031,-29.88149],[-71.22031,-29.8815],[-71.22031,-29.88158],[-71.22031,-29.88159],[-71.22026,-29.88175],[-71.22026,-29.88176],[-71.22025,-29.88177],[-71.22018,-29.88192],[-71.22017,-29.88193],[-71.22017,-29.88194],[-71.22016,-29.88195],[-71.22008,-29.88201],[-71.22007,-29.88202],[-71.22006,-29.88202],[-71.22005,-29.88203],[-71.21987,-29.88214],[-71.21986,-29.88215],[-71.21985,-29.88216],[-71.21964,-29.88226],[-71.21887,-29.88256],[-71.21867,-29.88261],[-71.21866,-29.88261],[-71.21761,-29.88285],[-71.21729,-29.88296],[-71.21728,-29.88296],[-71.21727,-29.88297],[-71.21715,-29.88303],[-71.21714,-29.88304],[-71.2171,-29.88309],[-71.21709,-29.8831],[-71.21708,-29.88318],[-71.21707,-29.88319],[-71.21706,-29.88324],[-71.21706,-29.88325],[-71.21699,-29.88332],[-71.21698,-29.88332],[-71.21697,-29.88334],[-71.21687,-29.88339],[-71.21686,-29.8834],[-71.21685,-29.8834],[-71.21641,-29.88353],[-71.2164,-29.88353],[-71.21638,-29.88353],[-71.21637,-29.88354],[-71.21635,-29.88354],[-71.21609,-29.8836],[-71.21607,-29.88361],[-71.21606,-29.88361],[-71.21604,-29.88362],[-71.21579,-29.88368],[-71.21577,-29.88368],[-71.21576,-29.88369],[-71.21574,-29.88369],[-71.21558,-29.88372],[-71.21556,-29.88373],[-71.21554,-29.88373],[-71.21553,-29.88373],[-71.21538,-29.88378],[-71.21537,-29.88379],[-71.21536,-29.88379],[-71.21534,-29.8838],[-71.21533,-29.88381],[-71.2152,-29.88388],[-71.21498,-29.88394],[-71.2149,-29.88394],[-71.21481,-29.88384],[-71.21473,-29.8837],[-71.21473,-29.88369],[-71.21473,-29.88368],[-71.21469,-29.88364],[-71.2146,-29.88362],[-71.2144,-29.88361],[-71.21439,-29.8836],[-71.2142,-29.88361],[-71.21419,-29.88361],[-71.21401,-29.88365],[-71.214,-29.88366],[-71.21399,-29.88366],[-71.2139,-29.88374],[-71.21387,-29.88383],[-71.2139,-29.88387],[-71.21391,-29.88394],[-71.21391,-29.88408],[-71.21397,-29.88435],[-71.21392,-29.88463],[-71.21391,-29.88464],[-71.21385,-29.88477],[-71.21384,-29.88478],[-71.21383,-29.88478],[-71.21373,-29.88483],[-71.21372,-29.88483],[-71.21371,-29.88483],[-71.21369,-29.88484],[-71.21354,-29.88483],[-71.21353,-29.88483],[-71.21352,-29.88483],[-71.21339,-29.88482],[-71.21338,-29.88482],[-71.21326,-29.88486],[-71.21325,-29.88487],[-71.21318,-29.88492],[-71.21318,-29.88493],[-71.2131,-29.88499],[-71.21295,-29.88506],[-71.21272,-29.88498],[-71.21269,-29.88497],[-71.21258,-29.8849],[-71.21257,-29.88489],[-71.21255,-29.88487],[-71.21254,-29.88485],[-71.21246,-29.88472],[-71.21245,-29.8847],[-71.21245,-29.88469],[-71.21241,-29.88451],[-71.21241,-29.88443],[-71.2124,-29.88442],[-71.21237,-29.88432],[-71.21237,-29.8843],[-71.21236,-29.88428],[-71.2123,-29.88422],[-71.21229,-29.88421],[-71.21226,-29.8842],[-71.21218,-29.88414],[-71.21217,-29.88414],[-71.21215,-29.88411],[-71.21208,-29.88401],[-71.21208,-29.88388],[-71.21208,-29.88387],[-71.21207,-29.88386],[-71.21204,-29.88376],[-71.21204,-29.88374],[-71.21203,-29.88373],[-71.21192,-29.88363],[-71.21191,-29.88362],[-71.2119,-29.88362],[-71.21189,-29.88361],[-71.21187,-29.88359],[-71.21174,-29.88351],[-71.21173,-29.8835],[-71.21171,-29.88349],[-71.21158,-29.88344],[-71.21156,-29.88343],[-71.21154,-29.88342],[-71.21143,-29.88334],[-71.21141,-29.88333],[-71.2114,-29.88331],[-71.21138,-29.8833],[-71.21136,-29.88328],[-71.21132,-29.8832],[-71.21131,-29.88319],[-71.2113,-29.88318],[-71.2113,-29.88316],[-71.2113,-29.88314],[-71.21125,-29.88308],[-71.21123,-29.88305],[-71.21121,-29.88304],[-71.2112,-29.88302],[-71.21113,-29.88296],[-71.21112,-29.88295],[-71.2111,-29.88293],[-71.21108,-29.88292],[-71.21096,-29.88283],[-71.21093,-29.88282],[-71.21082,-29.88279],[-71.21081,-29.88279],[-71.21078,-29.8828],[-71.2107,-29.88283],[-71.21068,-29.88284],[-71.21068,-29.88285],[-71.21065,-29.88293],[-71.21069,-29.88307],[-71.2107,-29.88309],[-71.21075,-29.88318],[-71.21077,-29.88319],[-71.21084,-29.88327],[-71.21086,-29.88329],[-71.21093,-29.88338],[-71.21094,-29.88339],[-71.21102,-29.88348],[-71.21104,-29.8835],[-71.21119,-29.88365],[-71.2112,-29.88365],[-71.21121,-29.88367],[-71.21132,-29.88375],[-71.21134,-29.88376],[-71.21135,-29.88377],[-71.21143,-29.88378],[-71.21145,-29.88379],[-71.21147,-29.8838],[-71.21149,-29.88381],[-71.21156,-29.88392],[-71.21156,-29.88393],[-71.21156,-29.88395],[-71.21155,-29.88403],[-71.21155,-29.88404],[-71.21154,-29.88405],[-71.21154,-29.88406],[-71.21153,-29.88407],[-71.21146,-29.88414],[-71.21145,-29.88415],[-71.21144,-29.88416],[-71.21142,-29.88417],[-71.21134,-29.8842],[-71.21133,-29.8842],[-71.21125,-29.88417],[-71.21124,-29.88416],[-71.21123,-29.88415],[-71.21118,-29.8841],[-71.21116,-29.88409],[-71.21102,-29.88404],[-71.21099,-29.88403],[-71.21096,-29.88402],[-71.21094,-29.88401],[-71.21092,-29.88401],[-71.21076,-29.88398],[-71.21074,-29.88397],[-71.21072,-29.88396],[-71.21056,-29.88388],[-71.21055,-29.88387],[-71.21052,-29.88387],[-71.2105,-29.88386],[-71.21038,-29.88384],[-71.21017,-29.88379],[-71.21008,-29.88375],[-71.21006,-29.88375],[-71.20996,-29.88372],[-71.20993,-29.8837],[-71.20992,-29.88369],[-71.20984,-29.88361],[-71.20983,-29.88361],[-71.20982,-29.88359],[-71.20978,-29.88352],[-71.20978,-29.88351],[-71.20977,-29.8835],[-71.20975,-29.88343],[-71.20975,-29.88342],[-71.20974,-29.88336],[-71.20972,-29.88335],[-71.20967,-29.88329],[-71.20966,-29.88328],[-71.20957,-29.88322],[-71.20947,-29.88315],[-71.20946,-29.88315],[-71.20945,-29.88314],[-71.20939,-29.88308],[-71.20938,-29.88306],[-71.20936,-29.88297],[-71.20936,-29.88295],[-71.20936,-29.88294],[-71.20935,-29.88292],[-71.20931,-29.88282],[-71.2093,-29.88282],[-71.20929,-29.8828],[-71.20919,-29.88271],[-71.20919,-29.8827],[-71.20917,-29.88269],[-71.20907,-29.8826],[-71.20906,-29.88258],[-71.20899,-29.88247],[-71.20898,-29.88246],[-71.20891,-29.88233],[-71.20889,-29.88232],[-71.20887,-29.88229],[-71.20878,-29.88222],[-71.20876,-29.88219],[-71.20871,-29.88208],[-71.20871,-29.88207],[-71.20863,-29.88198],[-71.20862,-29.88198],[-71.20846,-29.88192],[-71.20844,-29.88192],[-71.20842,-29.88192],[-71.20828,-29.88196],[-71.20827,-29.88197],[-71.20808,-29.8821],[-71.20808,-29.88211],[-71.2078,-29.88216],[-71.20778,-29.88216],[-71.20742,-29.88204],[-71.2074,-29.88203],[-71.20718,-29.88185],[-71.20717,-29.88184],[-71.20703,-29.88166],[-71.20696,-29.88148],[-71.20694,-29.88127],[-71.20695,-29.88126],[-71.20699,-29.88108],[-71.20699,-29.88104],[-71.20705,-29.88082],[-71.20706,-29.88081],[-71.20714,-29.88066],[-71.20716,-29.88063],[-71.20727,-29.88047],[-71.20728,-29.88043],[-71.20731,-29.88027],[-71.20732,-29.88024],[-71.20731,-29.88011],[-71.20731,-29.8801],[-71.20728,-29.87996],[-71.20728,-29.87995],[-71.20727,-29.87975],[-71.20728,-29.87971],[-71.20734,-29.87952],[-71.20734,-29.8795],[-71.20741,-29.87933],[-71.20745,-29.87903],[-71.20745,-29.8789],[-71.20736,-29.87894],[-71.20707,-29.87903],[-71.20689,-29.87911],[-71.20668,-29.87924],[-71.206,-29.87971],[-71.20569,-29.87992],[-71.20537,-29.88008],[-71.2052,-29.88013],[-71.20499,-29.88017],[-71.20474,-29.88018],[-71.20435,-29.8802],[-71.20385,-29.8802],[-71.2036,-29.88024],[-71.20321,-29.88046],[-71.20267,-29.88081],[-71.20216,-29.88115],[-71.20155,-29.88146],[-71.20045,-29.88196],[-71.19937,-29.88241],[-71.19948,-29.88256],[-71.1994,-29.8828],[-71.19928,-29.88304],[-71.19927,-29.88328],[-71.19945,-29.88346],[-71.19949,-29.88348],[-71.19975,-29.88359],[-71.2002,-29.88374],[-71.20057,-29.8839],[-71.2008,-29.88401],[-71.20095,-29.88411],[-71.20086,-29.88429],[-71.20083,-29.8846],[-71.20084,-29.88483],[-71.20087,-29.88527],[-71.20078,-29.88555],[-71.20059,-29.88579],[-71.20043,-29.88595],[-71.20038,-29.88608],[-71.20045,-29.88627],[-71.20047,-29.88627],[-71.20062,-29.88642],[-71.20062,-29.88661],[-71.20045,-29.88678],[-71.20032,-29.88704],[-71.2005,-29.8873],[-71.20072,-29.88739],[-71.20084,-29.88747],[-71.20075,-29.88765],[-71.20059,-29.88773],[-71.20051,-29.88795],[-71.20066,-29.88807],[-71.20093,-29.88821],[-71.20109,-29.88838],[-71.20136,-29.88843],[-71.20155,-29.88853],[-71.20164,-29.88874],[-71.20166,-29.88901],[-71.20184,-29.88912],[-71.20214,-29.88915],[-71.20245,-29.88922],[-71.20271,-29.88937],[-71.20282,-29.88969],[-71.20283,-29.88972],[-71.20297,-29.88988],[-71.20319,-29.89028],[-71.20332,-29.89035],[-71.20347,-29.89043],[-71.20361,-29.89059],[-71.20373,-29.89084],[-71.20381,-29.89106],[-71.20381,-29.89108],[-71.20385,-29.89138],[-71.20377,-29.89157],[-71.20376,-29.89159],[-71.20365,-29.8917],[-71.20358,-29.89187],[-71.20359,-29.8919],[-71.2037,-29.8921],[-71.20372,-29.89212],[-71.20374,-29.89216],[-71.20384,-29.89237],[-71.20384,-29.8924],[-71.20386,-29.89243],[-71.2039,-29.8926],[-71.2039,-29.89262],[-71.20391,-29.89264],[-71.20392,-29.89267],[-71.20393,-29.8927],[-71.2081,-29.89112],[-71.21076,-29.89012],[-71.212,-29.88965],[-71.21258,-29.88928],[-71.21295,-29.88929],[-71.21306,-29.88929],[-71.21404,-29.88885],[-71.21511,-29.88839],[-71.21531,-29.88831],[-71.21619,-29.88799],[-71.21698,-29.88771],[-71.21827,-29.88726],[-71.22466,-29.88556],[-71.22645,-29.88508],[-71.22722,-29.88488],[-71.22777,-29.8847],[-71.22977,-29.88436],[-71.23046,-29.88424],[-71.2324,-29.88413],[-71.23162,-29.884],[-71.23082,-29.88379],[-71.23068,-29.8835],[-71.22454,-29.88099]]]}},{"type":"Feature","id":"23","properties":{"codigo":"23","nombre":"VILLA SAN BARTOLOME","area":"Urbana","lon":-71.22733,"lat":-29.88988},"geometry":{"type":"Polygon","coordinates":[[[-71.2443,-29.89769],[-71.2448,-29.89768],[-71.2453,-29.89767],[-71.24609,-29.89781],[-71.2449,-29.8923],[-71.24352,-29.89086],[-71.24131,-29.88212],[-71.23697,-29.8834],[-71.23497,-29.88384],[-71.23314,-29.88425],[-71.23257,-29.88416],[-71.2324,-29.88413],[-71.23046,-29.88424],[-71.22977,-29.88436],[-71.22777,-29.8847],[-71.22722,-29.88488],[-71.22645,-29.88508],[-71.22466,-29.88556],[-71.21827,-29.88726],[-71.21698,-29.88771],[-71.21619,-29.88799],[-71.21531,-29.88831],[-71.21511,-29.88839],[-71.21404,-29.88885],[-71.21306,-29.88929],[-71.21295,-29.88929],[-71.21258,-29.88928],[-71.212,-29.88965],[-71.21076,-29.89012],[-71.2081,-29.89112],[-71.20393,-29.8927],[-71.20399,-29.89285],[-71.20399,-29.89286],[-71.20403,-29.89293],[-71.2041,-29.89314],[-71.20424,-29.89342],[-71.20428,-29.89366],[-71.20433,-29.89382],[-71.20468,-29.89381],[-71.20509,-29.89378],[-71.206,-29.8937],[-71.20682,-29.89354],[-71.21024,-29.89266],[-71.21283,-29.892],[-71.21287,-29.89207],[-71.21378,-29.89336],[-71.21474,-29.89424],[-71.21639,-29.89575],[-71.21659,-29.89564],[-71.21715,-29.89523],[-71.21808,-29.89508],[-71.21975,-29.8948],[-71.22101,-29.89379],[-71.22195,-29.89343],[-71.22291,-29.8937],[-71.22357,-29.89418],[-71.22427,-29.89407],[-71.22471,-29.89399],[-71.22493,-29.89335],[-71.22535,-29.89297],[-71.22561,-29.89274],[-71.22617,-29.89284],[-71.22657,-29.89306],[-71.22713,-29.8934],[-71.22768,-29.89371],[-71.22802,-29.89388],[-71.22871,-29.89424],[-71.22929,-29.89443],[-71.23041,-29.89465],[-71.23113,-29.89463],[-71.23163,-29.89456],[-71.2324,-29.89473],[-71.23274,-29.8948],[-71.23349,-29.89497],[-71.23427,-29.89513],[-71.23527,-29.89533],[-71.23539,-29.89536],[-71.23611,-29.89559],[-71.23656,-29.89573],[-71.23738,-29.89601],[-71.23864,-29.89596],[-71.23966,-29.89647],[-71.24068,-29.89687],[-71.24132,-29.89703],[-71.24146,-29.89706],[-71.24248,-29.89727],[-71.24263,-29.89729],[-71.24319,-29.89736],[-71.2442,-29.89738],[-71.2443,-29.89769]]]}},{"type":"Feature","id":"24","properties":{"codigo":"24","nombre":"LOS LLANOS","area":"Urbana","lon":-71.22589,"lat":-29.87244},"geometry":{"type":"Polygon","coordinates":[[[-71.20745,-29.8789],[-71.20745,-29.87903],[-71.20741,-29.87933],[-71.20734,-29.8795],[-71.20734,-29.87952],[-71.20728,-29.87971],[-71.20727,-29.87975],[-71.20728,-29.87995],[-71.20728,-29.87996],[-71.20731,-29.8801],[-71.20731,-29.88011],[-71.20732,-29.88024],[-71.20731,-29.88027],[-71.20728,-29.88043],[-71.20727,-29.88047],[-71.20716,-29.88063],[-71.20714,-29.88066],[-71.20706,-29.88081],[-71.20705,-29.88082],[-71.20699,-29.88104],[-71.20699,-29.88108],[-71.20695,-29.88126],[-71.20694,-29.88127],[-71.20696,-29.88148],[-71.20703,-29.88166],[-71.20717,-29.88184],[-71.20718,-29.88185],[-71.2074,-29.88203],[-71.20742,-29.88204],[-71.20778,-29.88216],[-71.2078,-29.88216],[-71.20808,-29.88211],[-71.20808,-29.8821],[-71.20827,-29.88197],[-71.20828,-29.88196],[-71.20842,-29.88192],[-71.20844,-29.88192],[-71.20846,-29.88192],[-71.20862,-29.88198],[-71.20863,-29.88198],[-71.20871,-29.88207],[-71.20871,-29.88208],[-71.20876,-29.88219],[-71.20878,-29.88222],[-71.20887,-29.88229],[-71.20889,-29.88232],[-71.20891,-29.88233],[-71.20898,-29.88246],[-71.20899,-29.88247],[-71.20906,-29.88258],[-71.20907,-29.8826],[-71.20917,-29.88269],[-71.20919,-29.8827],[-71.20919,-29.88271],[-71.20929,-29.8828],[-71.2093,-29.88282],[-71.20931,-29.88282],[-71.20935,-29.88292],[-71.20936,-29.88294],[-71.20936,-29.88295],[-71.20936,-29.88297],[-71.20938,-29.88306],[-71.20939,-29.88308],[-71.20945,-29.88314],[-71.20946,-29.88315],[-71.20947,-29.88315],[-71.20957,-29.88322],[-71.20966,-29.88328],[-71.20967,-29.88329],[-71.20972,-29.88335],[-71.20974,-29.88336],[-71.20975,-29.88342],[-71.20975,-29.88343],[-71.20977,-29.8835],[-71.20978,-29.88351],[-71.20978,-29.88352],[-71.20982,-29.88359],[-71.20983,-29.88361],[-71.20984,-29.88361],[-71.20992,-29.88369],[-71.20993,-29.8837],[-71.20996,-29.88372],[-71.21006,-29.88375],[-71.21008,-29.88375],[-71.21017,-29.88379],[-71.21038,-29.88384],[-71.2105,-29.88386],[-71.21052,-29.88387],[-71.21055,-29.88387],[-71.21056,-29.88388],[-71.21072,-29.88396],[-71.21074,-29.88397],[-71.21076,-29.88398],[-71.21092,-29.88401],[-71.21094,-29.88401],[-71.21096,-29.88402],[-71.21099,-29.88403],[-71.21102,-29.88404],[-71.21116,-29.88409],[-71.21118,-29.8841],[-71.21123,-29.88415],[-71.21124,-29.88416],[-71.21125,-29.88417],[-71.21133,-29.8842],[-71.21134,-29.8842],[-71.21142,-29.88417],[-71.21144,-29.88416],[-71.21145,-29.88415],[-71.21146,-29.88414],[-71.21153,-29.88407],[-71.21154,-29.88406],[-71.21154,-29.88405],[-71.21155,-29.88404],[-71.21155,-29.88403],[-71.21156,-29.88395],[-71.21156,-29.88393],[-71.21156,-29.88392],[-71.21149,-29.88381],[-71.21147,-29.8838],[-71.21145,-29.88379],[-71.21143,-29.88378],[-71.21135,-29.88377],[-71.21134,-29.88376],[-71.21132,-29.88375],[-71.21121,-29.88367],[-71.2112,-29.88365],[-71.21119,-29.88365],[-71.21104,-29.8835],[-71.21102,-29.88348],[-71.21094,-29.88339],[-71.21093,-29.88338],[-71.21086,-29.88329],[-71.21084,-29.88327],[-71.21077,-29.88319],[-71.21075,-29.88318],[-71.2107,-29.88309],[-71.21069,-29.88307],[-71.21065,-29.88293],[-71.21068,-29.88285],[-71.21068,-29.88284],[-71.2107,-29.88283],[-71.21078,-29.8828],[-71.21081,-29.88279],[-71.21082,-29.88279],[-71.21093,-29.88282],[-71.21096,-29.88283],[-71.21108,-29.88292],[-71.2111,-29.88293],[-71.21112,-29.88295],[-71.21113,-29.88296],[-71.2112,-29.88302],[-71.21121,-29.88304],[-71.21123,-29.88305],[-71.21125,-29.88308],[-71.2113,-29.88314],[-71.2113,-29.88316],[-71.2113,-29.88318],[-71.21131,-29.88319],[-71.21132,-29.8832],[-71.21136,-29.88328],[-71.21138,-29.8833],[-71.2114,-29.88331],[-71.21141,-29.88333],[-71.21143,-29.88334],[-71.21154,-29.88342],[-71.21156,-29.88343],[-71.21158,-29.88344],[-71.21171,-29.88349],[-71.21173,-29.8835],[-71.21174,-29.88351],[-71.21187,-29.88359],[-71.21189,-29.88361],[-71.2119,-29.88362],[-71.21191,-29.88362],[-71.21192,-29.88363],[-71.21203,-29.88373],[-71.21204,-29.88374],[-71.21204,-29.88376],[-71.21207,-29.88386],[-71.21208,-29.88387],[-71.21208,-29.88388],[-71.21208,-29.88401],[-71.21215,-29.88411],[-71.21217,-29.88414],[-71.21218,-29.88414],[-71.21226,-29.8842],[-71.21229,-29.88421],[-71.2123,-29.88422],[-71.21236,-29.88428],[-71.21237,-29.8843],[-71.21237,-29.88432],[-71.2124,-29.88442],[-71.21241,-29.88443],[-71.21241,-29.88451],[-71.21245,-29.88469],[-71.21245,-29.8847],[-71.21246,-29.88472],[-71.21254,-29.88485],[-71.21255,-29.88487],[-71.21257,-29.88489],[-71.21258,-29.8849],[-71.21269,-29.88497],[-71.21272,-29.88498],[-71.21295,-29.88506],[-71.2131,-29.88499],[-71.21318,-29.88493],[-71.21318,-29.88492],[-71.21325,-29.88487],[-71.21326,-29.88486],[-71.21338,-29.88482],[-71.21339,-29.88482],[-71.21352,-29.88483],[-71.21353,-29.88483],[-71.21354,-29.88483],[-71.21369,-29.88484],[-71.21371,-29.88483],[-71.21372,-29.88483],[-71.21373,-29.88483],[-71.21383,-29.88478],[-71.21384,-29.88478],[-71.21385,-29.88477],[-71.21391,-29.88464],[-71.21392,-29.88463],[-71.21397,-29.88435],[-71.21391,-29.88408],[-71.21391,-29.88394],[-71.2139,-29.88387],[-71.21387,-29.88383],[-71.2139,-29.88374],[-71.21399,-29.88366],[-71.214,-29.88366],[-71.21401,-29.88365],[-71.21419,-29.88361],[-71.2142,-29.88361],[-71.21439,-29.8836],[-71.2144,-29.88361],[-71.2146,-29.88362],[-71.21469,-29.88364],[-71.21473,-29.88368],[-71.21473,-29.88369],[-71.21473,-29.8837],[-71.21481,-29.88384],[-71.2149,-29.88394],[-71.21498,-29.88394],[-71.2152,-29.88388],[-71.21533,-29.88381],[-71.21534,-29.8838],[-71.21536,-29.88379],[-71.21537,-29.88379],[-71.21538,-29.88378],[-71.21553,-29.88373],[-71.21554,-29.88373],[-71.21556,-29.88373],[-71.21558,-29.88372],[-71.21574,-29.88369],[-71.21576,-29.88369],[-71.21577,-29.88368],[-71.21579,-29.88368],[-71.21604,-29.88362],[-71.21606,-29.88361],[-71.21607,-29.88361],[-71.21609,-29.8836],[-71.21635,-29.88354],[-71.21637,-29.88354],[-71.21638,-29.88353],[-71.2164,-29.88353],[-71.21641,-29.88353],[-71.21685,-29.8834],[-71.21686,-29.8834],[-71.21687,-29.88339],[-71.21697,-29.88334],[-71.21698,-29.88332],[-71.21699,-29.88332],[-71.21706,-29.88325],[-71.21706,-29.88324],[-71.21707,-29.88319],[-71.21708,-29.88318],[-71.21709,-29.8831],[-71.2171,-29.88309],[-71.21714,-29.88304],[-71.21715,-29.88303],[-71.21727,-29.88297],[-71.21728,-29.88296],[-71.21729,-29.88296],[-71.21761,-29.88285],[-71.21866,-29.88261],[-71.21867,-29.88261],[-71.21887,-29.88256],[-71.21964,-29.88226],[-71.21985,-29.88216],[-71.21986,-29.88215],[-71.21987,-29.88214],[-71.22005,-29.88203],[-71.22006,-29.88202],[-71.22007,-29.88202],[-71.22008,-29.88201],[-71.22016,-29.88195],[-71.22017,-29.88194],[-71.22017,-29.88193],[-71.22018,-29.88192],[-71.22025,-29.88177],[-71.22026,-29.88176],[-71.22026,-29.88175],[-71.22031,-29.88159],[-71.22031,-29.88158],[-71.22031,-29.8815],[-71.22031,-29.88149],[-71.22031,-29.88147],[-71.22032,-29.88147],[-71.22032,-29.88144],[-71.22033,-29.88143],[-71.2204,-29.88132],[-71.22041,-29.88131],[-71.22041,-29.8813],[-71.2205,-29.88113],[-71.22046,-29.88094],[-71.22037,-29.88082],[-71.22036,-29.88082],[-71.2202,-29.88074],[-71.22002,-29.88071],[-71.21973,-29.88079],[-71.21938,-29.88088],[-71.21935,-29.88089],[-71.21932,-29.88089],[-71.21931,-29.88089],[-71.21905,-29.88094],[-71.21903,-29.88094],[-71.21886,-29.88095],[-71.21883,-29.88095],[-71.21881,-29.88095],[-71.21879,-29.88096],[-71.21878,-29.88096],[-71.21857,-29.88098],[-71.21854,-29.88099],[-71.21852,-29.88099],[-71.21814,-29.8811],[-71.21809,-29.88112],[-71.21808,-29.88112],[-71.21748,-29.88127],[-71.21744,-29.88128],[-71.21742,-29.88129],[-71.21712,-29.88135],[-71.21707,-29.88136],[-71.21703,-29.88136],[-71.21701,-29.88136],[-71.2167,-29.88138],[-71.21666,-29.88138],[-71.21649,-29.88131],[-71.21647,-29.88129],[-71.21645,-29.88127],[-71.21644,-29.88126],[-71.21645,-29.88117],[-71.21647,-29.88114],[-71.21648,-29.88112],[-71.21647,-29.88112],[-71.2166,-29.88099],[-71.21662,-29.88097],[-71.21664,-29.88095],[-71.21676,-29.88084],[-71.21679,-29.88083],[-71.21681,-29.88081],[-71.21701,-29.88072],[-71.21705,-29.8807],[-71.21708,-29.88069],[-71.2171,-29.88068],[-71.21729,-29.8806],[-71.21744,-29.88054],[-71.21747,-29.88052],[-71.21787,-29.88041],[-71.21788,-29.8804],[-71.2183,-29.88028],[-71.21833,-29.88027],[-71.21834,-29.88027],[-71.2188,-29.88014],[-71.21883,-29.88014],[-71.21904,-29.88007],[-71.21905,-29.88007],[-71.21926,-29.87996],[-71.21927,-29.87995],[-71.2193,-29.87987],[-71.2193,-29.87986],[-71.2193,-29.87985],[-71.2193,-29.87984],[-71.21922,-29.87966],[-71.21921,-29.87966],[-71.21906,-29.87956],[-71.21904,-29.87955],[-71.21902,-29.87953],[-71.21889,-29.87944],[-71.21887,-29.87943],[-71.21887,-29.87942],[-71.2188,-29.87931],[-71.21879,-29.8793],[-71.21878,-29.87928],[-71.21878,-29.87927],[-71.21862,-29.87907],[-71.21861,-29.87906],[-71.21848,-29.87901],[-71.21847,-29.87902],[-71.21846,-29.87903],[-71.21845,-29.87903],[-71.21835,-29.87906],[-71.21834,-29.87906],[-71.21821,-29.87905],[-71.21789,-29.87877],[-71.21782,-29.87856],[-71.21782,-29.8785],[-71.21782,-29.87834],[-71.21781,-29.87822],[-71.21766,-29.87806],[-71.21765,-29.87797],[-71.21783,-29.87799],[-71.21797,-29.87816],[-71.21797,-29.87829],[-71.21799,-29.87845],[-71.21813,-29.87842],[-71.21828,-29.87855],[-71.21851,-29.87852],[-71.21864,-29.87855],[-71.21877,-29.87866],[-71.21877,-29.87867],[-71.21877,-29.87868],[-71.21886,-29.87874],[-71.21889,-29.87875],[-71.2189,-29.87875],[-71.21912,-29.87886],[-71.21914,-29.87887],[-71.21934,-29.87895],[-71.2196,-29.87911],[-71.2198,-29.87918],[-71.21983,-29.8792],[-71.22,-29.87928],[-71.22001,-29.8793],[-71.22003,-29.87931],[-71.22005,-29.87933],[-71.22017,-29.87942],[-71.22019,-29.87944],[-71.22022,-29.87946],[-71.22025,-29.87949],[-71.22027,-29.8795],[-71.22046,-29.87965],[-71.22048,-29.87966],[-71.2205,-29.87968],[-71.22052,-29.8797],[-71.22068,-29.87988],[-71.22069,-29.87989],[-71.22071,-29.8799],[-71.22072,-29.87991],[-71.22073,-29.87992],[-71.22115,-29.88034],[-71.22144,-29.88074],[-71.22145,-29.88075],[-71.22169,-29.88093],[-71.22171,-29.88095],[-71.22172,-29.88095],[-71.22192,-29.88105],[-71.22193,-29.88106],[-71.22196,-29.88113],[-71.22202,-29.88122],[-71.22202,-29.88123],[-71.22219,-29.88146],[-71.2222,-29.88147],[-71.22226,-29.88157],[-71.22227,-29.88159],[-71.22237,-29.88169],[-71.22239,-29.8817],[-71.22241,-29.88171],[-71.22255,-29.88176],[-71.22256,-29.88177],[-71.22258,-29.88177],[-71.22288,-29.88172],[-71.22289,-29.88172],[-71.22291,-29.88171],[-71.22315,-29.88163],[-71.22317,-29.88162],[-71.22319,-29.88161],[-71.22335,-29.88148],[-71.22336,-29.88146],[-71.22337,-29.88145],[-71.22338,-29.88144],[-71.22339,-29.88143],[-71.22346,-29.88125],[-71.22346,-29.88124],[-71.22346,-29.88122],[-71.22345,-29.88111],[-71.22344,-29.8811],[-71.22344,-29.88109],[-71.22336,-29.88106],[-71.22335,-29.88106],[-71.22334,-29.88106],[-71.22324,-29.88098],[-71.22323,-29.88097],[-71.22323,-29.88096],[-71.22322,-29.88081],[-71.22321,-29.8808],[-71.22316,-29.87969],[-71.22318,-29.87955],[-71.22323,-29.8795],[-71.22324,-29.87949],[-71.22344,-29.8796],[-71.22345,-29.87961],[-71.22352,-29.87972],[-71.22352,-29.87974],[-71.22366,-29.88024],[-71.22367,-29.88026],[-71.22367,-29.88027],[-71.22384,-29.88063],[-71.22385,-29.88065],[-71.22386,-29.88068],[-71.22398,-29.88084],[-71.22399,-29.88086],[-71.224,-29.88087],[-71.22401,-29.88087],[-71.22414,-29.88095],[-71.22426,-29.88099],[-71.22446,-29.881],[-71.22454,-29.88099],[-71.22543,-29.88065],[-71.22614,-29.88037],[-71.22656,-29.88022],[-71.22685,-29.88011],[-71.22712,-29.88003],[-71.22734,-29.87996],[-71.22928,-29.8791],[-71.22936,-29.87907],[-71.23073,-29.87846],[-71.23027,-29.87629],[-71.23187,-29.87272],[-71.23394,-29.87256],[-71.23669,-29.87233],[-71.23828,-29.87223],[-71.23934,-29.87217],[-71.23819,-29.86231],[-71.23809,-29.86162],[-71.23796,-29.85981],[-71.23796,-29.85979],[-71.23791,-29.85978],[-71.23789,-29.85978],[-71.23784,-29.85979],[-71.23779,-29.8598],[-71.23777,-29.8598],[-71.23773,-29.85982],[-71.23769,-29.85984],[-71.2376,-29.8599],[-71.23751,-29.85999],[-71.23728,-29.86023],[-71.23704,-29.86045],[-71.23694,-29.86056],[-71.23688,-29.86062],[-71.2368,-29.86069],[-71.2367,-29.86075],[-71.23657,-29.8608],[-71.23643,-29.86084],[-71.23635,-29.86086],[-71.23625,-29.86088],[-71.23613,-29.86089],[-71.23608,-29.8609],[-71.23601,-29.86092],[-71.23594,-29.86096],[-71.23585,-29.86103],[-71.23579,-29.86111],[-71.23573,-29.86121],[-71.23562,-29.86144],[-71.23548,-29.86172],[-71.23543,-29.8618],[-71.23535,-29.86184],[-71.23528,-29.86187],[-71.23509,-29.86193],[-71.23499,-29.86197],[-71.2347,-29.86206],[-71.23451,-29.86212],[-71.23435,-29.86218],[-71.23413,-29.86228],[-71.23396,-29.86237],[-71.23375,-29.8625],[-71.23346,-29.8627],[-71.23331,-29.86288],[-71.23306,-29.8632],[-71.23297,-29.86332],[-71.23288,-29.86349],[-71.23279,-29.86366],[-71.23267,-29.86384],[-71.23255,-29.86402],[-71.23237,-29.86429],[-71.23228,-29.86443],[-71.23217,-29.8645],[-71.23186,-29.86458],[-71.23137,-29.86467],[-71.23119,-29.86468],[-71.23093,-29.86467],[-71.23062,-29.86467],[-71.23035,-29.86467],[-71.23005,-29.86457],[-71.22965,-29.86447],[-71.22958,-29.86438],[-71.22951,-29.8643],[-71.22938,-29.86418],[-71.22915,-29.86411],[-71.22895,-29.86405],[-71.22879,-29.864],[-71.22844,-29.86401],[-71.22828,-29.86401],[-71.22788,-29.86404],[-71.22777,-29.86407],[-71.22761,-29.86414],[-71.22737,-29.86426],[-71.22703,-29.86445],[-71.22668,-29.86461],[-71.22647,-29.8647],[-71.22571,-29.86507],[-71.22158,-29.86392],[-71.2213,-29.86391],[-71.22096,-29.86389],[-71.22056,-29.86391],[-71.22019,-29.86396],[-71.21975,-29.86406],[-71.21931,-29.8642],[-71.21883,-29.8644],[-71.21834,-29.86469],[-71.21784,-29.86504],[-71.21757,-29.86534],[-71.21719,-29.86596],[-71.2171,-29.86614],[-71.217,-29.8664],[-71.21689,-29.86675],[-71.21685,-29.86699],[-71.21681,-29.86739],[-71.21663,-29.86993],[-71.21644,-29.87298],[-71.21625,-29.87567],[-71.21616,-29.87719],[-71.21495,-29.87751],[-71.21336,-29.87787],[-71.21256,-29.87802],[-71.21202,-29.87812],[-71.21111,-29.87823],[-71.21031,-29.87833],[-71.20912,-29.87851],[-71.20825,-29.8787],[-71.20767,-29.87884],[-71.20745,-29.8789]]]}},{"type":"Feature","id":"25","properties":{"codigo":"25","nombre":"JUAN SOLDADO","area":"Urbana","lon":-71.24631,"lat":-29.86476},"geometry":{"type":"Polygon","coordinates":[[[-71.25376,-29.85781],[-71.25224,-29.86012],[-71.25194,-29.85975],[-71.25141,-29.85944],[-71.25092,-29.8594],[-71.25055,-29.85922],[-71.25011,-29.85903],[-71.25006,-29.85904],[-71.25012,-29.85916],[-71.25017,-29.85928],[-71.25028,-29.85944],[-71.25034,-29.85958],[-71.25038,-29.85975],[-71.25032,-29.85995],[-71.25024,-29.86017],[-71.25024,-29.86032],[-71.25016,-29.86051],[-71.25006,-29.86061],[-71.24996,-29.86073],[-71.24994,-29.86075],[-71.24991,-29.86082],[-71.2499,-29.86084],[-71.24986,-29.86098],[-71.24982,-29.86105],[-71.24972,-29.86112],[-71.24965,-29.8612],[-71.24955,-29.86132],[-71.24944,-29.86141],[-71.24937,-29.86149],[-71.24936,-29.86161],[-71.24942,-29.86172],[-71.2494,-29.86185],[-71.24923,-29.86202],[-71.24898,-29.86225],[-71.24897,-29.86227],[-71.24897,-29.86239],[-71.24897,-29.86251],[-71.24893,-29.86262],[-71.24881,-29.86269],[-71.24862,-29.86269],[-71.24856,-29.86268],[-71.24851,-29.86266],[-71.24847,-29.86266],[-71.24841,-29.86266],[-71.24835,-29.86267],[-71.24833,-29.86268],[-71.24831,-29.86269],[-71.24827,-29.86271],[-71.24823,-29.86274],[-71.24823,-29.86275],[-71.24818,-29.86279],[-71.24814,-29.86282],[-71.2481,-29.86287],[-71.24808,-29.86289],[-71.24804,-29.86296],[-71.24799,-29.86301],[-71.24794,-29.86304],[-71.24786,-29.86308],[-71.24776,-29.86313],[-71.24766,-29.86317],[-71.24758,-29.86322],[-71.24746,-29.86329],[-71.24731,-29.86335],[-71.24722,-29.86335],[-71.24706,-29.86334],[-71.24685,-29.86333],[-71.24674,-29.86332],[-71.24649,-29.86329],[-71.24635,-29.86329],[-71.24618,-29.86332],[-71.24611,-29.86334],[-71.24591,-29.86341],[-71.24577,-29.86348],[-71.24573,-29.86351],[-71.24567,-29.86354],[-71.24561,-29.86358],[-71.24555,-29.86364],[-71.24551,-29.86368],[-71.2455,-29.86374],[-71.24559,-29.86385],[-71.24554,-29.86388],[-71.24551,-29.8639],[-71.24548,-29.86391],[-71.24545,-29.86392],[-71.24539,-29.86391],[-71.24532,-29.86387],[-71.2453,-29.86386],[-71.24525,-29.86384],[-71.24521,-29.86382],[-71.24516,-29.86379],[-71.24513,-29.86375],[-71.24509,-29.8637],[-71.24508,-29.86368],[-71.24504,-29.86359],[-71.24501,-29.86356],[-71.24499,-29.86354],[-71.24496,-29.86351],[-71.24491,-29.86348],[-71.24487,-29.86346],[-71.24481,-29.86344],[-71.24475,-29.86343],[-71.24448,-29.86341],[-71.24436,-29.8634],[-71.2442,-29.86338],[-71.24412,-29.86337],[-71.24406,-29.86334],[-71.24384,-29.86317],[-71.24339,-29.86279],[-71.24295,-29.86246],[-71.24264,-29.8623],[-71.24228,-29.86213],[-71.24177,-29.86189],[-71.24166,-29.86181],[-71.2414,-29.86163],[-71.24105,-29.86133],[-71.24072,-29.86107],[-71.24033,-29.86077],[-71.2399,-29.86043],[-71.23966,-29.86025],[-71.23944,-29.86013],[-71.23932,-29.86009],[-71.2387,-29.85991],[-71.23855,-29.85989],[-71.23821,-29.85983],[-71.23798,-29.8598],[-71.23796,-29.85979],[-71.23796,-29.85981],[-71.23809,-29.86162],[-71.23819,-29.86231],[-71.23934,-29.87217],[-71.24219,-29.87193],[-71.24535,-29.87169],[-71.25055,-29.87125],[-71.25121,-29.87104],[-71.25206,-29.87081],[-71.25277,-29.87062],[-71.25321,-29.8707],[-71.25368,-29.87093],[-71.2548,-29.8708],[-71.25478,-29.87063],[-71.25474,-29.87032],[-71.25471,-29.87003],[-71.25465,-29.86953],[-71.25463,-29.86935],[-71.25461,-29.86902],[-71.25454,-29.86841],[-71.25449,-29.86793],[-71.25442,-29.86735],[-71.25439,-29.86697],[-71.25435,-29.86657],[-71.25428,-29.86613],[-71.25426,-29.86581],[-71.2542,-29.86522],[-71.2541,-29.8643],[-71.25403,-29.86365],[-71.25395,-29.8629],[-71.25387,-29.86206],[-71.25381,-29.86153],[-71.25376,-29.86111],[-71.25368,-29.86035],[-71.25365,-29.86005],[-71.25357,-29.85934],[-71.25356,-29.85911],[-71.25357,-29.85892],[-71.25356,-29.85881],[-71.25357,-29.85865],[-71.25359,-29.85845],[-71.25367,-29.85809],[-71.25376,-29.85781]]]}},{"type":"Feature","id":"26","properties":{"codigo":"26","nombre":"PUNTA DE TEATINOS","area":"Urbana","lon":-71.27647,"lat":-29.8122},"geometry":{"type":"Polygon","coordinates":[[[-71.25006,-29.85904],[-71.25011,-29.85903],[-71.25055,-29.85922],[-71.25092,-29.8594],[-71.25141,-29.85944],[-71.25194,-29.85975],[-71.25224,-29.86012],[-71.25376,-29.85781],[-71.25431,-29.85783],[-71.25489,-29.85788],[-71.25592,-29.85801],[-71.25678,-29.85811],[-71.25757,-29.85821],[-71.25823,-29.85832],[-71.25892,-29.85841],[-71.25962,-29.85855],[-71.26015,-29.85863],[-71.26057,-29.85874],[-71.26098,-29.85895],[-71.26167,-29.85937],[-71.26225,-29.85972],[-71.26291,-29.86014],[-71.26351,-29.86053],[-71.26418,-29.86096],[-71.26463,-29.86125],[-71.26481,-29.86137],[-71.26495,-29.86142],[-71.26566,-29.86154],[-71.26599,-29.8616],[-71.26665,-29.86171],[-71.26742,-29.86181],[-71.2677,-29.86184],[-71.26827,-29.86195],[-71.2687,-29.86201],[-71.2696,-29.86216],[-71.27043,-29.8623],[-71.27091,-29.86239],[-71.27175,-29.86254],[-71.27183,-29.86256],[-71.27246,-29.86273],[-71.27251,-29.86274],[-71.27262,-29.86275],[-71.2727,-29.86278],[-71.2728,-29.86279],[-71.27293,-29.86279],[-71.27311,-29.86281],[-71.27325,-29.86282],[-71.27335,-29.86285],[-71.27365,-29.86285],[-71.2738,-29.86288],[-71.27426,-29.86292],[-71.27441,-29.86291],[-71.27454,-29.86292],[-71.27467,-29.86296],[-71.27497,-29.86299],[-71.27517,-29.86302],[-71.27566,-29.8631],[-71.27661,-29.86322],[-71.27704,-29.8599],[-71.27736,-29.85869],[-71.27735,-29.85759],[-71.27768,-29.8564],[-71.27768,-29.85505],[-71.27801,-29.854],[-71.27799,-29.85256],[-71.27843,-29.85134],[-71.27836,-29.85014],[-71.27889,-29.84786],[-71.27888,-29.84664],[-71.27991,-29.84161],[-71.28204,-29.83485],[-71.28256,-29.83402],[-71.28268,-29.83328],[-71.28329,-29.83214],[-71.2834,-29.83132],[-71.28418,-29.83028],[-71.28501,-29.82837],[-71.28597,-29.82748],[-71.28663,-29.82618],[-71.28816,-29.82458],[-71.29043,-29.82339],[-71.29181,-29.82451],[-71.29205,-29.82491],[-71.29213,-29.82472],[-71.29326,-29.82525],[-71.29516,-29.82552],[-71.2962,-29.8255],[-71.29606,-29.82534],[-71.29653,-29.8252],[-71.29743,-29.82558],[-71.29753,-29.82579],[-71.29785,-29.8258],[-71.29825,-29.82618],[-71.29823,-29.82597],[-71.29922,-29.826],[-71.29893,-29.82569],[-71.29904,-29.82515],[-71.29987,-29.82461],[-71.30057,-29.82446],[-71.30154,-29.82466],[-71.30197,-29.82449],[-71.30183,-29.82413],[-71.30189,-29.82395],[-71.30167,-29.82347],[-71.30121,-29.82253],[-71.30084,-29.82179],[-71.30076,-29.82161],[-71.30058,-29.82144],[-71.30003,-29.82089],[-71.29913,-29.82007],[-71.29841,-29.81986],[-71.29789,-29.81971],[-71.29757,-29.81995],[-71.29757,-29.82035],[-71.29709,-29.8209],[-71.29689,-29.8211],[-71.29657,-29.82158],[-71.29644,-29.82212],[-71.29617,-29.82266],[-71.29576,-29.82253],[-71.29527,-29.82272],[-71.29498,-29.82292],[-71.29441,-29.82364],[-71.2941,-29.82351],[-71.2932,-29.82353],[-71.29269,-29.82331],[-71.29199,-29.82271],[-71.29165,-29.82192],[-71.29131,-29.82165],[-71.29101,-29.82106],[-71.29085,-29.82054],[-71.29074,-29.82024],[-71.29085,-29.81917],[-71.29104,-29.81845],[-71.29124,-29.81775],[-71.29129,-29.81759],[-71.29058,-29.81683],[-71.29061,-29.81677],[-71.29066,-29.81662],[-71.29055,-29.81594],[-71.28897,-29.81515],[-71.28845,-29.81489],[-71.28831,-29.81381],[-71.2879,-29.81368],[-71.28747,-29.81342],[-71.28635,-29.81325],[-71.2863,-29.81325],[-71.2862,-29.81335],[-71.28616,-29.81344],[-71.28615,-29.81357],[-71.28615,-29.81373],[-71.28611,-29.81387],[-71.28604,-29.81406],[-71.28598,-29.81426],[-71.28592,-29.81447],[-71.28587,-29.81471],[-71.28581,-29.81487],[-71.2857,-29.81498],[-71.28558,-29.81501],[-71.28542,-29.81497],[-71.28534,-29.81491],[-71.28525,-29.81486],[-71.28512,-29.81482],[-71.28495,-29.81479],[-71.28475,-29.81477],[-71.28443,-29.81477],[-71.28407,-29.81479],[-71.28372,-29.81483],[-71.28342,-29.81485],[-71.28314,-29.81486],[-71.28286,-29.8149],[-71.2825,-29.81497],[-71.28217,-29.815],[-71.28185,-29.81498],[-71.2815,-29.81495],[-71.28116,-29.81489],[-71.28079,-29.81478],[-71.28046,-29.81467],[-71.28003,-29.81454],[-71.28135,-29.81321],[-71.28214,-29.81241],[-71.2807,-29.81129],[-71.28492,-29.80706],[-71.28568,-29.80633],[-71.28575,-29.80619],[-71.28573,-29.80587],[-71.28556,-29.80558],[-71.28555,-29.80541],[-71.28561,-29.80534],[-71.28571,-29.80519],[-71.28575,-29.80513],[-71.28591,-29.80491],[-71.28635,-29.80401],[-71.28616,-29.80359],[-71.28571,-29.80339],[-71.28559,-29.80316],[-71.28559,-29.80295],[-71.28578,-29.80253],[-71.28612,-29.80226],[-71.28615,-29.80182],[-71.28607,-29.80135],[-71.28638,-29.80081],[-71.28652,-29.8002],[-71.28646,-29.79963],[-71.28616,-29.79915],[-71.28616,-29.79868],[-71.28642,-29.79829],[-71.28673,-29.79796],[-71.28721,-29.79728],[-71.28734,-29.79659],[-71.2873,-29.79588],[-71.28739,-29.7953],[-71.28721,-29.79491],[-71.2872,-29.79455],[-71.28731,-29.79415],[-71.28712,-29.79386],[-71.28696,-29.79344],[-71.28692,-29.79306],[-71.287,-29.79269],[-71.28693,-29.79241],[-71.28677,-29.79216],[-71.28671,-29.79177],[-71.28677,-29.79134],[-71.2867,-29.79099],[-71.2865,-29.7905],[-71.28622,-29.79004],[-71.2856,-29.78956],[-71.28525,-29.78903],[-71.28505,-29.78864],[-71.28494,-29.78814],[-71.28468,-29.78741],[-71.28461,-29.78695],[-71.28461,-29.78604],[-71.28461,-29.7853],[-71.28462,-29.78479],[-71.2845,-29.78427],[-71.28443,-29.78381],[-71.28439,-29.78335],[-71.28437,-29.78292],[-71.28436,-29.78266],[-71.28435,-29.78239],[-71.28434,-29.78215],[-71.28433,-29.78186],[-71.28433,-29.7816],[-71.28432,-29.78135],[-71.28431,-29.78111],[-71.28419,-29.78079],[-71.2839,-29.78049],[-71.28374,-29.78006],[-71.2837,-29.77965],[-71.28408,-29.77918],[-71.28442,-29.77888],[-71.28458,-29.77866],[-71.28462,-29.77839],[-71.28448,-29.77813],[-71.28428,-29.77781],[-71.28422,-29.77759],[-71.28413,-29.77725],[-71.28405,-29.77641],[-71.28397,-29.77606],[-71.28391,-29.77582],[-71.28387,-29.77538],[-71.28382,-29.77496],[-71.28376,-29.77441],[-71.2837,-29.77408],[-71.28366,-29.77362],[-71.28333,-29.77316],[-71.28278,-29.77294],[-71.28237,-29.77275],[-71.28226,-29.77265],[-71.28219,-29.77253],[-71.28212,-29.77231],[-71.28204,-29.77208],[-71.28199,-29.77185],[-71.28213,-29.77152],[-71.28233,-29.77124],[-71.28252,-29.77118],[-71.2827,-29.77103],[-71.28269,-29.77083],[-71.28256,-29.77057],[-71.28237,-29.76955],[-71.28169,-29.76879],[-71.28133,-29.76792],[-71.28122,-29.7673],[-71.2811,-29.76692],[-71.28101,-29.76665],[-71.28098,-29.76657],[-71.28088,-29.76629],[-71.2808,-29.76597],[-71.28072,-29.76567],[-71.28064,-29.76534],[-71.28063,-29.7653],[-71.28042,-29.76417],[-71.27987,-29.76325],[-71.27869,-29.76282],[-71.27726,-29.76253],[-71.2767,-29.76256],[-71.27605,-29.76229],[-71.27553,-29.76196],[-71.27473,-29.76139],[-71.2737,-29.76126],[-71.27243,-29.7612],[-71.27138,-29.76129],[-71.27054,-29.76155],[-71.26982,-29.76211],[-71.26946,-29.7624],[-71.26816,-29.76239],[-71.26743,-29.76245],[-71.26629,-29.76282],[-71.26536,-29.76342],[-71.26493,-29.7639],[-71.26474,-29.76493],[-71.26575,-29.76608],[-71.26625,-29.76662],[-71.26743,-29.76794],[-71.26813,-29.76873],[-71.26862,-29.76925],[-71.26929,-29.76999],[-71.27016,-29.77099],[-71.27133,-29.7723],[-71.2723,-29.77336],[-71.27339,-29.77461],[-71.27397,-29.77523],[-71.27468,-29.77602],[-71.27565,-29.77712],[-71.27656,-29.77813],[-71.27683,-29.77845],[-71.2784,-29.78019],[-71.28046,-29.7825],[-71.28079,-29.78289],[-71.28104,-29.78322],[-71.28129,-29.7836],[-71.28156,-29.78405],[-71.28171,-29.78437],[-71.28198,-29.78488],[-71.28209,-29.78519],[-71.28219,-29.78554],[-71.28226,-29.78582],[-71.28233,-29.78612],[-71.28238,-29.78646],[-71.28242,-29.78676],[-71.28262,-29.78902],[-71.28246,-29.7894],[-71.28192,-29.79],[-71.28153,-29.79057],[-71.28109,-29.79124],[-71.28051,-29.7921],[-71.27893,-29.79458],[-71.27745,-29.79692],[-71.27735,-29.79852],[-71.27644,-29.79998],[-71.27573,-29.80054],[-71.27505,-29.80149],[-71.27423,-29.80375],[-71.27314,-29.80573],[-71.27272,-29.80749],[-71.27239,-29.80881],[-71.27231,-29.80915],[-71.27221,-29.80942],[-71.27221,-29.8095],[-71.27221,-29.80994],[-71.27206,-29.81059],[-71.2719,-29.81139],[-71.27165,-29.81142],[-71.2715,-29.81145],[-71.27142,-29.81151],[-71.27134,-29.81158],[-71.27127,-29.8117],[-71.27127,-29.81171],[-71.27126,-29.81184],[-71.27124,-29.81193],[-71.27116,-29.81203],[-71.27115,-29.81203],[-71.27109,-29.81215],[-71.27109,-29.81216],[-71.27106,-29.81224],[-71.27103,-29.81233],[-71.27104,-29.81234],[-71.27105,-29.81236],[-71.27105,-29.81238],[-71.27107,-29.81253],[-71.27101,-29.81269],[-71.27091,-29.81292],[-71.27079,-29.81324],[-71.27061,-29.81349],[-71.27047,-29.81366],[-71.27036,-29.81377],[-71.27026,-29.81386],[-71.27014,-29.81394],[-71.27007,-29.81396],[-71.26998,-29.81395],[-71.26993,-29.81395],[-71.26994,-29.814],[-71.26992,-29.81407],[-71.26989,-29.81411],[-71.26984,-29.81414],[-71.26977,-29.81415],[-71.26969,-29.81414],[-71.2696,-29.81411],[-71.26953,-29.81412],[-71.26952,-29.81422],[-71.26954,-29.81431],[-71.26953,-29.8144],[-71.26944,-29.81447],[-71.26935,-29.81451],[-71.26926,-29.81449],[-71.26921,-29.81446],[-71.26916,-29.81438],[-71.26916,-29.81437],[-71.26913,-29.8143],[-71.2691,-29.81423],[-71.26904,-29.81417],[-71.26903,-29.81416],[-71.26899,-29.81417],[-71.26895,-29.81423],[-71.26889,-29.81431],[-71.26882,-29.81436],[-71.26871,-29.81443],[-71.26867,-29.81449],[-71.26873,-29.81455],[-71.26884,-29.81459],[-71.26891,-29.8147],[-71.26891,-29.81471],[-71.26895,-29.8148],[-71.26895,-29.81481],[-71.26899,-29.81492],[-71.269,-29.81493],[-71.26902,-29.81494],[-71.26911,-29.81508],[-71.26914,-29.8152],[-71.26895,-29.81532],[-71.26869,-29.81541],[-71.26848,-29.8154],[-71.26822,-29.8153],[-71.26807,-29.81514],[-71.26798,-29.81502],[-71.26789,-29.81508],[-71.26783,-29.81512],[-71.26777,-29.81512],[-71.26771,-29.81516],[-71.26771,-29.81517],[-71.26768,-29.81523],[-71.26762,-29.81528],[-71.26756,-29.81534],[-71.26741,-29.8154],[-71.26719,-29.81544],[-71.26698,-29.81545],[-71.26684,-29.81551],[-71.26671,-29.81562],[-71.26612,-29.81616],[-71.2661,-29.81619],[-71.26577,-29.81661],[-71.26564,-29.81683],[-71.26562,-29.81687],[-71.26555,-29.81706],[-71.26552,-29.81709],[-71.2655,-29.81715],[-71.26536,-29.8173],[-71.26533,-29.81733],[-71.26508,-29.81749],[-71.26507,-29.81751],[-71.2648,-29.81765],[-71.26451,-29.81787],[-71.26428,-29.81807],[-71.26414,-29.81827],[-71.26413,-29.81828],[-71.26377,-29.8185],[-71.26354,-29.81855],[-71.26348,-29.81868],[-71.26349,-29.81871],[-71.26353,-29.81888],[-71.26364,-29.81897],[-71.26366,-29.81899],[-71.26376,-29.81916],[-71.26359,-29.8194],[-71.26339,-29.81962],[-71.26328,-29.81982],[-71.26296,-29.82026],[-71.26246,-29.82106],[-71.26219,-29.82151],[-71.26203,-29.82192],[-71.26177,-29.82217],[-71.26143,-29.82239],[-71.2611,-29.82266],[-71.26102,-29.82279],[-71.26101,-29.82305],[-71.26101,-29.82309],[-71.26095,-29.82324],[-71.26074,-29.82362],[-71.2605,-29.82404],[-71.26028,-29.82442],[-71.26028,-29.82443],[-71.26005,-29.82479],[-71.26004,-29.82482],[-71.25975,-29.8252],[-71.2594,-29.82573],[-71.25929,-29.82594],[-71.2592,-29.82623],[-71.25919,-29.82625],[-71.25913,-29.82644],[-71.25918,-29.82666],[-71.25918,-29.82669],[-71.25911,-29.82696],[-71.25911,-29.82699],[-71.25911,-29.82725],[-71.25912,-29.82726],[-71.25906,-29.82748],[-71.25899,-29.82764],[-71.25893,-29.82782],[-71.25893,-29.82784],[-71.25881,-29.82806],[-71.2588,-29.82808],[-71.25865,-29.82816],[-71.2586,-29.82833],[-71.25836,-29.82853],[-71.25835,-29.82854],[-71.25811,-29.82873],[-71.2581,-29.82875],[-71.25807,-29.82878],[-71.25788,-29.82891],[-71.25785,-29.82893],[-71.2577,-29.82907],[-71.2577,-29.82909],[-71.25765,-29.82923],[-71.25765,-29.82927],[-71.2577,-29.82946],[-71.25772,-29.8295],[-71.25783,-29.82966],[-71.25784,-29.82968],[-71.25798,-29.82987],[-71.25798,-29.82989],[-71.25803,-29.83009],[-71.25815,-29.83038],[-71.25821,-29.83059],[-71.25832,-29.83077],[-71.25843,-29.83099],[-71.25848,-29.83132],[-71.25849,-29.83165],[-71.25855,-29.83191],[-71.25857,-29.83217],[-71.25852,-29.83233],[-71.25851,-29.83235],[-71.25842,-29.83254],[-71.25841,-29.83255],[-71.2583,-29.8327],[-71.25829,-29.83272],[-71.25818,-29.83279],[-71.25782,-29.83262],[-71.25745,-29.83248],[-71.25738,-29.83247],[-71.25736,-29.83247],[-71.25709,-29.83235],[-71.25681,-29.8322],[-71.25657,-29.83211],[-71.25655,-29.83211],[-71.25626,-29.83203],[-71.25624,-29.83203],[-71.25596,-29.83193],[-71.25563,-29.83188],[-71.25537,-29.83195],[-71.25538,-29.83215],[-71.25538,-29.83216],[-71.25552,-29.83241],[-71.25555,-29.83245],[-71.2557,-29.83269],[-71.25579,-29.83287],[-71.25602,-29.83321],[-71.25625,-29.83341],[-71.25641,-29.83355],[-71.25653,-29.8338],[-71.25667,-29.83403],[-71.25669,-29.83419],[-71.25668,-29.83439],[-71.25656,-29.83447],[-71.25628,-29.83447],[-71.25613,-29.8345],[-71.25587,-29.83452],[-71.25555,-29.83462],[-71.25552,-29.83463],[-71.25536,-29.83468],[-71.25532,-29.83468],[-71.25512,-29.83468],[-71.25509,-29.83469],[-71.25483,-29.83464],[-71.25468,-29.83458],[-71.25451,-29.83462],[-71.25429,-29.83477],[-71.25405,-29.83503],[-71.25388,-29.83539],[-71.25381,-29.83585],[-71.25373,-29.83618],[-71.25364,-29.83673],[-71.25347,-29.83703],[-71.25345,-29.83705],[-71.25326,-29.83728],[-71.25327,-29.83807],[-71.25324,-29.83839],[-71.25315,-29.83877],[-71.25307,-29.83889],[-71.25291,-29.83909],[-71.25286,-29.83925],[-71.25286,-29.83928],[-71.25286,-29.8396],[-71.25275,-29.83998],[-71.25257,-29.84022],[-71.25245,-29.84039],[-71.25222,-29.8405],[-71.25211,-29.8407],[-71.25218,-29.84092],[-71.25218,-29.84094],[-71.25217,-29.84124],[-71.25212,-29.84154],[-71.25201,-29.8421],[-71.25194,-29.84251],[-71.25186,-29.84267],[-71.25165,-29.84287],[-71.25144,-29.84307],[-71.25131,-29.84324],[-71.25127,-29.84344],[-71.25125,-29.84365],[-71.25126,-29.84391],[-71.25131,-29.84416],[-71.2514,-29.84442],[-71.25141,-29.84472],[-71.25127,-29.84518],[-71.25121,-29.84534],[-71.2512,-29.84537],[-71.25108,-29.84555],[-71.25106,-29.84556],[-71.25099,-29.84572],[-71.25098,-29.84574],[-71.25097,-29.84591],[-71.25097,-29.84595],[-71.251,-29.84609],[-71.251,-29.84623],[-71.25097,-29.84639],[-71.25097,-29.84657],[-71.25099,-29.84677],[-71.251,-29.84681],[-71.25101,-29.84697],[-71.25101,-29.84699],[-71.25093,-29.84727],[-71.25082,-29.84739],[-71.25081,-29.8474],[-71.25067,-29.84758],[-71.25054,-29.84795],[-71.25045,-29.84828],[-71.25042,-29.84853],[-71.25042,-29.84857],[-71.25049,-29.84868],[-71.25065,-29.84882],[-71.25078,-29.84897],[-71.25094,-29.84911],[-71.25106,-29.84925],[-71.25108,-29.84942],[-71.25101,-29.84957],[-71.25092,-29.84969],[-71.25089,-29.84986],[-71.25084,-29.85011],[-71.25079,-29.85028],[-71.25068,-29.85036],[-71.25052,-29.85048],[-71.25031,-29.8506],[-71.25024,-29.85075],[-71.25019,-29.85093],[-71.25011,-29.85107],[-71.24989,-29.85137],[-71.24969,-29.85157],[-71.24957,-29.85169],[-71.24947,-29.85176],[-71.24923,-29.85181],[-71.24895,-29.85186],[-71.24872,-29.85193],[-71.24866,-29.85204],[-71.24861,-29.85221],[-71.24859,-29.85263],[-71.24864,-29.85305],[-71.2488,-29.85346],[-71.24889,-29.85383],[-71.24893,-29.85416],[-71.24897,-29.85435],[-71.24889,-29.85448],[-71.24883,-29.85466],[-71.2488,-29.85493],[-71.24881,-29.85496],[-71.24878,-29.85515],[-71.24877,-29.85525],[-71.24875,-29.85541],[-71.24874,-29.85566],[-71.2488,-29.85595],[-71.24889,-29.85616],[-71.24906,-29.85634],[-71.2493,-29.85645],[-71.24955,-29.85658],[-71.24968,-29.8567],[-71.24973,-29.85685],[-71.24977,-29.85706],[-71.24979,-29.85729],[-71.24981,-29.85756],[-71.24987,-29.85776],[-71.24986,-29.85794],[-71.24978,-29.85824],[-71.24973,-29.85843],[-71.24973,-29.85853],[-71.24977,-29.85865],[-71.24986,-29.85881],[-71.24992,-29.8589],[-71.25005,-29.85901],[-71.25006,-29.85904]]]}},{"type":"Feature","id":"27","properties":{"codigo":"27","nombre":"CALETA SAN PEDRO","area":"Urbana","lon":-71.26519,"lat":-29.87683},"geometry":{"type":"Polygon","coordinates":[[[-71.27661,-29.86322],[-71.27566,-29.8631],[-71.27517,-29.86302],[-71.27497,-29.86299],[-71.27467,-29.86296],[-71.27454,-29.86292],[-71.27441,-29.86291],[-71.27426,-29.86292],[-71.2738,-29.86288],[-71.27365,-29.86285],[-71.27335,-29.86285],[-71.27325,-29.86282],[-71.27311,-29.86281],[-71.27293,-29.86279],[-71.2728,-29.86279],[-71.2727,-29.86278],[-71.27262,-29.86275],[-71.27251,-29.86274],[-71.27246,-29.86273],[-71.27183,-29.86256],[-71.27175,-29.86254],[-71.27091,-29.86239],[-71.27043,-29.8623],[-71.2696,-29.86216],[-71.2687,-29.86201],[-71.26827,-29.86195],[-71.2677,-29.86184],[-71.26742,-29.86181],[-71.26665,-29.86171],[-71.26599,-29.8616],[-71.26566,-29.86154],[-71.26495,-29.86142],[-71.26481,-29.86137],[-71.26463,-29.86125],[-71.26418,-29.86096],[-71.26351,-29.86053],[-71.26291,-29.86014],[-71.26225,-29.85972],[-71.26167,-29.85937],[-71.26098,-29.85895],[-71.26057,-29.85874],[-71.26015,-29.85863],[-71.25962,-29.85855],[-71.25892,-29.85841],[-71.25823,-29.85832],[-71.25757,-29.85821],[-71.25678,-29.85811],[-71.25592,-29.85801],[-71.25489,-29.85788],[-71.25431,-29.85783],[-71.25376,-29.85781],[-71.25367,-29.85809],[-71.25359,-29.85845],[-71.25357,-29.85865],[-71.25356,-29.85881],[-71.25357,-29.85892],[-71.25356,-29.85911],[-71.25357,-29.85934],[-71.25365,-29.86005],[-71.25368,-29.86035],[-71.25376,-29.86111],[-71.25381,-29.86153],[-71.25387,-29.86206],[-71.25395,-29.8629],[-71.25403,-29.86365],[-71.2541,-29.8643],[-71.2542,-29.86522],[-71.25426,-29.86581],[-71.25428,-29.86613],[-71.25435,-29.86657],[-71.25439,-29.86697],[-71.25442,-29.86735],[-71.25449,-29.86793],[-71.25454,-29.86841],[-71.25461,-29.86902],[-71.25463,-29.86935],[-71.25465,-29.86953],[-71.25471,-29.87003],[-71.25474,-29.87032],[-71.25478,-29.87063],[-71.2548,-29.8708],[-71.25482,-29.87108],[-71.25487,-29.8715],[-71.25489,-29.87174],[-71.25495,-29.87231],[-71.255,-29.87267],[-71.25504,-29.87311],[-71.25511,-29.87382],[-71.25517,-29.87432],[-71.25524,-29.87506],[-71.2553,-29.87556],[-71.25535,-29.87607],[-71.2554,-29.87654],[-71.25546,-29.87712],[-71.25549,-29.87741],[-71.25552,-29.87769],[-71.25559,-29.87832],[-71.25563,-29.87872],[-71.25567,-29.87907],[-71.2557,-29.87937],[-71.25573,-29.87961],[-71.25575,-29.87987],[-71.25577,-29.88008],[-71.25579,-29.88036],[-71.25579,-29.88056],[-71.25579,-29.88079],[-71.25578,-29.88099],[-71.25575,-29.8813],[-71.25571,-29.88155],[-71.25563,-29.88191],[-71.25558,-29.88215],[-71.25547,-29.8826],[-71.25532,-29.88318],[-71.25526,-29.88343],[-71.25513,-29.88392],[-71.255,-29.88445],[-71.25476,-29.88538],[-71.25454,-29.88628],[-71.25424,-29.88753],[-71.25404,-29.8883],[-71.25387,-29.88897],[-71.25367,-29.8898],[-71.25343,-29.89054],[-71.2533,-29.89122],[-71.25316,-29.89183],[-71.25307,-29.89218],[-71.25298,-29.89252],[-71.2529,-29.89283],[-71.25289,-29.89313],[-71.2529,-29.89334],[-71.25297,-29.89377],[-71.25302,-29.89394],[-71.25311,-29.89416],[-71.25318,-29.89434],[-71.25329,-29.89451],[-71.25343,-29.89473],[-71.25371,-29.89521],[-71.254,-29.89566],[-71.25543,-29.89519],[-71.25618,-29.89495],[-71.25729,-29.89459],[-71.25802,-29.89447],[-71.25951,-29.89447],[-71.26033,-29.89444],[-71.26173,-29.89443],[-71.26257,-29.8944],[-71.26265,-29.89441],[-71.26396,-29.89444],[-71.26489,-29.89445],[-71.26523,-29.89447],[-71.2671,-29.89448],[-71.26805,-29.89409],[-71.26867,-29.89384],[-71.26943,-29.89388],[-71.27033,-29.89414],[-71.27135,-29.89454],[-71.27224,-29.89464],[-71.2725,-29.89477],[-71.27304,-29.89482],[-71.27436,-29.89503],[-71.27441,-29.89432],[-71.27411,-29.89258],[-71.2743,-29.89111],[-71.27406,-29.88817],[-71.2744,-29.88605],[-71.27437,-29.88319],[-71.27485,-29.88142],[-71.27497,-29.87572],[-71.27539,-29.87401],[-71.27542,-29.87177],[-71.27661,-29.86322]]]}},{"type":"Feature","id":"28","properties":{"codigo":"28","nombre":"VEGAS SUR","area":"Urbana","lon":-71.27182,"lat":-29.93028},"geometry":{"type":"Polygon","coordinates":[[[-71.27566,-29.90986],[-71.27447,-29.90987],[-71.27399,-29.90988],[-71.27347,-29.90988],[-71.27286,-29.90986],[-71.27237,-29.90986],[-71.27165,-29.90985],[-71.271,-29.90986],[-71.27047,-29.90985],[-71.26998,-29.90985],[-71.26943,-29.90984],[-71.26885,-29.90984],[-71.26823,-29.90985],[-71.2677,-29.90985],[-71.26705,-29.90986],[-71.26658,-29.90987],[-71.26608,-29.90988],[-71.26571,-29.90989],[-71.2653,-29.90992],[-71.26498,-29.90991],[-71.26455,-29.90992],[-71.26372,-29.90994],[-71.26313,-29.90994],[-71.26268,-29.90994],[-71.26259,-29.90993],[-71.26249,-29.90991],[-71.26237,-29.90991],[-71.26225,-29.90991],[-71.26159,-29.90993],[-71.26088,-29.90994],[-71.26023,-29.90992],[-71.25965,-29.90991],[-71.25934,-29.9099],[-71.25922,-29.9099],[-71.25909,-29.90992],[-71.25928,-29.9104],[-71.26017,-29.91229],[-71.26024,-29.9125],[-71.2613,-29.91492],[-71.26168,-29.91576],[-71.26201,-29.91636],[-71.26234,-29.91692],[-71.26241,-29.91702],[-71.26251,-29.91719],[-71.26273,-29.91745],[-71.2632,-29.918],[-71.26296,-29.91802],[-71.26024,-29.9186],[-71.25946,-29.91917],[-71.25802,-29.9196],[-71.25805,-29.91968],[-71.25841,-29.92045],[-71.25898,-29.92195],[-71.25902,-29.92206],[-71.25929,-29.92326],[-71.25933,-29.9234],[-71.26009,-29.92563],[-71.26015,-29.92578],[-71.26079,-29.92745],[-71.26106,-29.92836],[-71.26137,-29.92903],[-71.26283,-29.93208],[-71.26468,-29.93527],[-71.26554,-29.93686],[-71.26648,-29.93864],[-71.26792,-29.94048],[-71.26802,-29.94087],[-71.26904,-29.94203],[-71.27037,-29.94288],[-71.2706,-29.94305],[-71.27094,-29.94333],[-71.27118,-29.94357],[-71.27161,-29.94395],[-71.27198,-29.94435],[-71.27271,-29.94536],[-71.2731,-29.94593],[-71.27416,-29.94689],[-71.27548,-29.94814],[-71.27633,-29.94898],[-71.27639,-29.9493],[-71.28031,-29.95085],[-71.28094,-29.95093],[-71.28207,-29.95062],[-71.28315,-29.94951],[-71.28403,-29.94917],[-71.28551,-29.9489],[-71.28714,-29.94937],[-71.28811,-29.94923],[-71.2841,-29.9442],[-71.28866,-29.94115],[-71.28468,-29.93571],[-71.28225,-29.93152],[-71.28004,-29.92676],[-71.27723,-29.91897],[-71.2763,-29.91456],[-71.27566,-29.90986]]]}},{"type":"Feature","id":"29","properties":{"codigo":"29","nombre":"CERES","area":"Urbana","lon":-71.19729,"lat":-29.92593},"geometry":{"type":"Polygon","coordinates":[[[-71.20412,-29.93098],[-71.20357,-29.9287],[-71.20311,-29.92672],[-71.20231,-29.92379],[-71.20215,-29.92321],[-71.20159,-29.92095],[-71.20154,-29.92079],[-71.20103,-29.91851],[-71.20021,-29.91879],[-71.19839,-29.91944],[-71.19778,-29.91965],[-71.19694,-29.91995],[-71.19575,-29.92036],[-71.19453,-29.92078],[-71.19336,-29.92118],[-71.19227,-29.92156],[-71.19094,-29.92202],[-71.19052,-29.92216],[-71.19144,-29.92514],[-71.19192,-29.92674],[-71.19246,-29.92849],[-71.19281,-29.92963],[-71.19354,-29.93193],[-71.19455,-29.93184],[-71.19687,-29.93163],[-71.19864,-29.93147],[-71.20178,-29.93119],[-71.20231,-29.93114],[-71.20269,-29.93111],[-71.20386,-29.931],[-71.20412,-29.93098]]]}},{"type":"Feature","id":"30","properties":{"codigo":"30","nombre":"LA FLORIDA","area":"Urbana","lon":-71.21858,"lat":-29.93131},"geometry":{"type":"Polygon","coordinates":[[[-71.20889,-29.95136],[-71.20904,-29.95133],[-71.20922,-29.9512],[-71.20933,-29.95112],[-71.20947,-29.95102],[-71.20956,-29.95095],[-71.20984,-29.95078],[-71.21007,-29.95064],[-71.21038,-29.95054],[-71.21067,-29.95044],[-71.21076,-29.95042],[-71.21142,-29.95027],[-71.21183,-29.95007],[-71.21167,-29.94966],[-71.21175,-29.94948],[-71.21205,-29.94893],[-71.2121,-29.94866],[-71.21208,-29.94847],[-71.21214,-29.94814],[-71.21214,-29.94804],[-71.21219,-29.94772],[-71.2122,-29.94753],[-71.2123,-29.94672],[-71.21242,-29.94641],[-71.21246,-29.94635],[-71.21248,-29.94628],[-71.21257,-29.94617],[-71.21263,-29.94605],[-71.21287,-29.94573],[-71.21294,-29.94564],[-71.21326,-29.94525],[-71.21354,-29.94482],[-71.2138,-29.94437],[-71.21412,-29.94416],[-71.21421,-29.94418],[-71.21424,-29.94404],[-71.21429,-29.94397],[-71.21438,-29.94391],[-71.21459,-29.94383],[-71.21506,-29.94365],[-71.2154,-29.94352],[-71.21579,-29.94322],[-71.21592,-29.94311],[-71.21634,-29.94279],[-71.21669,-29.94252],[-71.21687,-29.94234],[-71.21703,-29.94208],[-71.21711,-29.94194],[-71.21702,-29.94171],[-71.21699,-29.9416],[-71.2169,-29.94137],[-71.21694,-29.94115],[-71.21703,-29.94105],[-71.21719,-29.94105],[-71.21725,-29.94127],[-71.21733,-29.9414],[-71.21745,-29.94152],[-71.21754,-29.94161],[-71.21767,-29.94169],[-71.21776,-29.94175],[-71.21786,-29.94183],[-71.218,-29.94188],[-71.2181,-29.9419],[-71.21816,-29.9419],[-71.21826,-29.94189],[-71.21836,-29.94189],[-71.21845,-29.94188],[-71.21861,-29.94186],[-71.21869,-29.94183],[-71.21878,-29.94175],[-71.21886,-29.94163],[-71.21895,-29.94156],[-71.21903,-29.94155],[-71.21911,-29.94156],[-71.21927,-29.9416],[-71.21945,-29.94163],[-71.21952,-29.94163],[-71.21961,-29.94165],[-71.21967,-29.94164],[-71.21977,-29.94162],[-71.21966,-29.9414],[-71.21973,-29.94135],[-71.22001,-29.94159],[-71.2201,-29.94154],[-71.21998,-29.9414],[-71.21999,-29.94128],[-71.2201,-29.94128],[-71.22027,-29.94149],[-71.22042,-29.94153],[-71.22059,-29.94155],[-71.22069,-29.94156],[-71.22082,-29.94156],[-71.2209,-29.94149],[-71.22105,-29.94139],[-71.22114,-29.94126],[-71.22121,-29.94118],[-71.22129,-29.94112],[-71.22136,-29.94107],[-71.22147,-29.94099],[-71.22152,-29.94087],[-71.22161,-29.94079],[-71.22182,-29.94072],[-71.22196,-29.94068],[-71.22211,-29.94062],[-71.22234,-29.94053],[-71.22245,-29.94048],[-71.22267,-29.94041],[-71.22275,-29.94036],[-71.22287,-29.94027],[-71.223,-29.94019],[-71.22311,-29.9401],[-71.22336,-29.93994],[-71.2235,-29.93982],[-71.22368,-29.93971],[-71.2238,-29.93964],[-71.22395,-29.93958],[-71.22408,-29.93953],[-71.22416,-29.93952],[-71.22432,-29.93952],[-71.22447,-29.93951],[-71.22459,-29.93953],[-71.22481,-29.93955],[-71.22496,-29.93954],[-71.2251,-29.93951],[-71.22519,-29.93949],[-71.22544,-29.93944],[-71.2255,-29.93928],[-71.22551,-29.93918],[-71.22554,-29.93906],[-71.22549,-29.93889],[-71.22539,-29.93875],[-71.22525,-29.93867],[-71.22514,-29.93861],[-71.225,-29.93859],[-71.22481,-29.93855],[-71.22468,-29.93855],[-71.22447,-29.9385],[-71.22429,-29.93841],[-71.22415,-29.93827],[-71.22395,-29.93808],[-71.2237,-29.93786],[-71.2235,-29.93763],[-71.22324,-29.93717],[-71.22312,-29.937],[-71.22308,-29.93693],[-71.22304,-29.93683],[-71.22297,-29.93658],[-71.22291,-29.93636],[-71.22283,-29.93606],[-71.22284,-29.93584],[-71.22285,-29.93561],[-71.22288,-29.93534],[-71.22314,-29.93461],[-71.22285,-29.9341],[-71.22277,-29.93334],[-71.22302,-29.93304],[-71.22309,-29.93296],[-71.22324,-29.93272],[-71.22327,-29.93267],[-71.22344,-29.93251],[-71.22375,-29.93227],[-71.22402,-29.93208],[-71.22416,-29.93176],[-71.22421,-29.93157],[-71.22423,-29.93137],[-71.22413,-29.93124],[-71.22399,-29.93111],[-71.22388,-29.93097],[-71.22377,-29.93082],[-71.22368,-29.93057],[-71.22366,-29.9305],[-71.2236,-29.93032],[-71.22352,-29.93018],[-71.22348,-29.93008],[-71.22346,-29.93],[-71.22357,-29.92971],[-71.22367,-29.92945],[-71.22368,-29.92938],[-71.22372,-29.92922],[-71.22364,-29.92906],[-71.22367,-29.92878],[-71.22369,-29.92863],[-71.22358,-29.92843],[-71.22357,-29.92835],[-71.22357,-29.92811],[-71.22339,-29.92801],[-71.22316,-29.92797],[-71.22298,-29.92795],[-71.22288,-29.92793],[-71.2227,-29.92784],[-71.22162,-29.92729],[-71.22076,-29.92641],[-71.22007,-29.92571],[-71.219,-29.92484],[-71.21877,-29.92433],[-71.21867,-29.92412],[-71.2173,-29.92212],[-71.2174,-29.92208],[-71.21753,-29.92203],[-71.21763,-29.92201],[-71.21782,-29.92197],[-71.21795,-29.92197],[-71.21803,-29.92196],[-71.21821,-29.92195],[-71.21839,-29.92193],[-71.2185,-29.92192],[-71.21863,-29.92191],[-71.21877,-29.92191],[-71.21901,-29.92181],[-71.21921,-29.92172],[-71.21934,-29.92164],[-71.21943,-29.9216],[-71.21949,-29.92153],[-71.21959,-29.92144],[-71.21968,-29.92126],[-71.21973,-29.92121],[-71.21986,-29.92112],[-71.21994,-29.92108],[-71.22013,-29.921],[-71.22028,-29.92093],[-71.22039,-29.92085],[-71.22072,-29.92063],[-71.21965,-29.91967],[-71.21965,-29.91961],[-71.22084,-29.91906],[-71.21954,-29.91698],[-71.21926,-29.91659],[-71.21849,-29.91547],[-71.21769,-29.91394],[-71.21738,-29.9133],[-71.21718,-29.91291],[-71.21688,-29.91301],[-71.21674,-29.91307],[-71.2167,-29.91298],[-71.2164,-29.91247],[-71.21681,-29.91215],[-71.21699,-29.91179],[-71.21706,-29.91169],[-71.21715,-29.91162],[-71.21729,-29.91152],[-71.21731,-29.91147],[-71.21733,-29.91143],[-71.21732,-29.91134],[-71.21733,-29.91128],[-71.21736,-29.91124],[-71.21739,-29.91119],[-71.21716,-29.91123],[-71.21672,-29.91133],[-71.21617,-29.91148],[-71.21596,-29.91155],[-71.21567,-29.91165],[-71.2153,-29.91175],[-71.21482,-29.91199],[-71.21425,-29.91227],[-71.21345,-29.91275],[-71.21293,-29.91306],[-71.2117,-29.91374],[-71.21112,-29.91407],[-71.21067,-29.91441],[-71.21047,-29.91456],[-71.21033,-29.91477],[-71.21026,-29.91495],[-71.21026,-29.91507],[-71.21026,-29.91525],[-71.20947,-29.91555],[-71.20878,-29.9158],[-71.20675,-29.91652],[-71.20577,-29.91687],[-71.20385,-29.91753],[-71.2026,-29.91796],[-71.20135,-29.9184],[-71.20103,-29.91851],[-71.20154,-29.92079],[-71.20159,-29.92095],[-71.20215,-29.92321],[-71.20231,-29.92379],[-71.20311,-29.92672],[-71.20357,-29.9287],[-71.20412,-29.93098],[-71.20415,-29.93098],[-71.20444,-29.93095],[-71.20468,-29.93093],[-71.20486,-29.9309],[-71.20518,-29.93084],[-71.20564,-29.93076],[-71.20583,-29.9307],[-71.20652,-29.93049],[-71.20667,-29.93042],[-71.2068,-29.93036],[-71.20708,-29.93024],[-71.20728,-29.93013],[-71.20764,-29.92994],[-71.20848,-29.92935],[-71.21014,-29.92808],[-71.21085,-29.92764],[-71.21094,-29.9278],[-71.21135,-29.92852],[-71.21149,-29.92875],[-71.21183,-29.92934],[-71.21268,-29.93081],[-71.21301,-29.93137],[-71.21295,-29.93144],[-71.21071,-29.93421],[-71.21043,-29.93535],[-71.21031,-29.93588],[-71.21008,-29.93682],[-71.20999,-29.93724],[-71.20996,-29.93734],[-71.20992,-29.93744],[-71.20992,-29.93762],[-71.20992,-29.93771],[-71.20991,-29.93788],[-71.20991,-29.93805],[-71.20988,-29.93816],[-71.20985,-29.93828],[-71.20982,-29.9384],[-71.20981,-29.93859],[-71.20984,-29.93873],[-71.20987,-29.93892],[-71.20995,-29.93922],[-71.20994,-29.93928],[-71.20993,-29.93945],[-71.20992,-29.93954],[-71.20991,-29.93965],[-71.20991,-29.93983],[-71.20987,-29.93992],[-71.20984,-29.94001],[-71.20981,-29.94007],[-71.2098,-29.94029],[-71.20985,-29.94051],[-71.2099,-29.94078],[-71.20998,-29.94104],[-71.2101,-29.94143],[-71.2102,-29.94169],[-71.2104,-29.9422],[-71.21059,-29.94277],[-71.21061,-29.94285],[-71.21067,-29.94312],[-71.21075,-29.94342],[-71.21084,-29.94377],[-71.21089,-29.94394],[-71.21095,-29.94415],[-71.21105,-29.94451],[-71.21108,-29.94463],[-71.21108,-29.94479],[-71.21109,-29.94497],[-71.2111,-29.94528],[-71.2111,-29.94551],[-71.21112,-29.94578],[-71.21114,-29.94598],[-71.21115,-29.94605],[-71.21116,-29.94614],[-71.21121,-29.94635],[-71.21127,-29.94663],[-71.21128,-29.94669],[-71.21129,-29.94688],[-71.2113,-29.94705],[-71.21131,-29.9472],[-71.21132,-29.9473],[-71.21132,-29.94735],[-71.21131,-29.94741],[-71.21128,-29.94748],[-71.21125,-29.94755],[-71.2112,-29.94767],[-71.21118,-29.94769],[-71.2111,-29.94775],[-71.21105,-29.94779],[-71.211,-29.94783],[-71.21089,-29.94802],[-71.21083,-29.94811],[-71.21078,-29.94814],[-71.21057,-29.94825],[-71.21041,-29.94834],[-71.2103,-29.94841],[-71.21015,-29.9485],[-71.21003,-29.94859],[-71.21002,-29.94862],[-71.20998,-29.94871],[-71.20991,-29.94885],[-71.20989,-29.9489],[-71.20986,-29.94896],[-71.2098,-29.94909],[-71.20974,-29.94921],[-71.20971,-29.94927],[-71.20967,-29.94941],[-71.20964,-29.94954],[-71.2096,-29.94967],[-71.20957,-29.9498],[-71.20956,-29.94982],[-71.20951,-29.94993],[-71.20946,-29.95005],[-71.20943,-29.95013],[-71.20938,-29.9502],[-71.20924,-29.95039],[-71.20918,-29.95046],[-71.20907,-29.95059],[-71.20888,-29.95079],[-71.20885,-29.95083],[-71.20886,-29.95103],[-71.20888,-29.95128],[-71.20889,-29.95136]]]}},{"type":"Feature","id":"31","properties":{"codigo":"31","nombre":"SAN JOAQUÍN","area":"Urbana","lon":-71.23633,"lat":-29.93167},"geometry":{"type":"Polygon","coordinates":[[[-71.24941,-29.92927],[-71.24871,-29.92782],[-71.24864,-29.92769],[-71.24751,-29.92484],[-71.24653,-29.92232],[-71.24577,-29.9205],[-71.24556,-29.91999],[-71.2452,-29.91924],[-71.24482,-29.91881],[-71.24435,-29.91653],[-71.24419,-29.91558],[-71.24408,-29.91493],[-71.24395,-29.91453],[-71.24394,-29.91444],[-71.24366,-29.91127],[-71.24363,-29.91121],[-71.24356,-29.91097],[-71.24353,-29.91068],[-71.24342,-29.91042],[-71.24339,-29.91033],[-71.24329,-29.91026],[-71.24326,-29.91014],[-71.24307,-29.90971],[-71.24303,-29.90965],[-71.24265,-29.90907],[-71.24197,-29.90878],[-71.24157,-29.90838],[-71.24118,-29.90792],[-71.24085,-29.90767],[-71.24279,-29.90714],[-71.24286,-29.90712],[-71.24322,-29.90708],[-71.24363,-29.90717],[-71.2437,-29.90735],[-71.24375,-29.90731],[-71.24369,-29.90713],[-71.24359,-29.90683],[-71.23966,-29.90724],[-71.23917,-29.90729],[-71.23419,-29.90781],[-71.23371,-29.90792],[-71.23309,-29.90808],[-71.23288,-29.90814],[-71.23282,-29.9082],[-71.23279,-29.90827],[-71.23299,-29.90825],[-71.2332,-29.90828],[-71.23413,-29.90849],[-71.23496,-29.90847],[-71.2358,-29.90847],[-71.23673,-29.90845],[-71.23687,-29.90845],[-71.23702,-29.90844],[-71.23716,-29.90842],[-71.23743,-29.90832],[-71.23763,-29.90826],[-71.23797,-29.90813],[-71.23812,-29.90808],[-71.23833,-29.90801],[-71.23861,-29.90795],[-71.23861,-29.90797],[-71.23838,-29.90803],[-71.23812,-29.90812],[-71.23783,-29.90825],[-71.23768,-29.90833],[-71.23708,-29.90862],[-71.23683,-29.90871],[-71.2366,-29.90877],[-71.23613,-29.90879],[-71.23536,-29.90885],[-71.23526,-29.90887],[-71.23483,-29.90893],[-71.2342,-29.90906],[-71.23379,-29.90918],[-71.23321,-29.90936],[-71.23296,-29.90948],[-71.23232,-29.90978],[-71.23167,-29.91004],[-71.23087,-29.91039],[-71.23068,-29.91047],[-71.23059,-29.91052],[-71.23052,-29.91058],[-71.23034,-29.91073],[-71.23016,-29.91087],[-71.23004,-29.91101],[-71.22975,-29.91122],[-71.22963,-29.91129],[-71.22952,-29.91136],[-71.22923,-29.91148],[-71.2291,-29.91148],[-71.22892,-29.91155],[-71.22873,-29.91165],[-71.22854,-29.91182],[-71.22831,-29.91205],[-71.2281,-29.91218],[-71.22793,-29.91227],[-71.22773,-29.91237],[-71.22758,-29.91243],[-71.22732,-29.91248],[-71.22701,-29.91251],[-71.22672,-29.9125],[-71.22649,-29.91249],[-71.22627,-29.9125],[-71.22614,-29.91252],[-71.22597,-29.91252],[-71.22581,-29.91253],[-71.2257,-29.91252],[-71.22552,-29.91251],[-71.22545,-29.91252],[-71.22529,-29.91253],[-71.22513,-29.91254],[-71.22497,-29.91255],[-71.2248,-29.91258],[-71.22466,-29.91261],[-71.22451,-29.91265],[-71.2243,-29.91273],[-71.22387,-29.91291],[-71.22346,-29.91317],[-71.22303,-29.91345],[-71.22277,-29.91358],[-71.22271,-29.91366],[-71.22256,-29.9137],[-71.2223,-29.91385],[-71.2221,-29.91389],[-71.22192,-29.91395],[-71.22181,-29.914],[-71.22175,-29.91402],[-71.22185,-29.91413],[-71.22194,-29.9142],[-71.22203,-29.91423],[-71.22214,-29.91421],[-71.22227,-29.91418],[-71.22242,-29.91413],[-71.22257,-29.91409],[-71.22268,-29.91405],[-71.22276,-29.91402],[-71.22286,-29.91393],[-71.22311,-29.91366],[-71.22361,-29.91355],[-71.22382,-29.91348],[-71.22399,-29.91348],[-71.2243,-29.91341],[-71.22458,-29.91332],[-71.2247,-29.91329],[-71.22491,-29.91322],[-71.2252,-29.91312],[-71.22546,-29.91305],[-71.22593,-29.91297],[-71.22632,-29.91301],[-71.22657,-29.91309],[-71.22687,-29.9131],[-71.22698,-29.91308],[-71.22744,-29.91294],[-71.22798,-29.91278],[-71.22823,-29.91271],[-71.22855,-29.91254],[-71.229,-29.91228],[-71.22922,-29.91206],[-71.22955,-29.91185],[-71.22982,-29.9118],[-71.23007,-29.91171],[-71.2302,-29.91164],[-71.23052,-29.91153],[-71.23073,-29.91145],[-71.23112,-29.91131],[-71.23153,-29.91117],[-71.23183,-29.91102],[-71.23218,-29.91092],[-71.23257,-29.91092],[-71.23281,-29.911],[-71.23286,-29.91109],[-71.23274,-29.91134],[-71.23265,-29.91144],[-71.23173,-29.91241],[-71.23136,-29.91278],[-71.23019,-29.91403],[-71.23043,-29.91424],[-71.23001,-29.91433],[-71.22961,-29.91464],[-71.22955,-29.91473],[-71.22935,-29.91486],[-71.22912,-29.91504],[-71.22906,-29.91507],[-71.22883,-29.91529],[-71.22852,-29.91561],[-71.22822,-29.91585],[-71.22796,-29.91604],[-71.22778,-29.91618],[-71.22756,-29.91624],[-71.22735,-29.91632],[-71.22727,-29.91635],[-71.2271,-29.9164],[-71.22693,-29.91649],[-71.22671,-29.9166],[-71.22648,-29.91675],[-71.22644,-29.9168],[-71.22622,-29.91705],[-71.22599,-29.91716],[-71.22574,-29.91727],[-71.2256,-29.91732],[-71.22525,-29.91748],[-71.22508,-29.91754],[-71.22494,-29.91771],[-71.22491,-29.91778],[-71.22469,-29.91787],[-71.22461,-29.91794],[-71.22446,-29.91796],[-71.2243,-29.91807],[-71.22423,-29.91812],[-71.22414,-29.91815],[-71.22395,-29.91821],[-71.2238,-29.91831],[-71.22361,-29.91843],[-71.22351,-29.91852],[-71.22337,-29.91858],[-71.22316,-29.91876],[-71.22299,-29.91912],[-71.22293,-29.9192],[-71.22286,-29.91938],[-71.22271,-29.91968],[-71.22263,-29.91998],[-71.22259,-29.92013],[-71.22238,-29.92034],[-71.22174,-29.92049],[-71.22147,-29.92006],[-71.22084,-29.91906],[-71.21965,-29.91961],[-71.21965,-29.91967],[-71.22072,-29.92063],[-71.22039,-29.92085],[-71.22028,-29.92093],[-71.22013,-29.921],[-71.21994,-29.92108],[-71.21986,-29.92112],[-71.21973,-29.92121],[-71.21968,-29.92126],[-71.21959,-29.92144],[-71.21949,-29.92153],[-71.21943,-29.9216],[-71.21934,-29.92164],[-71.21921,-29.92172],[-71.21901,-29.92181],[-71.21877,-29.92191],[-71.21863,-29.92191],[-71.2185,-29.92192],[-71.21839,-29.92193],[-71.21821,-29.92195],[-71.21803,-29.92196],[-71.21795,-29.92197],[-71.21782,-29.92197],[-71.21763,-29.92201],[-71.21753,-29.92203],[-71.2174,-29.92208],[-71.2173,-29.92212],[-71.21867,-29.92412],[-71.21877,-29.92433],[-71.219,-29.92484],[-71.22007,-29.92571],[-71.22076,-29.92641],[-71.22162,-29.92729],[-71.2227,-29.92784],[-71.22288,-29.92793],[-71.22298,-29.92795],[-71.22316,-29.92797],[-71.22339,-29.92801],[-71.22357,-29.92811],[-71.22357,-29.92835],[-71.22358,-29.92843],[-71.22369,-29.92863],[-71.22367,-29.92878],[-71.22364,-29.92906],[-71.22372,-29.92922],[-71.22368,-29.92938],[-71.22367,-29.92945],[-71.22357,-29.92971],[-71.22346,-29.93],[-71.22348,-29.93008],[-71.22352,-29.93018],[-71.2236,-29.93032],[-71.22366,-29.9305],[-71.22368,-29.93057],[-71.22377,-29.93082],[-71.22388,-29.93097],[-71.22399,-29.93111],[-71.22413,-29.93124],[-71.22423,-29.93137],[-71.22421,-29.93157],[-71.22416,-29.93176],[-71.22402,-29.93208],[-71.22375,-29.93227],[-71.22344,-29.93251],[-71.22327,-29.93267],[-71.22324,-29.93272],[-71.22309,-29.93296],[-71.22302,-29.93304],[-71.22277,-29.93334],[-71.22285,-29.9341],[-71.22314,-29.93461],[-71.22288,-29.93534],[-71.22285,-29.93561],[-71.22284,-29.93584],[-71.22283,-29.93606],[-71.22291,-29.93636],[-71.22297,-29.93658],[-71.22304,-29.93683],[-71.22308,-29.93693],[-71.22312,-29.937],[-71.22324,-29.93717],[-71.2235,-29.93763],[-71.2237,-29.93786],[-71.22395,-29.93808],[-71.22415,-29.93827],[-71.22429,-29.93841],[-71.22447,-29.9385],[-71.22468,-29.93855],[-71.22481,-29.93855],[-71.225,-29.93859],[-71.22514,-29.93861],[-71.22525,-29.93867],[-71.22539,-29.93875],[-71.22549,-29.93889],[-71.22554,-29.93906],[-71.22551,-29.93918],[-71.2255,-29.93928],[-71.22544,-29.93944],[-71.22519,-29.93949],[-71.2251,-29.93951],[-71.22496,-29.93954],[-71.22481,-29.93955],[-71.22459,-29.93953],[-71.22447,-29.93951],[-71.22432,-29.93952],[-71.22416,-29.93952],[-71.22408,-29.93953],[-71.22395,-29.93958],[-71.2238,-29.93964],[-71.22368,-29.93971],[-71.2235,-29.93982],[-71.22336,-29.93994],[-71.22311,-29.9401],[-71.223,-29.94019],[-71.22287,-29.94027],[-71.22275,-29.94036],[-71.22267,-29.94041],[-71.22245,-29.94048],[-71.22234,-29.94053],[-71.22211,-29.94062],[-71.22196,-29.94068],[-71.22182,-29.94072],[-71.22161,-29.94079],[-71.22152,-29.94087],[-71.22147,-29.94099],[-71.22136,-29.94107],[-71.22129,-29.94112],[-71.22121,-29.94118],[-71.22114,-29.94126],[-71.22105,-29.94139],[-71.2209,-29.94149],[-71.22082,-29.94156],[-71.22069,-29.94156],[-71.22059,-29.94155],[-71.22042,-29.94153],[-71.22027,-29.94149],[-71.2201,-29.94128],[-71.21999,-29.94128],[-71.21998,-29.9414],[-71.2201,-29.94154],[-71.22001,-29.94159],[-71.21973,-29.94135],[-71.21966,-29.9414],[-71.21977,-29.94162],[-71.21967,-29.94164],[-71.21961,-29.94165],[-71.21952,-29.94163],[-71.21945,-29.94163],[-71.21927,-29.9416],[-71.21911,-29.94156],[-71.21903,-29.94155],[-71.21895,-29.94156],[-71.21886,-29.94163],[-71.21878,-29.94175],[-71.21869,-29.94183],[-71.21861,-29.94186],[-71.21845,-29.94188],[-71.21836,-29.94189],[-71.21826,-29.94189],[-71.21816,-29.9419],[-71.2181,-29.9419],[-71.218,-29.94188],[-71.21786,-29.94183],[-71.21776,-29.94175],[-71.21767,-29.94169],[-71.21754,-29.94161],[-71.21745,-29.94152],[-71.21733,-29.9414],[-71.21725,-29.94127],[-71.21719,-29.94105],[-71.21703,-29.94105],[-71.21694,-29.94115],[-71.2169,-29.94137],[-71.21699,-29.9416],[-71.21702,-29.94171],[-71.21711,-29.94194],[-71.21703,-29.94208],[-71.21687,-29.94234],[-71.21669,-29.94252],[-71.21634,-29.94279],[-71.21592,-29.94311],[-71.21579,-29.94322],[-71.2154,-29.94352],[-71.21506,-29.94365],[-71.21459,-29.94383],[-71.21438,-29.94391],[-71.21429,-29.94397],[-71.21424,-29.94404],[-71.21421,-29.94418],[-71.21423,-29.94424],[-71.21432,-29.94426],[-71.21439,-29.94426],[-71.21459,-29.94426],[-71.21478,-29.94424],[-71.21488,-29.94425],[-71.21501,-29.94424],[-71.21515,-29.94425],[-71.21533,-29.94422],[-71.2154,-29.94421],[-71.21561,-29.94415],[-71.21575,-29.9441],[-71.21586,-29.94402],[-71.21592,-29.94397],[-71.21607,-29.94388],[-71.21622,-29.94388],[-71.21634,-29.94387],[-71.21652,-29.9439],[-71.21678,-29.94389],[-71.21703,-29.94393],[-71.21716,-29.94401],[-71.2173,-29.94409],[-71.21742,-29.94414],[-71.21754,-29.94415],[-71.21761,-29.94412],[-71.21768,-29.94412],[-71.21775,-29.94408],[-71.21787,-29.94403],[-71.218,-29.94396],[-71.2181,-29.94398],[-71.21823,-29.94407],[-71.21834,-29.94414],[-71.21843,-29.94416],[-71.21851,-29.9442],[-71.21865,-29.9442],[-71.21881,-29.9442],[-71.21894,-29.94419],[-71.21919,-29.94417],[-71.21941,-29.94426],[-71.21944,-29.94436],[-71.21948,-29.94443],[-71.2196,-29.94455],[-71.21971,-29.94467],[-71.21976,-29.94471],[-71.21981,-29.94485],[-71.21968,-29.94486],[-71.21958,-29.94487],[-71.21953,-29.94484],[-71.2194,-29.94478],[-71.21933,-29.94466],[-71.2192,-29.94454],[-71.21901,-29.94453],[-71.21895,-29.94454],[-71.21883,-29.94458],[-71.21874,-29.9446],[-71.21867,-29.94463],[-71.21856,-29.94465],[-71.21842,-29.94465],[-71.21831,-29.94469],[-71.2182,-29.94466],[-71.21815,-29.94463],[-71.21806,-29.94461],[-71.218,-29.94464],[-71.21789,-29.94468],[-71.21769,-29.9448],[-71.21757,-29.94485],[-71.21743,-29.9449],[-71.21721,-29.94495],[-71.2171,-29.94493],[-71.21703,-29.94493],[-71.21691,-29.94494],[-71.21676,-29.94493],[-71.21668,-29.9449],[-71.21657,-29.94491],[-71.21651,-29.94493],[-71.21646,-29.94498],[-71.2164,-29.94502],[-71.21639,-29.94509],[-71.2164,-29.94524],[-71.21646,-29.94531],[-71.2167,-29.94538],[-71.21687,-29.94544],[-71.21693,-29.94546],[-71.21711,-29.94554],[-71.21722,-29.94559],[-71.21733,-29.94566],[-71.21746,-29.94573],[-71.21766,-29.94584],[-71.21773,-29.94589],[-71.21782,-29.94596],[-71.21797,-29.94606],[-71.21805,-29.94617],[-71.21809,-29.94624],[-71.21818,-29.94635],[-71.21825,-29.94644],[-71.2184,-29.94662],[-71.21847,-29.94667],[-71.21865,-29.94681],[-71.21872,-29.94691],[-71.21875,-29.94701],[-71.21888,-29.94725],[-71.21892,-29.94732],[-71.21895,-29.94742],[-71.21898,-29.94763],[-71.21902,-29.94775],[-71.219,-29.94786],[-71.21892,-29.94803],[-71.21891,-29.9481],[-71.21884,-29.94833],[-71.21877,-29.94854],[-71.21869,-29.94877],[-71.21871,-29.94901],[-71.21865,-29.9491],[-71.21857,-29.94925],[-71.21852,-29.94938],[-71.21856,-29.94943],[-71.21841,-29.94952],[-71.2184,-29.94959],[-71.21836,-29.94966],[-71.21831,-29.94976],[-71.21825,-29.94987],[-71.21825,-29.94994],[-71.21819,-29.95001],[-71.21817,-29.95011],[-71.21813,-29.95023],[-71.21813,-29.95034],[-71.21815,-29.95042],[-71.2182,-29.95056],[-71.21825,-29.95079],[-71.21825,-29.95087],[-71.21827,-29.95096],[-71.21822,-29.95114],[-71.21816,-29.95129],[-71.21813,-29.95141],[-71.2181,-29.95146],[-71.21807,-29.95159],[-71.21806,-29.95172],[-71.21815,-29.9518],[-71.21821,-29.95191],[-71.21825,-29.95198],[-71.21839,-29.9522],[-71.21845,-29.95235],[-71.21846,-29.95246],[-71.21847,-29.95255],[-71.21853,-29.95267],[-71.21856,-29.95272],[-71.21857,-29.95288],[-71.21857,-29.95298],[-71.21861,-29.95312],[-71.21864,-29.95325],[-71.21871,-29.95341],[-71.21875,-29.95349],[-71.21876,-29.95356],[-71.21873,-29.95371],[-71.21869,-29.95387],[-71.21865,-29.95398],[-71.21863,-29.95411],[-71.21857,-29.95429],[-71.21855,-29.95439],[-71.21857,-29.95446],[-71.21854,-29.95468],[-71.21844,-29.95482],[-71.21832,-29.95499],[-71.21825,-29.9551],[-71.21825,-29.95519],[-71.21827,-29.95528],[-71.21831,-29.95541],[-71.21837,-29.95556],[-71.21843,-29.95569],[-71.2185,-29.95571],[-71.21872,-29.95594],[-71.21882,-29.95608],[-71.21898,-29.95623],[-71.21908,-29.95641],[-71.21911,-29.95652],[-71.2199,-29.95615],[-71.22076,-29.95572],[-71.22174,-29.95522],[-71.22349,-29.95435],[-71.22437,-29.95389],[-71.22548,-29.95331],[-71.22652,-29.95282],[-71.22671,-29.95272],[-71.22678,-29.95261],[-71.22685,-29.9525],[-71.22695,-29.95249],[-71.22715,-29.95243],[-71.22765,-29.95217],[-71.22961,-29.95116],[-71.23275,-29.94958],[-71.23312,-29.94937],[-71.23582,-29.94801],[-71.23649,-29.94765],[-71.23928,-29.94621],[-71.23967,-29.94601],[-71.23991,-29.94588],[-71.24099,-29.94533],[-71.24157,-29.94504],[-71.24344,-29.94413],[-71.24443,-29.94366],[-71.24606,-29.94289],[-71.24676,-29.94253],[-71.24686,-29.94245],[-71.24698,-29.94232],[-71.24703,-29.94221],[-71.24707,-29.94205],[-71.24719,-29.94061],[-71.24722,-29.94019],[-71.24726,-29.93974],[-71.2473,-29.9396],[-71.24737,-29.93947],[-71.24746,-29.93934],[-71.24763,-29.93923],[-71.24781,-29.93913],[-71.2493,-29.93874],[-71.24981,-29.93859],[-71.25049,-29.93838],[-71.2513,-29.93809],[-71.25178,-29.93792],[-71.25186,-29.93783],[-71.25186,-29.93766],[-71.25169,-29.93726],[-71.25169,-29.93716],[-71.25177,-29.93705],[-71.25163,-29.93693],[-71.25152,-29.93677],[-71.25133,-29.93638],[-71.25108,-29.93602],[-71.25075,-29.93554],[-71.25056,-29.93524],[-71.25016,-29.93462],[-71.24991,-29.93424],[-71.24884,-29.93233],[-71.24752,-29.92997],[-71.24941,-29.92927]]]}},{"type":"Feature","id":"32","properties":{"codigo":"32","nombre":"EL MILAGRO","area":"Urbana","lon":-71.23163,"lat":-29.95504},"geometry":{"type":"Polygon","coordinates":[[[-71.23489,-29.9665],[-71.23712,-29.96571],[-71.23751,-29.96432],[-71.23762,-29.9627],[-71.23822,-29.96219],[-71.23827,-29.96041],[-71.23843,-29.96014],[-71.24125,-29.95936],[-71.24175,-29.95882],[-71.24189,-29.9578],[-71.24047,-29.95747],[-71.24009,-29.95684],[-71.24137,-29.9547],[-71.24156,-29.95426],[-71.24144,-29.95407],[-71.24234,-29.9536],[-71.24231,-29.95304],[-71.24374,-29.95195],[-71.24482,-29.95185],[-71.24591,-29.95249],[-71.24705,-29.95248],[-71.24734,-29.95187],[-71.24703,-29.95108],[-71.24787,-29.95081],[-71.24879,-29.95138],[-71.24855,-29.952],[-71.24983,-29.9522],[-71.2515,-29.9519],[-71.2534,-29.95329],[-71.25572,-29.95398],[-71.25781,-29.95352],[-71.25942,-29.95339],[-71.2601,-29.95288],[-71.2602,-29.95223],[-71.26045,-29.95198],[-71.26137,-29.95198],[-71.26189,-29.9517],[-71.26268,-29.95177],[-71.2637,-29.95125],[-71.26349,-29.9512],[-71.26307,-29.95119],[-71.26259,-29.95079],[-71.26256,-29.95042],[-71.26206,-29.94966],[-71.26064,-29.94741],[-71.26069,-29.94688],[-71.259,-29.94452],[-71.25874,-29.94415],[-71.25858,-29.94395],[-71.25707,-29.94194],[-71.25698,-29.94181],[-71.25553,-29.94051],[-71.25452,-29.93884],[-71.25432,-29.93852],[-71.25393,-29.93785],[-71.25302,-29.93634],[-71.25253,-29.93663],[-71.25226,-29.93679],[-71.25202,-29.93694],[-71.25177,-29.93705],[-71.25169,-29.93716],[-71.25169,-29.93726],[-71.25186,-29.93766],[-71.25186,-29.93783],[-71.25178,-29.93792],[-71.2513,-29.93809],[-71.25049,-29.93838],[-71.24981,-29.93859],[-71.2493,-29.93874],[-71.24781,-29.93913],[-71.24763,-29.93923],[-71.24746,-29.93934],[-71.24737,-29.93947],[-71.2473,-29.9396],[-71.24726,-29.93974],[-71.24722,-29.94019],[-71.24719,-29.94061],[-71.24707,-29.94205],[-71.24703,-29.94221],[-71.24698,-29.94232],[-71.24686,-29.94245],[-71.24676,-29.94253],[-71.24606,-29.94289],[-71.24443,-29.94366],[-71.24344,-29.94413],[-71.24157,-29.94504],[-71.24099,-29.94533],[-71.23991,-29.94588],[-71.23967,-29.94601],[-71.23928,-29.94621],[-71.23649,-29.94765],[-71.23582,-29.94801],[-71.23312,-29.94937],[-71.23275,-29.94958],[-71.22961,-29.95116],[-71.22765,-29.95217],[-71.22715,-29.95243],[-71.22695,-29.95249],[-71.22685,-29.9525],[-71.22678,-29.95261],[-71.22671,-29.95272],[-71.22652,-29.95282],[-71.22548,-29.95331],[-71.22437,-29.95389],[-71.22349,-29.95435],[-71.22174,-29.95522],[-71.22076,-29.95572],[-71.2199,-29.95615],[-71.21911,-29.95652],[-71.21908,-29.95641],[-71.21898,-29.95623],[-71.21882,-29.95608],[-71.21872,-29.95594],[-71.2185,-29.95571],[-71.21843,-29.95569],[-71.21837,-29.95556],[-71.21831,-29.95541],[-71.21827,-29.95528],[-71.21825,-29.95519],[-71.21825,-29.9551],[-71.21832,-29.95499],[-71.21844,-29.95482],[-71.21854,-29.95468],[-71.21857,-29.95446],[-71.21855,-29.95439],[-71.21857,-29.95429],[-71.21863,-29.95411],[-71.21865,-29.95398],[-71.21869,-29.95387],[-71.21873,-29.95371],[-71.21876,-29.95356],[-71.21875,-29.95349],[-71.21871,-29.95341],[-71.21864,-29.95325],[-71.21861,-29.95312],[-71.21857,-29.95298],[-71.21857,-29.95288],[-71.21856,-29.95272],[-71.21853,-29.95267],[-71.21847,-29.95255],[-71.21846,-29.95246],[-71.21845,-29.95235],[-71.21839,-29.9522],[-71.21825,-29.95198],[-71.21821,-29.95191],[-71.21815,-29.9518],[-71.21806,-29.95172],[-71.21807,-29.95159],[-71.2181,-29.95146],[-71.21813,-29.95141],[-71.21816,-29.95129],[-71.21822,-29.95114],[-71.21827,-29.95096],[-71.21825,-29.95087],[-71.21825,-29.95079],[-71.2182,-29.95056],[-71.21815,-29.95042],[-71.21813,-29.95034],[-71.21813,-29.95023],[-71.21817,-29.95011],[-71.21819,-29.95001],[-71.21825,-29.94994],[-71.21825,-29.94987],[-71.21831,-29.94976],[-71.21836,-29.94966],[-71.2184,-29.94959],[-71.21841,-29.94952],[-71.21856,-29.94943],[-71.21852,-29.94938],[-71.21857,-29.94925],[-71.21865,-29.9491],[-71.21871,-29.94901],[-71.21869,-29.94877],[-71.21877,-29.94854],[-71.21884,-29.94833],[-71.21891,-29.9481],[-71.21892,-29.94803],[-71.219,-29.94786],[-71.21902,-29.94775],[-71.21898,-29.94763],[-71.21895,-29.94742],[-71.21892,-29.94732],[-71.21888,-29.94725],[-71.21875,-29.94701],[-71.21872,-29.94691],[-71.21865,-29.94681],[-71.21847,-29.94667],[-71.2184,-29.94662],[-71.21825,-29.94644],[-71.21818,-29.94635],[-71.21809,-29.94624],[-71.21805,-29.94617],[-71.21797,-29.94606],[-71.21782,-29.94596],[-71.21773,-29.94589],[-71.21766,-29.94584],[-71.21746,-29.94573],[-71.21733,-29.94566],[-71.21722,-29.94559],[-71.21711,-29.94554],[-71.21693,-29.94546],[-71.21687,-29.94544],[-71.2167,-29.94538],[-71.21646,-29.94531],[-71.2164,-29.94524],[-71.21639,-29.94509],[-71.2164,-29.94502],[-71.21646,-29.94498],[-71.21651,-29.94493],[-71.21657,-29.94491],[-71.21668,-29.9449],[-71.21676,-29.94493],[-71.21691,-29.94494],[-71.21703,-29.94493],[-71.2171,-29.94493],[-71.21721,-29.94495],[-71.21743,-29.9449],[-71.21757,-29.94485],[-71.21769,-29.9448],[-71.21789,-29.94468],[-71.218,-29.94464],[-71.21806,-29.94461],[-71.21815,-29.94463],[-71.2182,-29.94466],[-71.21831,-29.94469],[-71.21842,-29.94465],[-71.21856,-29.94465],[-71.21867,-29.94463],[-71.21874,-29.9446],[-71.21883,-29.94458],[-71.21895,-29.94454],[-71.21901,-29.94453],[-71.2192,-29.94454],[-71.21933,-29.94466],[-71.2194,-29.94478],[-71.21953,-29.94484],[-71.21958,-29.94487],[-71.21968,-29.94486],[-71.21981,-29.94485],[-71.21976,-29.94471],[-71.21971,-29.94467],[-71.2196,-29.94455],[-71.21948,-29.94443],[-71.21944,-29.94436],[-71.21941,-29.94426],[-71.21919,-29.94417],[-71.21894,-29.94419],[-71.21881,-29.9442],[-71.21865,-29.9442],[-71.21851,-29.9442],[-71.21843,-29.94416],[-71.21834,-29.94414],[-71.21823,-29.94407],[-71.2181,-29.94398],[-71.218,-29.94396],[-71.21787,-29.94403],[-71.21775,-29.94408],[-71.21768,-29.94412],[-71.21761,-29.94412],[-71.21754,-29.94415],[-71.21742,-29.94414],[-71.2173,-29.94409],[-71.21716,-29.94401],[-71.21703,-29.94393],[-71.21678,-29.94389],[-71.21652,-29.9439],[-71.21634,-29.94387],[-71.21622,-29.94388],[-71.21607,-29.94388],[-71.21592,-29.94397],[-71.21586,-29.94402],[-71.21575,-29.9441],[-71.21561,-29.94415],[-71.2154,-29.94421],[-71.21533,-29.94422],[-71.21515,-29.94425],[-71.21501,-29.94424],[-71.21488,-29.94425],[-71.21478,-29.94424],[-71.21459,-29.94426],[-71.21439,-29.94426],[-71.21432,-29.94426],[-71.21423,-29.94424],[-71.21421,-29.94418],[-71.21412,-29.94416],[-71.2138,-29.94437],[-71.21354,-29.94482],[-71.21326,-29.94525],[-71.21294,-29.94564],[-71.21287,-29.94573],[-71.21263,-29.94605],[-71.21257,-29.94617],[-71.21248,-29.94628],[-71.21246,-29.94635],[-71.21242,-29.94641],[-71.2123,-29.94672],[-71.2122,-29.94753],[-71.21219,-29.94772],[-71.21214,-29.94804],[-71.21214,-29.94814],[-71.21208,-29.94847],[-71.2121,-29.94866],[-71.21205,-29.94893],[-71.21175,-29.94948],[-71.21167,-29.94966],[-71.21183,-29.95007],[-71.21142,-29.95027],[-71.21076,-29.95042],[-71.21067,-29.95044],[-71.21038,-29.95054],[-71.21007,-29.95064],[-71.20984,-29.95078],[-71.20956,-29.95095],[-71.20947,-29.95102],[-71.20933,-29.95112],[-71.20922,-29.9512],[-71.20904,-29.95133],[-71.20889,-29.95136],[-71.20889,-29.95142],[-71.20892,-29.9515],[-71.20905,-29.95182],[-71.20919,-29.95214],[-71.20932,-29.95245],[-71.20945,-29.95277],[-71.20949,-29.9529],[-71.20951,-29.95303],[-71.20954,-29.95317],[-71.20957,-29.9533],[-71.20957,-29.95348],[-71.20959,-29.95378],[-71.20959,-29.95384],[-71.2096,-29.95394],[-71.20961,-29.95411],[-71.20963,-29.95425],[-71.20965,-29.95443],[-71.20967,-29.95458],[-71.20969,-29.95479],[-71.20971,-29.95492],[-71.20973,-29.95515],[-71.2098,-29.95526],[-71.20986,-29.95535],[-71.20994,-29.95549],[-71.20996,-29.95562],[-71.20995,-29.95569],[-71.20994,-29.9559],[-71.2099,-29.95609],[-71.20991,-29.95623],[-71.20991,-29.95638],[-71.20994,-29.95658],[-71.20989,-29.95677],[-71.20989,-29.95688],[-71.20989,-29.95725],[-71.20989,-29.95731],[-71.20986,-29.95741],[-71.20978,-29.95762],[-71.20968,-29.95789],[-71.20959,-29.95813],[-71.2095,-29.95837],[-71.20944,-29.95854],[-71.20941,-29.95864],[-71.20937,-29.9588],[-71.20934,-29.95887],[-71.20931,-29.95891],[-71.20926,-29.95898],[-71.20917,-29.95909],[-71.20908,-29.9592],[-71.20904,-29.95926],[-71.20899,-29.95931],[-71.20891,-29.95938],[-71.20881,-29.95944],[-71.20862,-29.95956],[-71.20858,-29.95962],[-71.20851,-29.95976],[-71.20847,-29.95987],[-71.20837,-29.96006],[-71.20836,-29.96012],[-71.20832,-29.96039],[-71.20826,-29.96073],[-71.20822,-29.96105],[-71.20817,-29.96119],[-71.20809,-29.96145],[-71.20801,-29.96171],[-71.20792,-29.96197],[-71.20784,-29.96223],[-71.20776,-29.96247],[-71.20769,-29.96276],[-71.20763,-29.96303],[-71.20757,-29.96329],[-71.2075,-29.96355],[-71.20744,-29.96382],[-71.20734,-29.96435],[-71.20723,-29.96496],[-71.20714,-29.96542],[-71.20724,-29.96554],[-71.20731,-29.96564],[-71.2074,-29.96577],[-71.20747,-29.96587],[-71.20754,-29.96593],[-71.20771,-29.96604],[-71.20781,-29.96611],[-71.20803,-29.96625],[-71.20821,-29.96637],[-71.20831,-29.96642],[-71.20848,-29.9665],[-71.20857,-29.96653],[-71.20877,-29.9666],[-71.20899,-29.96667],[-71.20913,-29.96672],[-71.20924,-29.96674],[-71.2095,-29.96679],[-71.20979,-29.96685],[-71.20994,-29.96688],[-71.2102,-29.96693],[-71.21061,-29.96701],[-71.21069,-29.96705],[-71.21095,-29.96717],[-71.211,-29.96722],[-71.21119,-29.96741],[-71.21137,-29.9676],[-71.21147,-29.96772],[-71.21162,-29.96806],[-71.21184,-29.96833],[-71.212,-29.96862],[-71.21211,-29.9688],[-71.21233,-29.96916],[-71.21255,-29.96931],[-71.21281,-29.96951],[-71.21292,-29.96963],[-71.21309,-29.96985],[-71.21319,-29.96992],[-71.21332,-29.96995],[-71.2135,-29.96999],[-71.21368,-29.97003],[-71.21408,-29.97017],[-71.21437,-29.97027],[-71.21448,-29.97029],[-71.21483,-29.97034],[-71.21495,-29.97042],[-71.21508,-29.97051],[-71.21533,-29.97067],[-71.21544,-29.97075],[-71.21559,-29.97099],[-71.2157,-29.97116],[-71.21577,-29.97127],[-71.21587,-29.97139],[-71.21597,-29.9715],[-71.21607,-29.97162],[-71.21618,-29.97174],[-71.21693,-29.97239],[-71.21706,-29.97244],[-71.21735,-29.97254],[-71.21757,-29.97261],[-71.21782,-29.97269],[-71.21808,-29.97277],[-71.2183,-29.97292],[-71.21839,-29.97309],[-71.21844,-29.97311],[-71.21864,-29.97322],[-71.21899,-29.9734],[-71.21926,-29.97352],[-71.21959,-29.97368],[-71.21974,-29.9737],[-71.21975,-29.9737],[-71.21989,-29.97373],[-71.22015,-29.97376],[-71.22035,-29.97379],[-71.22078,-29.97379],[-71.22149,-29.97378],[-71.22214,-29.97373],[-71.22275,-29.97368],[-71.22306,-29.97362],[-71.22344,-29.97355],[-71.22362,-29.97345],[-71.2239,-29.97335],[-71.22432,-29.97317],[-71.22446,-29.97312],[-71.22455,-29.97304],[-71.22464,-29.97299],[-71.22477,-29.97296],[-71.2249,-29.9729],[-71.22512,-29.97276],[-71.2254,-29.97259],[-71.22564,-29.97243],[-71.22585,-29.97232],[-71.22612,-29.97218],[-71.22629,-29.97204],[-71.22648,-29.97191],[-71.22659,-29.97186],[-71.22671,-29.97184],[-71.22687,-29.97183],[-71.22699,-29.97182],[-71.22711,-29.97181],[-71.22727,-29.97181],[-71.22741,-29.9718],[-71.22748,-29.97182],[-71.22755,-29.97184],[-71.22766,-29.97186],[-71.22789,-29.97191],[-71.22798,-29.97193],[-71.22802,-29.97193],[-71.22806,-29.97192],[-71.22814,-29.97188],[-71.22818,-29.97187],[-71.22824,-29.97185],[-71.22829,-29.97184],[-71.22837,-29.97185],[-71.22854,-29.97185],[-71.22862,-29.97182],[-71.22885,-29.97176],[-71.229,-29.97171],[-71.22908,-29.97165],[-71.22918,-29.97152],[-71.22932,-29.97124],[-71.22942,-29.971],[-71.22947,-29.97085],[-71.22961,-29.97053],[-71.22968,-29.97039],[-71.22971,-29.9703],[-71.22969,-29.97025],[-71.22964,-29.97021],[-71.22934,-29.97008],[-71.22929,-29.97005],[-71.22915,-29.96999],[-71.22903,-29.96992],[-71.22896,-29.96988],[-71.2289,-29.96983],[-71.22882,-29.96979],[-71.2287,-29.96975],[-71.22859,-29.96971],[-71.22851,-29.96966],[-71.22845,-29.96963],[-71.22805,-29.9694],[-71.22795,-29.96934],[-71.22762,-29.96916],[-71.22745,-29.96908],[-71.23196,-29.96759],[-71.23489,-29.9665]]]}},{"type":"Feature","id":"2R","properties":{"codigo":"2R","nombre":"VEGAS NORTE","area":"Rural","lon":-71.32442,"lat":-29.73735},"geometry":{"type":"Polygon","coordinates":[[[-71.30197,-29.82449],[-71.30286,-29.82415],[-71.30392,-29.8241],[-71.30426,-29.82384],[-71.30464,-29.82402],[-71.30481,-29.82371],[-71.30529,-29.82365],[-71.30613,-29.82315],[-71.3077,-29.82305],[-71.30821,-29.82277],[-71.30846,-29.82286],[-71.30918,-29.8222],[-71.30928,-29.82157],[-71.30948,-29.8218],[-71.3097,-29.82152],[-71.30987,-29.82162],[-71.30996,-29.82151],[-71.30974,-29.82133],[-71.31044,-29.82103],[-71.31082,-29.82036],[-71.31196,-29.81988],[-71.31203,-29.81959],[-71.31047,-29.8188],[-71.30976,-29.81799],[-71.30833,-29.81689],[-71.30848,-29.81628],[-71.30904,-29.81569],[-71.30903,-29.81486],[-71.30924,-29.81477],[-71.30939,-29.81499],[-71.30969,-29.81423],[-71.31136,-29.81421],[-71.31205,-29.81474],[-71.31245,-29.81478],[-71.31307,-29.8142],[-71.31327,-29.81379],[-71.31312,-29.81344],[-71.31205,-29.81274],[-71.31307,-29.81273],[-71.31312,-29.81255],[-71.31286,-29.81248],[-71.31294,-29.81223],[-71.31316,-29.81237],[-71.31339,-29.81225],[-71.31349,-29.8116],[-71.31307,-29.81071],[-71.31311,-29.81041],[-71.31264,-29.80983],[-71.31302,-29.80899],[-71.31282,-29.80822],[-71.31374,-29.80762],[-71.31368,-29.80653],[-71.31437,-29.80611],[-71.31526,-29.80654],[-71.31558,-29.8062],[-71.31587,-29.80612],[-71.31617,-29.8063],[-71.31613,-29.80568],[-71.31542,-29.80467],[-71.31631,-29.80508],[-71.3166,-29.80502],[-71.3166,-29.8048],[-71.31591,-29.80411],[-71.31619,-29.80362],[-71.31564,-29.80312],[-71.31568,-29.80242],[-71.31529,-29.80213],[-71.31582,-29.80207],[-71.31621,-29.80161],[-71.31631,-29.80116],[-71.31599,-29.80066],[-71.31627,-29.80031],[-71.31662,-29.80033],[-71.31745,-29.79962],[-71.31783,-29.79967],[-71.31803,-29.79908],[-71.3192,-29.79829],[-71.31903,-29.79746],[-71.31813,-29.79695],[-71.31769,-29.79484],[-71.31825,-29.79441],[-71.31879,-29.79436],[-71.31923,-29.79461],[-71.31951,-29.79365],[-71.31982,-29.79364],[-71.31998,-29.79309],[-71.31967,-29.79289],[-71.32013,-29.79205],[-71.32054,-29.79034],[-71.32008,-29.78983],[-71.32015,-29.78943],[-71.31943,-29.7886],[-71.31975,-29.78698],[-71.31958,-29.78648],[-71.31974,-29.78598],[-71.32032,-29.78559],[-71.32037,-29.78525],[-71.31953,-29.7847],[-71.31953,-29.78369],[-71.31874,-29.78272],[-71.31875,-29.7822],[-71.31842,-29.78162],[-71.31862,-29.78121],[-71.31843,-29.78013],[-71.3189,-29.77904],[-71.32088,-29.77772],[-71.32075,-29.77726],[-71.32108,-29.77709],[-71.32095,-29.77669],[-71.32121,-29.77646],[-71.32122,-29.77617],[-71.32083,-29.77571],[-71.32076,-29.77519],[-71.32136,-29.77479],[-71.32234,-29.77468],[-71.32417,-29.77515],[-71.32679,-29.77625],[-71.32849,-29.77569],[-71.32902,-29.77523],[-71.32981,-29.77535],[-71.33106,-29.77427],[-71.33152,-29.77427],[-71.33198,-29.77462],[-71.33303,-29.77445],[-71.33316,-29.774],[-71.33297,-29.77295],[-71.33317,-29.77279],[-71.33455,-29.77204],[-71.3356,-29.77199],[-71.33586,-29.77176],[-71.33607,-29.77101],[-71.33679,-29.77039],[-71.33712,-29.77039],[-71.33751,-29.76987],[-71.33869,-29.76982],[-71.33935,-29.77005],[-71.33981,-29.76942],[-71.33955,-29.7689],[-71.33962,-29.76833],[-71.34048,-29.76776],[-71.34011,-29.7643],[-71.33946,-29.76367],[-71.33947,-29.76229],[-71.33908,-29.76183],[-71.33908,-29.76165],[-71.33967,-29.76125],[-71.33955,-29.76056],[-71.34002,-29.7593],[-71.34153,-29.75896],[-71.34238,-29.75914],[-71.34317,-29.7588],[-71.34376,-29.75828],[-71.34324,-29.75805],[-71.34376,-29.75771],[-71.34371,-29.75667],[-71.34489,-29.75616],[-71.34489,-29.75536],[-71.34457,-29.75524],[-71.34398,-29.75541],[-71.34326,-29.75517],[-71.34293,-29.75454],[-71.34254,-29.75431],[-71.34156,-29.75424],[-71.3411,-29.75357],[-71.34063,-29.75198],[-71.34069,-29.75071],[-71.34082,-29.74991],[-71.34121,-29.74957],[-71.34147,-29.74893],[-71.34108,-29.7483],[-71.34108,-29.74801],[-71.34147,-29.74755],[-71.34127,-29.74686],[-71.34179,-29.74628],[-71.3416,-29.74589],[-71.34107,-29.74572],[-71.34114,-29.74531],[-71.34153,-29.74514],[-71.34146,-29.74462],[-71.34081,-29.74468],[-71.34067,-29.74439],[-71.33982,-29.74423],[-71.33936,-29.74376],[-71.33943,-29.74284],[-71.33988,-29.74233],[-71.33968,-29.74101],[-71.33863,-29.74038],[-71.33772,-29.74038],[-71.33712,-29.74009],[-71.33581,-29.73998],[-71.33562,-29.73964],[-71.33457,-29.73958],[-71.33384,-29.73889],[-71.33338,-29.73809],[-71.33306,-29.73786],[-71.3324,-29.73786],[-71.33194,-29.73746],[-71.3303,-29.73729],[-71.32912,-29.73741],[-71.3284,-29.73724],[-71.32787,-29.73637],[-71.32741,-29.73603],[-71.32748,-29.73476],[-71.32767,-29.73454],[-71.32748,-29.73402],[-71.32702,-29.73362],[-71.32702,-29.73333],[-71.32623,-29.73357],[-71.32564,-29.73322],[-71.32564,-29.73207],[-71.32603,-29.73184],[-71.32603,-29.73121],[-71.32648,-29.73087],[-71.32668,-29.72983],[-71.32642,-29.72949],[-71.32654,-29.72862],[-71.32622,-29.72817],[-71.3268,-29.72747],[-71.32726,-29.72604],[-71.32778,-29.72558],[-71.32778,-29.72534],[-71.32739,-29.72494],[-71.32739,-29.72465],[-71.32771,-29.72442],[-71.32758,-29.72408],[-71.32693,-29.72385],[-71.32647,-29.72403],[-71.3262,-29.72374],[-71.32614,-29.72322],[-71.32574,-29.72282],[-71.32476,-29.72231],[-71.32443,-29.72179],[-71.32397,-29.72162],[-71.3241,-29.72093],[-71.32358,-29.7207],[-71.32371,-29.7203],[-71.32423,-29.71977],[-71.32423,-29.71921],[-71.32455,-29.71845],[-71.32449,-29.71736],[-71.32468,-29.71702],[-71.32422,-29.71639],[-71.32422,-29.71593],[-71.32455,-29.71564],[-71.32409,-29.71536],[-71.32395,-29.71461],[-71.32415,-29.71426],[-71.32461,-29.71432],[-71.32494,-29.71397],[-71.32494,-29.71368],[-71.32533,-29.7134],[-71.32552,-29.71214],[-71.32598,-29.71167],[-71.32637,-29.71162],[-71.3267,-29.71122],[-71.32781,-29.71121],[-71.32801,-29.71092],[-71.32834,-29.71092],[-71.32853,-29.71063],[-71.32912,-29.71041],[-71.32925,-29.70948],[-71.32879,-29.70931],[-71.32859,-29.70903],[-71.32905,-29.70874],[-71.32892,-29.70833],[-71.32911,-29.70816],[-71.32905,-29.70776],[-71.32918,-29.70718],[-71.32944,-29.70695],[-71.32931,-29.70667],[-71.3295,-29.7062],[-71.32937,-29.70569],[-71.32891,-29.7054],[-71.32884,-29.70489],[-71.32806,-29.70432],[-71.32792,-29.70345],[-71.32727,-29.70293],[-71.32674,-29.70283],[-71.32687,-29.70185],[-71.32726,-29.70133],[-71.32713,-29.70099],[-71.32602,-29.7007],[-71.32497,-29.70133],[-71.3213,-29.70157],[-71.32025,-29.70071],[-71.31992,-29.69956],[-71.31894,-29.69922],[-71.31802,-29.69802],[-71.31808,-29.69767],[-71.31867,-29.69715],[-71.31874,-29.69686],[-71.31965,-29.6964],[-71.32057,-29.6956],[-71.32103,-29.69554],[-71.32152,-29.69505],[-71.32122,-29.69456],[-71.32155,-29.69375],[-71.32154,-29.69312],[-71.32207,-29.69278],[-71.322,-29.69226],[-71.32252,-29.69169],[-71.32285,-29.69168],[-71.32298,-29.69134],[-71.3237,-29.69117],[-71.32344,-29.69088],[-71.32291,-29.69082],[-71.3233,-29.68984],[-71.32304,-29.68979],[-71.32285,-29.69002],[-71.32239,-29.68985],[-71.32239,-29.68932],[-71.32206,-29.6891],[-71.32232,-29.68881],[-71.32212,-29.68818],[-71.32192,-29.68778],[-71.32147,-29.68755],[-71.32133,-29.68651],[-71.32068,-29.686],[-71.32081,-29.68531],[-71.32028,-29.68497],[-71.32041,-29.68456],[-71.31982,-29.68427],[-71.32001,-29.68358],[-71.32139,-29.68232],[-71.32099,-29.68198],[-71.32112,-29.68163],[-71.32066,-29.68123],[-71.32092,-29.68094],[-71.32092,-29.68037],[-71.32027,-29.67893],[-71.32026,-29.67836],[-71.31974,-29.67813],[-71.31961,-29.67773],[-71.31987,-29.67755],[-71.31987,-29.67721],[-71.32019,-29.67681],[-71.32085,-29.67641],[-71.32111,-29.67519],[-71.32071,-29.67457],[-71.32091,-29.67433],[-71.32084,-29.67411],[-71.32137,-29.67382],[-71.32136,-29.67312],[-71.32163,-29.67289],[-71.32241,-29.6729],[-71.32267,-29.67255],[-71.32228,-29.67227],[-71.32202,-29.67146],[-71.32169,-29.67163],[-71.32169,-29.67203],[-71.32149,-29.6718],[-71.32175,-29.67065],[-71.32077,-29.67112],[-71.32018,-29.67094],[-71.31979,-29.67049],[-71.31933,-29.67032],[-71.31874,-29.67037],[-71.31769,-29.66986],[-71.31743,-29.66946],[-71.31671,-29.66934],[-71.31605,-29.66854],[-71.31605,-29.66751],[-71.31664,-29.66739],[-71.31696,-29.66698],[-71.31762,-29.6667],[-71.31755,-29.66613],[-71.31827,-29.66607],[-71.3184,-29.6659],[-71.31801,-29.66572],[-71.31801,-29.66526],[-71.31735,-29.66498],[-71.31742,-29.66434],[-71.3182,-29.66406],[-71.31846,-29.66365],[-71.3182,-29.66343],[-71.31761,-29.6636],[-71.31715,-29.66331],[-71.31702,-29.66308],[-71.31721,-29.66256],[-71.31676,-29.66245],[-71.3163,-29.66199],[-71.31643,-29.66153],[-71.3161,-29.66118],[-71.31636,-29.65992],[-71.3157,-29.65935],[-71.31603,-29.65895],[-71.31517,-29.65872],[-71.31511,-29.65855],[-71.31531,-29.65832],[-71.31517,-29.65803],[-71.3155,-29.65757],[-71.3155,-29.65717],[-71.31596,-29.65705],[-71.31628,-29.65653],[-71.31687,-29.65636],[-71.31694,-29.6559],[-71.31556,-29.65579],[-71.31484,-29.65521],[-71.31445,-29.65516],[-71.31438,-29.65464],[-71.31471,-29.6543],[-71.31399,-29.65401],[-71.31418,-29.65349],[-71.31339,-29.65292],[-71.31313,-29.6524],[-71.31326,-29.65223],[-71.31306,-29.652],[-71.31398,-29.65154],[-71.31365,-29.65136],[-71.31339,-29.65028],[-71.30877,-29.65196],[-71.30677,-29.65334],[-71.3068,-29.65366],[-71.3071,-29.65702],[-71.30748,-29.66127],[-71.3079,-29.66606],[-71.30829,-29.67044],[-71.30866,-29.67462],[-71.30886,-29.67685],[-71.30906,-29.6789],[-71.30936,-29.6821],[-71.30967,-29.68787],[-71.30979,-29.69108],[-71.30991,-29.69425],[-71.31013,-29.70011],[-71.31004,-29.70248],[-71.30983,-29.70796],[-71.31015,-29.71114],[-71.31069,-29.7151],[-71.31113,-29.7188],[-71.31201,-29.72102],[-71.31316,-29.72254],[-71.31384,-29.72573],[-71.3147,-29.72889],[-71.31711,-29.73273],[-71.3194,-29.73636],[-71.32241,-29.74151],[-71.32591,-29.74752],[-71.32813,-29.75285],[-71.32717,-29.75552],[-71.3261,-29.75846],[-71.32449,-29.76052],[-71.32043,-29.76572],[-71.31796,-29.76903],[-71.3127,-29.77609],[-71.30983,-29.78047],[-71.30675,-29.78515],[-71.3057,-29.78718],[-71.3041,-29.79026],[-71.30295,-29.79249],[-71.29714,-29.79579],[-71.29557,-29.79666],[-71.29409,-29.79744],[-71.29252,-29.79839],[-71.29096,-29.80124],[-71.29051,-29.80306],[-71.29002,-29.8051],[-71.28691,-29.8089],[-71.28649,-29.80941],[-71.28385,-29.8116],[-71.28158,-29.81349],[-71.28135,-29.81321],[-71.28003,-29.81454],[-71.28046,-29.81467],[-71.28079,-29.81478],[-71.28116,-29.81489],[-71.2815,-29.81495],[-71.28185,-29.81498],[-71.28217,-29.815],[-71.2825,-29.81497],[-71.28286,-29.8149],[-71.28314,-29.81486],[-71.28342,-29.81485],[-71.28372,-29.81483],[-71.28407,-29.81479],[-71.28443,-29.81477],[-71.28475,-29.81477],[-71.28495,-29.81479],[-71.28512,-29.81482],[-71.28525,-29.81486],[-71.28534,-29.81491],[-71.28542,-29.81497],[-71.28558,-29.81501],[-71.2857,-29.81498],[-71.28581,-29.81487],[-71.28587,-29.81471],[-71.28592,-29.81447],[-71.28598,-29.81426],[-71.28604,-29.81406],[-71.28611,-29.81387],[-71.28615,-29.81373],[-71.28615,-29.81357],[-71.28616,-29.81344],[-71.2862,-29.81335],[-71.2863,-29.81325],[-71.28635,-29.81325],[-71.28747,-29.81342],[-71.2879,-29.81368],[-71.28831,-29.81381],[-71.28845,-29.81489],[-71.28897,-29.81515],[-71.29055,-29.81594],[-71.29066,-29.81662],[-71.29061,-29.81677],[-71.29058,-29.81683],[-71.29129,-29.81759],[-71.29124,-29.81775],[-71.29104,-29.81845],[-71.29085,-29.81917],[-71.29074,-29.82024],[-71.29085,-29.82054],[-71.29101,-29.82106],[-71.29131,-29.82165],[-71.29165,-29.82192],[-71.29199,-29.82271],[-71.29269,-29.82331],[-71.2932,-29.82353],[-71.2941,-29.82351],[-71.29441,-29.82364],[-71.29498,-29.82292],[-71.29527,-29.82272],[-71.29576,-29.82253],[-71.29617,-29.82266],[-71.29644,-29.82212],[-71.29657,-29.82158],[-71.29689,-29.8211],[-71.29709,-29.8209],[-71.29757,-29.82035],[-71.29757,-29.81995],[-71.29789,-29.81971],[-71.29841,-29.81986],[-71.29913,-29.82007],[-71.30003,-29.82089],[-71.30058,-29.82144],[-71.30076,-29.82161],[-71.30084,-29.82179],[-71.30121,-29.82253],[-71.30167,-29.82347],[-71.30189,-29.82395],[-71.30183,-29.82413],[-71.30197,-29.82449]]]}},{"type":"Feature","id":"4R","properties":{"codigo":"4R","nombre":"HUACHALALUME","area":"Rural","lon":-71.22585,"lat":-29.97677},"geometry":{"type":"Polygon","coordinates":[[[-71.21381,-29.98697],[-71.2151,-29.98466],[-71.21645,-29.98459],[-71.21742,-29.98325],[-71.21887,-29.9818],[-71.21963,-29.98172],[-71.22065,-29.98102],[-71.22262,-29.98046],[-71.22243,-29.97945],[-71.23233,-29.97906],[-71.23269,-29.97556],[-71.2343,-29.97547],[-71.23657,-29.97473],[-71.23643,-29.97344],[-71.23748,-29.97265],[-71.23739,-29.97252],[-71.23791,-29.97153],[-71.23765,-29.97071],[-71.23733,-29.97042],[-71.23519,-29.96919],[-71.23489,-29.9665],[-71.23196,-29.96759],[-71.22745,-29.96908],[-71.22762,-29.96916],[-71.22795,-29.96934],[-71.22805,-29.9694],[-71.22845,-29.96963],[-71.22851,-29.96966],[-71.22859,-29.96971],[-71.2287,-29.96975],[-71.22882,-29.96979],[-71.2289,-29.96983],[-71.22896,-29.96988],[-71.22903,-29.96992],[-71.22915,-29.96999],[-71.22929,-29.97005],[-71.22934,-29.97008],[-71.22964,-29.97021],[-71.22969,-29.97025],[-71.22971,-29.9703],[-71.22968,-29.97039],[-71.22961,-29.97053],[-71.22947,-29.97085],[-71.22942,-29.971],[-71.22932,-29.97124],[-71.22918,-29.97152],[-71.22908,-29.97165],[-71.229,-29.97171],[-71.22885,-29.97176],[-71.22862,-29.97182],[-71.22854,-29.97185],[-71.22837,-29.97185],[-71.22829,-29.97184],[-71.22824,-29.97185],[-71.22818,-29.97187],[-71.22814,-29.97188],[-71.22806,-29.97192],[-71.22802,-29.97193],[-71.22798,-29.97193],[-71.22789,-29.97191],[-71.22766,-29.97186],[-71.22755,-29.97184],[-71.22748,-29.97182],[-71.22741,-29.9718],[-71.22727,-29.97181],[-71.22711,-29.97181],[-71.22699,-29.97182],[-71.22687,-29.97183],[-71.22671,-29.97184],[-71.22659,-29.97186],[-71.22648,-29.97191],[-71.22629,-29.97204],[-71.22612,-29.97218],[-71.22585,-29.97232],[-71.22564,-29.97243],[-71.2254,-29.97259],[-71.22512,-29.97276],[-71.2249,-29.9729],[-71.22477,-29.97296],[-71.22464,-29.97299],[-71.22455,-29.97304],[-71.22446,-29.97312],[-71.22432,-29.97317],[-71.2239,-29.97335],[-71.22362,-29.97345],[-71.22344,-29.97355],[-71.22306,-29.97362],[-71.22275,-29.97368],[-71.22214,-29.97373],[-71.22149,-29.97378],[-71.22078,-29.97379],[-71.22035,-29.97379],[-71.22015,-29.97376],[-71.21989,-29.97373],[-71.21975,-29.9737],[-71.21978,-29.974],[-71.21981,-29.97422],[-71.22,-29.97584],[-71.21828,-29.9777],[-71.21637,-29.97941],[-71.21418,-29.98138],[-71.21332,-29.98244],[-71.212,-29.98408],[-71.21312,-29.9853],[-71.21381,-29.98697]]]}},{"type":"Feature","id":"5R","properties":{"codigo":"5R","nombre":"ISLON","area":"Rural","lon":-71.21139,"lat":-29.85121},"geometry":{"type":"Polygon","coordinates":[[[-71.1947,-29.81155],[-71.19496,-29.81217],[-71.19464,-29.8138],[-71.19448,-29.81544],[-71.19457,-29.8159],[-71.19452,-29.81639],[-71.19436,-29.81714],[-71.19399,-29.81749],[-71.1935,-29.81805],[-71.19306,-29.81881],[-71.19305,-29.81992],[-71.19337,-29.82059],[-71.19376,-29.82114],[-71.19391,-29.82172],[-71.19394,-29.82214],[-71.19376,-29.82281],[-71.19363,-29.82334],[-71.19359,-29.82401],[-71.19372,-29.8245],[-71.19383,-29.82603],[-71.19454,-29.82641],[-71.19497,-29.8271],[-71.19513,-29.82791],[-71.19511,-29.82806],[-71.19492,-29.83015],[-71.19492,-29.83185],[-71.19513,-29.83361],[-71.1961,-29.83546],[-71.1964,-29.83604],[-71.19653,-29.83637],[-71.19654,-29.83679],[-71.19649,-29.83722],[-71.19671,-29.83763],[-71.19698,-29.83795],[-71.19702,-29.838],[-71.19702,-29.83832],[-71.19651,-29.83876],[-71.19592,-29.83896],[-71.19543,-29.83894],[-71.1951,-29.83885],[-71.19479,-29.83873],[-71.19447,-29.83868],[-71.19425,-29.83868],[-71.19371,-29.83902],[-71.19327,-29.83949],[-71.19277,-29.84005],[-71.19231,-29.84045],[-71.19191,-29.84084],[-71.19164,-29.84135],[-71.19129,-29.84224],[-71.19105,-29.84256],[-71.19082,-29.84273],[-71.19035,-29.84305],[-71.18978,-29.84365],[-71.18935,-29.84429],[-71.18911,-29.84463],[-71.18849,-29.84475],[-71.18768,-29.84472],[-71.18719,-29.84467],[-71.18661,-29.84457],[-71.18585,-29.84463],[-71.18524,-29.84459],[-71.18485,-29.84453],[-71.1841,-29.84465],[-71.18375,-29.84497],[-71.18327,-29.84561],[-71.18294,-29.84598],[-71.18184,-29.8464],[-71.18077,-29.84667],[-71.17972,-29.84688],[-71.17887,-29.84708],[-71.17809,-29.84731],[-71.17755,-29.84738],[-71.17706,-29.84753],[-71.1769,-29.8477],[-71.17668,-29.84805],[-71.1764,-29.8488],[-71.17595,-29.84926],[-71.17539,-29.84942],[-71.17493,-29.84951],[-71.17457,-29.84964],[-71.17433,-29.84993],[-71.17391,-29.85029],[-71.17361,-29.85055],[-71.17325,-29.8509],[-71.17255,-29.85134],[-71.17195,-29.85154],[-71.17142,-29.85169],[-71.1709,-29.85198],[-71.17046,-29.85225],[-71.16983,-29.85276],[-71.16912,-29.85292],[-71.1686,-29.85297],[-71.16804,-29.85311],[-71.16754,-29.85338],[-71.1667,-29.85362],[-71.16631,-29.85372],[-71.16589,-29.85386],[-71.16563,-29.85391],[-71.16525,-29.85375],[-71.16495,-29.85353],[-71.16481,-29.85324],[-71.16459,-29.85286],[-71.16439,-29.85281],[-71.16416,-29.85311],[-71.16351,-29.85347],[-71.16315,-29.85403],[-71.16291,-29.85452],[-71.16265,-29.85502],[-71.16238,-29.85521],[-71.16199,-29.85559],[-71.16139,-29.85611],[-71.16116,-29.85628],[-71.16131,-29.85653],[-71.16156,-29.85697],[-71.16194,-29.85731],[-71.16225,-29.85789],[-71.16275,-29.85843],[-71.16327,-29.85892],[-71.16336,-29.85917],[-71.16362,-29.8596],[-71.16354,-29.8602],[-71.16359,-29.86076],[-71.16352,-29.86138],[-71.16341,-29.86239],[-71.16348,-29.86304],[-71.16353,-29.86385],[-71.16354,-29.86464],[-71.16389,-29.86539],[-71.16426,-29.86613],[-71.16442,-29.86682],[-71.1646,-29.86738],[-71.16484,-29.86832],[-71.16519,-29.86908],[-71.16558,-29.86975],[-71.16559,-29.87007],[-71.16535,-29.87033],[-71.16496,-29.87082],[-71.16493,-29.87117],[-71.16496,-29.87163],[-71.16498,-29.87212],[-71.16488,-29.87238],[-71.16458,-29.87287],[-71.16435,-29.87338],[-71.16401,-29.87392],[-71.16396,-29.87428],[-71.16388,-29.8747],[-71.16374,-29.87502],[-71.16347,-29.87537],[-71.16323,-29.87576],[-71.16325,-29.876],[-71.16335,-29.87621],[-71.16346,-29.87645],[-71.16366,-29.87695],[-71.1638,-29.87743],[-71.1638,-29.87779],[-71.16365,-29.87838],[-71.16356,-29.87859],[-71.16352,-29.87867],[-71.16351,-29.87896],[-71.16355,-29.87919],[-71.16383,-29.87945],[-71.16454,-29.88013],[-71.16529,-29.88085],[-71.16628,-29.88183],[-71.16632,-29.88201],[-71.16626,-29.88229],[-71.16624,-29.88255],[-71.16627,-29.88273],[-71.16637,-29.88287],[-71.1666,-29.88299],[-71.16788,-29.88405],[-71.1681,-29.88421],[-71.16823,-29.88432],[-71.16845,-29.88459],[-71.16898,-29.88514],[-71.1692,-29.88532],[-71.16952,-29.88535],[-71.16993,-29.88549],[-71.17016,-29.88567],[-71.17123,-29.88668],[-71.1719,-29.8875],[-71.17208,-29.88772],[-71.17254,-29.88823],[-71.17263,-29.88855],[-71.17269,-29.88886],[-71.17281,-29.88912],[-71.17292,-29.88935],[-71.17296,-29.88938],[-71.17316,-29.88963],[-71.17343,-29.88987],[-71.1737,-29.88999],[-71.17398,-29.8901],[-71.17417,-29.89018],[-71.17431,-29.89026],[-71.17446,-29.89042],[-71.17473,-29.89074],[-71.17483,-29.89085],[-71.17508,-29.89112],[-71.17536,-29.89135],[-71.17584,-29.89171],[-71.17602,-29.89187],[-71.17623,-29.89219],[-71.17627,-29.89246],[-71.17628,-29.89263],[-71.17683,-29.89257],[-71.17756,-29.89261],[-71.17816,-29.89281],[-71.17863,-29.89303],[-71.17928,-29.8931],[-71.17987,-29.8932],[-71.18042,-29.89341],[-71.18108,-29.89394],[-71.18155,-29.89451],[-71.18164,-29.89494],[-71.18143,-29.89534],[-71.18128,-29.89561],[-71.18086,-29.89623],[-71.18063,-29.89659],[-71.18037,-29.89726],[-71.1803,-29.89785],[-71.18029,-29.89797],[-71.18035,-29.89808],[-71.1805,-29.89833],[-71.18071,-29.89862],[-71.18092,-29.89898],[-71.18133,-29.89963],[-71.18169,-29.90036],[-71.18192,-29.90075],[-71.18229,-29.90154],[-71.18257,-29.90211],[-71.18278,-29.90254],[-71.18306,-29.90294],[-71.18323,-29.90313],[-71.1834,-29.9033],[-71.1836,-29.90355],[-71.18407,-29.90385],[-71.18426,-29.90396],[-71.18453,-29.9041],[-71.18485,-29.90428],[-71.18499,-29.9044],[-71.18524,-29.90463],[-71.18544,-29.90481],[-71.18559,-29.90494],[-71.1858,-29.90506],[-71.18602,-29.90516],[-71.18625,-29.9053],[-71.18641,-29.90539],[-71.18661,-29.90556],[-71.18668,-29.90564],[-71.1869,-29.90582],[-71.18706,-29.90588],[-71.1872,-29.90596],[-71.18735,-29.90602],[-71.18752,-29.90612],[-71.18758,-29.90619],[-71.18761,-29.90627],[-71.18765,-29.90633],[-71.1877,-29.90639],[-71.18779,-29.9065],[-71.18784,-29.90656],[-71.18792,-29.90665],[-71.18798,-29.90677],[-71.18817,-29.90677],[-71.18861,-29.90678],[-71.18899,-29.90662],[-71.18921,-29.90648],[-71.18927,-29.90634],[-71.18928,-29.90609],[-71.18928,-29.90589],[-71.18934,-29.90564],[-71.18947,-29.90553],[-71.18978,-29.90543],[-71.19029,-29.90538],[-71.19072,-29.90534],[-71.19101,-29.90514],[-71.19131,-29.90488],[-71.19163,-29.90476],[-71.19203,-29.90483],[-71.19234,-29.90493],[-71.19274,-29.90498],[-71.19314,-29.90493],[-71.19357,-29.90484],[-71.19405,-29.90482],[-71.19431,-29.90483],[-71.1952,-29.90483],[-71.19573,-29.90499],[-71.19611,-29.90515],[-71.19639,-29.9053],[-71.19674,-29.90542],[-71.19701,-29.90549],[-71.19739,-29.90551],[-71.19779,-29.9054],[-71.19825,-29.90524],[-71.19843,-29.90512],[-71.19872,-29.90504],[-71.19904,-29.90489],[-71.19955,-29.9049],[-71.20003,-29.90509],[-71.20018,-29.90511],[-71.20052,-29.90514],[-71.20082,-29.90506],[-71.20116,-29.90486],[-71.20143,-29.90476],[-71.20176,-29.90462],[-71.20182,-29.90461],[-71.20211,-29.90457],[-71.20258,-29.90446],[-71.20293,-29.90436],[-71.20336,-29.90413],[-71.20388,-29.90378],[-71.20438,-29.90349],[-71.20488,-29.90313],[-71.20505,-29.90292],[-71.20519,-29.90281],[-71.20561,-29.90228],[-71.20592,-29.90207],[-71.2063,-29.90194],[-71.20683,-29.9018],[-71.20702,-29.90161],[-71.20723,-29.90146],[-71.20746,-29.9012],[-71.20753,-29.9009],[-71.20761,-29.9006],[-71.20774,-29.90025],[-71.20789,-29.89996],[-71.20813,-29.89954],[-71.20836,-29.89922],[-71.20868,-29.89887],[-71.20908,-29.89859],[-71.20974,-29.8982],[-71.21042,-29.89791],[-71.21096,-29.89766],[-71.21139,-29.89746],[-71.2121,-29.89723],[-71.21277,-29.89687],[-71.21357,-29.89673],[-71.21403,-29.89681],[-71.21449,-29.89676],[-71.21515,-29.89666],[-71.21545,-29.89637],[-71.21577,-29.8962],[-71.21639,-29.89575],[-71.21474,-29.89424],[-71.21378,-29.89336],[-71.21287,-29.89207],[-71.21283,-29.892],[-71.21024,-29.89266],[-71.20682,-29.89354],[-71.206,-29.8937],[-71.20509,-29.89378],[-71.20468,-29.89381],[-71.20433,-29.89382],[-71.20428,-29.89366],[-71.20424,-29.89342],[-71.2041,-29.89314],[-71.20403,-29.89293],[-71.20399,-29.89286],[-71.20399,-29.89285],[-71.20393,-29.8927],[-71.20392,-29.89267],[-71.20391,-29.89264],[-71.2039,-29.89262],[-71.2039,-29.8926],[-71.20386,-29.89243],[-71.20384,-29.8924],[-71.20384,-29.89237],[-71.20374,-29.89216],[-71.20372,-29.89212],[-71.2037,-29.8921],[-71.20359,-29.8919],[-71.20358,-29.89187],[-71.20365,-29.8917],[-71.20376,-29.89159],[-71.20377,-29.89157],[-71.20385,-29.89138],[-71.20381,-29.89108],[-71.20381,-29.89106],[-71.20373,-29.89084],[-71.20361,-29.89059],[-71.20347,-29.89043],[-71.20332,-29.89035],[-71.20319,-29.89028],[-71.20297,-29.88988],[-71.20283,-29.88972],[-71.20282,-29.88969],[-71.20271,-29.88937],[-71.20245,-29.88922],[-71.20214,-29.88915],[-71.20184,-29.88912],[-71.20166,-29.88901],[-71.20164,-29.88874],[-71.20155,-29.88853],[-71.20136,-29.88843],[-71.20109,-29.88838],[-71.20093,-29.88821],[-71.20066,-29.88807],[-71.20051,-29.88795],[-71.20059,-29.88773],[-71.20075,-29.88765],[-71.20084,-29.88747],[-71.20072,-29.88739],[-71.2005,-29.8873],[-71.20032,-29.88704],[-71.20045,-29.88678],[-71.20062,-29.88661],[-71.20062,-29.88642],[-71.20047,-29.88627],[-71.20045,-29.88627],[-71.20038,-29.88608],[-71.20043,-29.88595],[-71.20059,-29.88579],[-71.20078,-29.88555],[-71.20087,-29.88527],[-71.20084,-29.88483],[-71.20083,-29.8846],[-71.20086,-29.88429],[-71.20095,-29.88411],[-71.2008,-29.88401],[-71.20057,-29.8839],[-71.2002,-29.88374],[-71.19975,-29.88359],[-71.19949,-29.88348],[-71.19945,-29.88346],[-71.19927,-29.88328],[-71.19928,-29.88304],[-71.1994,-29.8828],[-71.19948,-29.88256],[-71.19937,-29.88241],[-71.20045,-29.88196],[-71.20155,-29.88146],[-71.20216,-29.88115],[-71.20267,-29.88081],[-71.20321,-29.88046],[-71.2036,-29.88024],[-71.20385,-29.8802],[-71.20435,-29.8802],[-71.20474,-29.88018],[-71.20499,-29.88017],[-71.2052,-29.88013],[-71.20537,-29.88008],[-71.20569,-29.87992],[-71.206,-29.87971],[-71.20668,-29.87924],[-71.20689,-29.87911],[-71.20707,-29.87903],[-71.20736,-29.87894],[-71.20745,-29.8789],[-71.20767,-29.87884],[-71.20825,-29.8787],[-71.20912,-29.87851],[-71.21031,-29.87833],[-71.21111,-29.87823],[-71.21202,-29.87812],[-71.21256,-29.87802],[-71.21336,-29.87787],[-71.21495,-29.87751],[-71.21616,-29.87719],[-71.21625,-29.87567],[-71.21644,-29.87298],[-71.21663,-29.86993],[-71.21681,-29.86739],[-71.21685,-29.86699],[-71.21689,-29.86675],[-71.217,-29.8664],[-71.2171,-29.86614],[-71.21719,-29.86596],[-71.21757,-29.86534],[-71.21784,-29.86504],[-71.21834,-29.86469],[-71.21883,-29.8644],[-71.21931,-29.8642],[-71.21975,-29.86406],[-71.22019,-29.86396],[-71.22056,-29.86391],[-71.22096,-29.86389],[-71.2213,-29.86391],[-71.22158,-29.86392],[-71.22571,-29.86507],[-71.22647,-29.8647],[-71.22668,-29.86461],[-71.22703,-29.86445],[-71.22737,-29.86426],[-71.22761,-29.86414],[-71.22777,-29.86407],[-71.22788,-29.86404],[-71.22828,-29.86401],[-71.22844,-29.86401],[-71.22879,-29.864],[-71.22895,-29.86405],[-71.22915,-29.86411],[-71.22938,-29.86418],[-71.22951,-29.8643],[-71.22958,-29.86438],[-71.22965,-29.86447],[-71.23005,-29.86457],[-71.23035,-29.86467],[-71.23062,-29.86467],[-71.23093,-29.86467],[-71.23119,-29.86468],[-71.23137,-29.86467],[-71.23186,-29.86458],[-71.23217,-29.8645],[-71.23228,-29.86443],[-71.23237,-29.86429],[-71.23255,-29.86402],[-71.23267,-29.86384],[-71.23279,-29.86366],[-71.23288,-29.86349],[-71.23297,-29.86332],[-71.23306,-29.8632],[-71.23331,-29.86288],[-71.23346,-29.8627],[-71.23375,-29.8625],[-71.23396,-29.86237],[-71.23413,-29.86228],[-71.23435,-29.86218],[-71.23451,-29.86212],[-71.2347,-29.86206],[-71.23499,-29.86197],[-71.23509,-29.86193],[-71.23528,-29.86187],[-71.23535,-29.86184],[-71.23543,-29.8618],[-71.23548,-29.86172],[-71.23562,-29.86144],[-71.23573,-29.86121],[-71.23579,-29.86111],[-71.23585,-29.86103],[-71.23594,-29.86096],[-71.23601,-29.86092],[-71.23608,-29.8609],[-71.23613,-29.86089],[-71.23625,-29.86088],[-71.23635,-29.86086],[-71.23643,-29.86084],[-71.23657,-29.8608],[-71.2367,-29.86075],[-71.2368,-29.86069],[-71.23688,-29.86062],[-71.23694,-29.86056],[-71.23704,-29.86045],[-71.23728,-29.86023],[-71.23751,-29.85999],[-71.2376,-29.8599],[-71.23769,-29.85984],[-71.23773,-29.85982],[-71.23777,-29.8598],[-71.23779,-29.8598],[-71.23784,-29.85979],[-71.23789,-29.85978],[-71.23791,-29.85978],[-71.23796,-29.85979],[-71.23798,-29.8598],[-71.23821,-29.85983],[-71.23855,-29.85989],[-71.2387,-29.85991],[-71.23932,-29.86009],[-71.23944,-29.86013],[-71.23966,-29.86025],[-71.2399,-29.86043],[-71.24033,-29.86077],[-71.24072,-29.86107],[-71.24105,-29.86133],[-71.2414,-29.86163],[-71.24166,-29.86181],[-71.24177,-29.86189],[-71.24228,-29.86213],[-71.24264,-29.8623],[-71.24295,-29.86246],[-71.24339,-29.86279],[-71.24384,-29.86317],[-71.24406,-29.86334],[-71.24412,-29.86337],[-71.2442,-29.86338],[-71.24436,-29.8634],[-71.24448,-29.86341],[-71.24475,-29.86343],[-71.24481,-29.86344],[-71.24487,-29.86346],[-71.24491,-29.86348],[-71.24496,-29.86351],[-71.24499,-29.86354],[-71.24501,-29.86356],[-71.24504,-29.86359],[-71.24508,-29.86368],[-71.24509,-29.8637],[-71.24513,-29.86375],[-71.24516,-29.86379],[-71.24521,-29.86382],[-71.24525,-29.86384],[-71.2453,-29.86386],[-71.24532,-29.86387],[-71.24539,-29.86391],[-71.24545,-29.86392],[-71.24548,-29.86391],[-71.24551,-29.8639],[-71.24554,-29.86388],[-71.24559,-29.86385],[-71.2455,-29.86374],[-71.24551,-29.86368],[-71.24555,-29.86364],[-71.24561,-29.86358],[-71.24567,-29.86354],[-71.24573,-29.86351],[-71.24577,-29.86348],[-71.24591,-29.86341],[-71.24611,-29.86334],[-71.24618,-29.86332],[-71.24635,-29.86329],[-71.24649,-29.86329],[-71.24674,-29.86332],[-71.24685,-29.86333],[-71.24706,-29.86334],[-71.24722,-29.86335],[-71.24731,-29.86335],[-71.24746,-29.86329],[-71.24758,-29.86322],[-71.24766,-29.86317],[-71.24776,-29.86313],[-71.24786,-29.86308],[-71.24794,-29.86304],[-71.24799,-29.86301],[-71.24804,-29.86296],[-71.24808,-29.86289],[-71.2481,-29.86287],[-71.24814,-29.86282],[-71.24818,-29.86279],[-71.24823,-29.86275],[-71.24823,-29.86274],[-71.24827,-29.86271],[-71.24831,-29.86269],[-71.24833,-29.86268],[-71.24835,-29.86267],[-71.24841,-29.86266],[-71.24847,-29.86266],[-71.24851,-29.86266],[-71.24856,-29.86268],[-71.24862,-29.86269],[-71.24881,-29.86269],[-71.24893,-29.86262],[-71.24897,-29.86251],[-71.24897,-29.86239],[-71.24897,-29.86227],[-71.24898,-29.86225],[-71.24923,-29.86202],[-71.2494,-29.86185],[-71.24942,-29.86172],[-71.24936,-29.86161],[-71.24937,-29.86149],[-71.24944,-29.86141],[-71.24955,-29.86132],[-71.24965,-29.8612],[-71.24972,-29.86112],[-71.24982,-29.86105],[-71.24986,-29.86098],[-71.2499,-29.86084],[-71.24991,-29.86082],[-71.24994,-29.86075],[-71.24996,-29.86073],[-71.25006,-29.86061],[-71.25016,-29.86051],[-71.25024,-29.86032],[-71.25024,-29.86017],[-71.25032,-29.85995],[-71.25038,-29.85975],[-71.25034,-29.85958],[-71.25028,-29.85944],[-71.25017,-29.85928],[-71.25012,-29.85916],[-71.25006,-29.85904],[-71.25005,-29.85901],[-71.24992,-29.8589],[-71.24986,-29.85881],[-71.24977,-29.85865],[-71.24973,-29.85853],[-71.24973,-29.85843],[-71.24978,-29.85824],[-71.24986,-29.85794],[-71.24987,-29.85776],[-71.24981,-29.85756],[-71.24979,-29.85729],[-71.24977,-29.85706],[-71.24973,-29.85685],[-71.24968,-29.8567],[-71.24955,-29.85658],[-71.2493,-29.85645],[-71.24906,-29.85634],[-71.24889,-29.85616],[-71.2488,-29.85595],[-71.24874,-29.85566],[-71.24875,-29.85541],[-71.24877,-29.85525],[-71.24878,-29.85515],[-71.24881,-29.85496],[-71.2488,-29.85493],[-71.24883,-29.85466],[-71.24889,-29.85448],[-71.24897,-29.85435],[-71.24893,-29.85416],[-71.24889,-29.85383],[-71.2488,-29.85346],[-71.24864,-29.85305],[-71.24859,-29.85263],[-71.24861,-29.85221],[-71.24866,-29.85204],[-71.24872,-29.85193],[-71.24895,-29.85186],[-71.24923,-29.85181],[-71.24947,-29.85176],[-71.24957,-29.85169],[-71.24969,-29.85157],[-71.24989,-29.85137],[-71.25011,-29.85107],[-71.25019,-29.85093],[-71.25024,-29.85075],[-71.25031,-29.8506],[-71.25052,-29.85048],[-71.25068,-29.85036],[-71.25079,-29.85028],[-71.25084,-29.85011],[-71.25089,-29.84986],[-71.25092,-29.84969],[-71.25101,-29.84957],[-71.25108,-29.84942],[-71.25106,-29.84925],[-71.25094,-29.84911],[-71.25078,-29.84897],[-71.25065,-29.84882],[-71.25049,-29.84868],[-71.25042,-29.84857],[-71.25042,-29.84853],[-71.25045,-29.84828],[-71.25054,-29.84795],[-71.25067,-29.84758],[-71.25081,-29.8474],[-71.25082,-29.84739],[-71.25093,-29.84727],[-71.25101,-29.84699],[-71.25101,-29.84697],[-71.251,-29.84681],[-71.25099,-29.84677],[-71.25097,-29.84657],[-71.25097,-29.84639],[-71.251,-29.84623],[-71.251,-29.84609],[-71.25097,-29.84595],[-71.25097,-29.84591],[-71.25098,-29.84574],[-71.25099,-29.84572],[-71.25106,-29.84556],[-71.25108,-29.84555],[-71.2512,-29.84537],[-71.25121,-29.84534],[-71.25127,-29.84518],[-71.25141,-29.84472],[-71.2514,-29.84442],[-71.25131,-29.84416],[-71.25126,-29.84391],[-71.25125,-29.84365],[-71.25127,-29.84344],[-71.25131,-29.84324],[-71.25144,-29.84307],[-71.25165,-29.84287],[-71.25186,-29.84267],[-71.25194,-29.84251],[-71.25201,-29.8421],[-71.25212,-29.84154],[-71.25217,-29.84124],[-71.25218,-29.84094],[-71.25218,-29.84092],[-71.25211,-29.8407],[-71.25222,-29.8405],[-71.25245,-29.84039],[-71.25257,-29.84022],[-71.25275,-29.83998],[-71.25286,-29.8396],[-71.25286,-29.83928],[-71.25286,-29.83925],[-71.25291,-29.83909],[-71.25307,-29.83889],[-71.25315,-29.83877],[-71.25324,-29.83839],[-71.25327,-29.83807],[-71.25326,-29.83728],[-71.25345,-29.83705],[-71.25347,-29.83703],[-71.25364,-29.83673],[-71.25373,-29.83618],[-71.25381,-29.83585],[-71.25388,-29.83539],[-71.25405,-29.83503],[-71.25429,-29.83477],[-71.25451,-29.83462],[-71.25468,-29.83458],[-71.25483,-29.83464],[-71.25509,-29.83469],[-71.25512,-29.83468],[-71.25532,-29.83468],[-71.25536,-29.83468],[-71.25552,-29.83463],[-71.25555,-29.83462],[-71.25587,-29.83452],[-71.25613,-29.8345],[-71.25628,-29.83447],[-71.25656,-29.83447],[-71.25668,-29.83439],[-71.25669,-29.83419],[-71.25667,-29.83403],[-71.25653,-29.8338],[-71.25641,-29.83355],[-71.25625,-29.83341],[-71.25602,-29.83321],[-71.25579,-29.83287],[-71.2557,-29.83269],[-71.25555,-29.83245],[-71.25552,-29.83241],[-71.25538,-29.83216],[-71.25538,-29.83215],[-71.25537,-29.83195],[-71.25563,-29.83188],[-71.25596,-29.83193],[-71.25624,-29.83203],[-71.25626,-29.83203],[-71.25655,-29.83211],[-71.25657,-29.83211],[-71.25681,-29.8322],[-71.25709,-29.83235],[-71.25736,-29.83247],[-71.25738,-29.83247],[-71.25745,-29.83248],[-71.25782,-29.83262],[-71.25818,-29.83279],[-71.25829,-29.83272],[-71.2583,-29.8327],[-71.25841,-29.83255],[-71.25842,-29.83254],[-71.25851,-29.83235],[-71.25852,-29.83233],[-71.25857,-29.83217],[-71.25855,-29.83191],[-71.25849,-29.83165],[-71.25848,-29.83132],[-71.25843,-29.83099],[-71.25832,-29.83077],[-71.25821,-29.83059],[-71.25815,-29.83038],[-71.25803,-29.83009],[-71.25798,-29.82989],[-71.25798,-29.82987],[-71.25784,-29.82968],[-71.25783,-29.82966],[-71.25772,-29.8295],[-71.2577,-29.82946],[-71.25765,-29.82927],[-71.25765,-29.82923],[-71.2577,-29.82909],[-71.2577,-29.82907],[-71.25785,-29.82893],[-71.25788,-29.82891],[-71.25807,-29.82878],[-71.2581,-29.82875],[-71.25811,-29.82873],[-71.25835,-29.82854],[-71.25836,-29.82853],[-71.2586,-29.82833],[-71.25865,-29.82816],[-71.2588,-29.82808],[-71.25881,-29.82806],[-71.25893,-29.82784],[-71.25893,-29.82782],[-71.25899,-29.82764],[-71.25906,-29.82748],[-71.25912,-29.82726],[-71.25911,-29.82725],[-71.25911,-29.82699],[-71.25911,-29.82696],[-71.25918,-29.82669],[-71.25918,-29.82666],[-71.25913,-29.82644],[-71.25919,-29.82625],[-71.2592,-29.82623],[-71.25929,-29.82594],[-71.2594,-29.82573],[-71.25975,-29.8252],[-71.26004,-29.82482],[-71.26005,-29.82479],[-71.26028,-29.82443],[-71.26028,-29.82442],[-71.2605,-29.82404],[-71.26074,-29.82362],[-71.26095,-29.82324],[-71.26101,-29.82309],[-71.26101,-29.82305],[-71.26102,-29.82279],[-71.2611,-29.82266],[-71.26143,-29.82239],[-71.26177,-29.82217],[-71.26203,-29.82192],[-71.26219,-29.82151],[-71.26246,-29.82106],[-71.26296,-29.82026],[-71.26328,-29.81982],[-71.26339,-29.81962],[-71.26359,-29.8194],[-71.26376,-29.81916],[-71.26366,-29.81899],[-71.26364,-29.81897],[-71.26353,-29.81888],[-71.26349,-29.81871],[-71.26348,-29.81868],[-71.26354,-29.81855],[-71.26377,-29.8185],[-71.26413,-29.81828],[-71.26414,-29.81827],[-71.26428,-29.81807],[-71.26451,-29.81787],[-71.2648,-29.81765],[-71.26507,-29.81751],[-71.26508,-29.81749],[-71.26533,-29.81733],[-71.26536,-29.8173],[-71.2655,-29.81715],[-71.26552,-29.81709],[-71.26555,-29.81706],[-71.26562,-29.81687],[-71.26564,-29.81683],[-71.26577,-29.81661],[-71.2661,-29.81619],[-71.26612,-29.81616],[-71.26671,-29.81562],[-71.26684,-29.81551],[-71.26698,-29.81545],[-71.26719,-29.81544],[-71.26741,-29.8154],[-71.26756,-29.81534],[-71.26762,-29.81528],[-71.26768,-29.81523],[-71.26771,-29.81517],[-71.26771,-29.81516],[-71.26777,-29.81512],[-71.26783,-29.81512],[-71.26789,-29.81508],[-71.26798,-29.81502],[-71.26807,-29.81514],[-71.26822,-29.8153],[-71.26848,-29.8154],[-71.26869,-29.81541],[-71.26895,-29.81532],[-71.26914,-29.8152],[-71.26911,-29.81508],[-71.26902,-29.81494],[-71.269,-29.81493],[-71.26899,-29.81492],[-71.26895,-29.81481],[-71.26895,-29.8148],[-71.26891,-29.81471],[-71.26891,-29.8147],[-71.26884,-29.81459],[-71.26873,-29.81455],[-71.26867,-29.81449],[-71.26871,-29.81443],[-71.26882,-29.81436],[-71.26889,-29.81431],[-71.26895,-29.81423],[-71.26899,-29.81417],[-71.26903,-29.81416],[-71.26904,-29.81417],[-71.2691,-29.81423],[-71.26913,-29.8143],[-71.26916,-29.81437],[-71.26916,-29.81438],[-71.26921,-29.81446],[-71.26926,-29.81449],[-71.26935,-29.81451],[-71.26944,-29.81447],[-71.26953,-29.8144],[-71.26954,-29.81431],[-71.26952,-29.81422],[-71.26953,-29.81412],[-71.2696,-29.81411],[-71.26969,-29.81414],[-71.26977,-29.81415],[-71.26984,-29.81414],[-71.26989,-29.81411],[-71.26992,-29.81407],[-71.26994,-29.814],[-71.26993,-29.81395],[-71.26998,-29.81395],[-71.27007,-29.81396],[-71.27014,-29.81394],[-71.27026,-29.81386],[-71.27036,-29.81377],[-71.27047,-29.81366],[-71.27061,-29.81349],[-71.27079,-29.81324],[-71.27091,-29.81292],[-71.27101,-29.81269],[-71.27107,-29.81253],[-71.27105,-29.81238],[-71.27105,-29.81236],[-71.27104,-29.81234],[-71.27103,-29.81233],[-71.27106,-29.81224],[-71.27109,-29.81216],[-71.27109,-29.81215],[-71.27115,-29.81203],[-71.27116,-29.81203],[-71.27124,-29.81193],[-71.27126,-29.81184],[-71.27127,-29.81171],[-71.27127,-29.8117],[-71.27134,-29.81158],[-71.27142,-29.81151],[-71.2715,-29.81145],[-71.27165,-29.81142],[-71.2719,-29.81139],[-71.27206,-29.81059],[-71.27221,-29.80994],[-71.27221,-29.8095],[-71.27221,-29.80942],[-71.27231,-29.80915],[-71.27229,-29.80901],[-71.27231,-29.8088],[-71.27227,-29.80867],[-71.27204,-29.80855],[-71.27157,-29.80846],[-71.27111,-29.80836],[-71.27069,-29.80824],[-71.2702,-29.80807],[-71.26993,-29.80794],[-71.26977,-29.80781],[-71.26971,-29.80764],[-71.26969,-29.80748],[-71.2697,-29.80729],[-71.26974,-29.80711],[-71.26981,-29.80679],[-71.26986,-29.80653],[-71.26993,-29.80639],[-71.26994,-29.80624],[-71.26991,-29.80605],[-71.26988,-29.80594],[-71.26983,-29.80577],[-71.26981,-29.80562],[-71.2698,-29.80546],[-71.26985,-29.80535],[-71.26983,-29.80529],[-71.26975,-29.80491],[-71.26956,-29.80447],[-71.26932,-29.80409],[-71.26895,-29.80378],[-71.26879,-29.8037],[-71.26854,-29.80363],[-71.26817,-29.80349],[-71.26792,-29.80317],[-71.26772,-29.80304],[-71.26757,-29.80282],[-71.26732,-29.80243],[-71.26701,-29.80223],[-71.26656,-29.80208],[-71.26621,-29.80198],[-71.2659,-29.8018],[-71.26559,-29.8015],[-71.26511,-29.80124],[-71.26477,-29.80088],[-71.26436,-29.80065],[-71.2634,-29.8005],[-71.26255,-29.80018],[-71.26198,-29.80026],[-71.26155,-29.80037],[-71.26115,-29.80038],[-71.26101,-29.80028],[-71.26097,-29.80007],[-71.26081,-29.80002],[-71.26068,-29.80016],[-71.26055,-29.80024],[-71.26033,-29.80017],[-71.26021,-29.80029],[-71.25994,-29.80022],[-71.25964,-29.80014],[-71.25926,-29.79989],[-71.25878,-29.79976],[-71.25838,-29.79975],[-71.25814,-29.79968],[-71.2578,-29.79955],[-71.25753,-29.7996],[-71.25717,-29.79967],[-71.25695,-29.79953],[-71.25656,-29.79946],[-71.25554,-29.79952],[-71.25508,-29.79955],[-71.2545,-29.79958],[-71.25417,-29.79934],[-71.25393,-29.79917],[-71.25362,-29.79909],[-71.25331,-29.7991],[-71.25302,-29.79911],[-71.25277,-29.799],[-71.25255,-29.7986],[-71.25226,-29.79824],[-71.2518,-29.79816],[-71.25144,-29.79819],[-71.25107,-29.79812],[-71.25049,-29.79791],[-71.25015,-29.79775],[-71.24985,-29.79756],[-71.24952,-29.79736],[-71.24911,-29.79723],[-71.24852,-29.79734],[-71.24834,-29.79752],[-71.24807,-29.79765],[-71.24772,-29.79781],[-71.2474,-29.79788],[-71.2471,-29.79787],[-71.24661,-29.79776],[-71.24621,-29.79767],[-71.24587,-29.79766],[-71.2456,-29.79775],[-71.24535,-29.79789],[-71.24492,-29.79806],[-71.24455,-29.79809],[-71.24396,-29.79808],[-71.24341,-29.79809],[-71.24298,-29.79809],[-71.24272,-29.79808],[-71.24235,-29.79803],[-71.24175,-29.79812],[-71.24138,-29.79809],[-71.24105,-29.79799],[-71.24048,-29.79796],[-71.24016,-29.79804],[-71.24006,-29.79808],[-71.2394,-29.79808],[-71.23902,-29.79811],[-71.23844,-29.79805],[-71.23802,-29.79791],[-71.23769,-29.79781],[-71.23752,-29.79774],[-71.23717,-29.7976],[-71.23677,-29.79744],[-71.23609,-29.79733],[-71.23532,-29.79712],[-71.23501,-29.79705],[-71.23472,-29.79717],[-71.23456,-29.7971],[-71.23424,-29.79711],[-71.23383,-29.79705],[-71.23338,-29.79703],[-71.23307,-29.7971],[-71.2324,-29.79719],[-71.23142,-29.79709],[-71.23121,-29.79693],[-71.23105,-29.79689],[-71.23084,-29.79687],[-71.23059,-29.79685],[-71.23012,-29.79686],[-71.22973,-29.79674],[-71.22932,-29.7967],[-71.22903,-29.7968],[-71.22878,-29.79694],[-71.22858,-29.7971],[-71.22824,-29.79703],[-71.22802,-29.79694],[-71.22775,-29.79713],[-71.22748,-29.79711],[-71.22725,-29.79708],[-71.22705,-29.79696],[-71.22678,-29.79697],[-71.22646,-29.79695],[-71.22621,-29.79684],[-71.22588,-29.79671],[-71.22539,-29.79677],[-71.22515,-29.79692],[-71.22482,-29.79712],[-71.22439,-29.79718],[-71.22394,-29.79723],[-71.22354,-29.79718],[-71.2227,-29.7969],[-71.22214,-29.79667],[-71.22138,-29.79653],[-71.22062,-29.79633],[-71.21994,-29.79613],[-71.21931,-29.79601],[-71.21832,-29.79584],[-71.21764,-29.79556],[-71.21701,-29.79557],[-71.21682,-29.79569],[-71.21604,-29.7959],[-71.21517,-29.79585],[-71.21431,-29.7957],[-71.21318,-29.79576],[-71.21232,-29.79585],[-71.21154,-29.79596],[-71.21098,-29.79596],[-71.21061,-29.79566],[-71.21026,-29.79577],[-71.20986,-29.79609],[-71.20929,-29.79658],[-71.20859,-29.79672],[-71.20784,-29.79658],[-71.2074,-29.79616],[-71.207,-29.79576],[-71.20643,-29.79571],[-71.20554,-29.79601],[-71.20479,-29.79637],[-71.20448,-29.79693],[-71.20418,-29.79749],[-71.20348,-29.79762],[-71.2027,-29.7978],[-71.20203,-29.79774],[-71.20099,-29.79772],[-71.20034,-29.79814],[-71.19876,-29.79872],[-71.1976,-29.79944],[-71.19678,-29.80062],[-71.19614,-29.8012],[-71.19542,-29.80178],[-71.19487,-29.80208],[-71.19429,-29.80239],[-71.19437,-29.80271],[-71.19449,-29.80337],[-71.19457,-29.80404],[-71.19431,-29.80486],[-71.19403,-29.80565],[-71.19397,-29.80635],[-71.19397,-29.80719],[-71.19381,-29.80782],[-71.19325,-29.80831],[-71.19266,-29.8087],[-71.19284,-29.809],[-71.1933,-29.8098],[-71.19352,-29.81024],[-71.19394,-29.81041],[-71.1947,-29.81155]]]}},{"type":"Feature","id":"6R","properties":{"codigo":"6R","nombre":"LA FLORIDA","area":"Rural","lon":-71.19145,"lat":-29.94798},"geometry":{"type":"Polygon","coordinates":[[[-71.16023,-29.92434],[-71.16164,-29.92576],[-71.16214,-29.92623],[-71.16296,-29.92723],[-71.16349,-29.92792],[-71.16397,-29.92866],[-71.16426,-29.9293],[-71.16449,-29.92973],[-71.16478,-29.93001],[-71.16506,-29.93027],[-71.16561,-29.93074],[-71.16584,-29.93102],[-71.16596,-29.93136],[-71.16574,-29.9321],[-71.16542,-29.93277],[-71.16549,-29.93334],[-71.16576,-29.9337],[-71.16609,-29.93412],[-71.16629,-29.93451],[-71.16627,-29.93504],[-71.16658,-29.9357],[-71.16723,-29.93625],[-71.16725,-29.93682],[-71.16731,-29.93715],[-71.16739,-29.93759],[-71.16763,-29.93808],[-71.16764,-29.9385],[-71.16766,-29.93898],[-71.1678,-29.93939],[-71.1683,-29.93989],[-71.16863,-29.94045],[-71.16872,-29.94074],[-71.16848,-29.94119],[-71.16816,-29.94153],[-71.1682,-29.94201],[-71.16835,-29.94227],[-71.16882,-29.94267],[-71.16944,-29.94324],[-71.16997,-29.94386],[-71.17015,-29.94424],[-71.17025,-29.94487],[-71.17034,-29.94556],[-71.17069,-29.94631],[-71.17089,-29.94676],[-71.1712,-29.94702],[-71.17163,-29.94744],[-71.17197,-29.94794],[-71.17225,-29.94858],[-71.17239,-29.94899],[-71.17282,-29.94944],[-71.17331,-29.94979],[-71.1743,-29.94997],[-71.17531,-29.95051],[-71.176,-29.95112],[-71.17632,-29.95157],[-71.17644,-29.95196],[-71.17674,-29.95243],[-71.17703,-29.95277],[-71.1771,-29.95304],[-71.17735,-29.95383],[-71.17748,-29.95442],[-71.17733,-29.95498],[-71.17701,-29.95575],[-71.17663,-29.9563],[-71.1763,-29.95697],[-71.17625,-29.95747],[-71.17583,-29.95832],[-71.17579,-29.95901],[-71.17563,-29.95969],[-71.17569,-29.96035],[-71.17524,-29.96133],[-71.17533,-29.96195],[-71.17502,-29.96244],[-71.17508,-29.9633],[-71.17526,-29.96477],[-71.17579,-29.96583],[-71.17592,-29.96631],[-71.17583,-29.96678],[-71.17549,-29.96735],[-71.17553,-29.96777],[-71.17577,-29.96863],[-71.17598,-29.97032],[-71.17613,-29.9713],[-71.17607,-29.97181],[-71.1759,-29.97256],[-71.17587,-29.97342],[-71.17598,-29.97391],[-71.17582,-29.97511],[-71.17593,-29.97604],[-71.17609,-29.9769],[-71.17602,-29.97739],[-71.17556,-29.97855],[-71.17523,-29.97933],[-71.17512,-29.98038],[-71.17514,-29.98067],[-71.17507,-29.98116],[-71.1748,-29.98184],[-71.175,-29.98263],[-71.17494,-29.98327],[-71.17463,-29.98404],[-71.17469,-29.98467],[-71.17468,-29.98529],[-71.17466,-29.98587],[-71.17457,-29.98653],[-71.17428,-29.98703],[-71.17413,-29.9877],[-71.17443,-29.98855],[-71.17487,-29.98934],[-71.17486,-29.99048],[-71.17445,-29.99152],[-71.17437,-29.9919],[-71.17415,-29.99312],[-71.17371,-29.99482],[-71.17351,-29.99528],[-71.17307,-29.99618],[-71.17455,-29.99616],[-71.1761,-29.9966],[-71.1789,-29.99768],[-71.17991,-29.9987],[-71.18111,-29.99948],[-71.18265,-30.00003],[-71.18418,-30.00028],[-71.18577,-30.00003],[-71.18741,-30.00013],[-71.18979,-29.99979],[-71.19282,-29.99899],[-71.1944,-29.99798],[-71.19543,-29.99771],[-71.1964,-29.99769],[-71.1969,-29.99796],[-71.19785,-29.99996],[-71.19908,-29.99989],[-71.20118,-29.99911],[-71.2026,-29.99899],[-71.20439,-29.9985],[-71.20578,-29.99858],[-71.20628,-29.99845],[-71.20792,-29.9972],[-71.21176,-29.99523],[-71.2131,-29.99433],[-71.21386,-29.99351],[-71.21432,-29.99206],[-71.21549,-29.99071],[-71.21469,-29.98945],[-71.21381,-29.98697],[-71.21312,-29.9853],[-71.212,-29.98408],[-71.21332,-29.98244],[-71.21418,-29.98138],[-71.21637,-29.97941],[-71.21828,-29.9777],[-71.22,-29.97584],[-71.21981,-29.97422],[-71.21978,-29.974],[-71.21975,-29.9737],[-71.21974,-29.9737],[-71.21959,-29.97368],[-71.21926,-29.97352],[-71.21899,-29.9734],[-71.21864,-29.97322],[-71.21844,-29.97311],[-71.21839,-29.97309],[-71.2183,-29.97292],[-71.21808,-29.97277],[-71.21782,-29.97269],[-71.21757,-29.97261],[-71.21735,-29.97254],[-71.21706,-29.97244],[-71.21693,-29.97239],[-71.21618,-29.97174],[-71.21607,-29.97162],[-71.21597,-29.9715],[-71.21587,-29.97139],[-71.21577,-29.97127],[-71.2157,-29.97116],[-71.21559,-29.97099],[-71.21544,-29.97075],[-71.21533,-29.97067],[-71.21508,-29.97051],[-71.21495,-29.97042],[-71.21483,-29.97034],[-71.21448,-29.97029],[-71.21437,-29.97027],[-71.21408,-29.97017],[-71.21368,-29.97003],[-71.2135,-29.96999],[-71.21332,-29.96995],[-71.21319,-29.96992],[-71.21309,-29.96985],[-71.21292,-29.96963],[-71.21281,-29.96951],[-71.21255,-29.96931],[-71.21233,-29.96916],[-71.21211,-29.9688],[-71.212,-29.96862],[-71.21184,-29.96833],[-71.21162,-29.96806],[-71.21147,-29.96772],[-71.21137,-29.9676],[-71.21119,-29.96741],[-71.211,-29.96722],[-71.21095,-29.96717],[-71.21069,-29.96705],[-71.21061,-29.96701],[-71.2102,-29.96693],[-71.20994,-29.96688],[-71.20979,-29.96685],[-71.2095,-29.96679],[-71.20924,-29.96674],[-71.20913,-29.96672],[-71.20899,-29.96667],[-71.20877,-29.9666],[-71.20857,-29.96653],[-71.20848,-29.9665],[-71.20831,-29.96642],[-71.20821,-29.96637],[-71.20803,-29.96625],[-71.20781,-29.96611],[-71.20771,-29.96604],[-71.20754,-29.96593],[-71.20747,-29.96587],[-71.2074,-29.96577],[-71.20731,-29.96564],[-71.20724,-29.96554],[-71.20714,-29.96542],[-71.20723,-29.96496],[-71.20734,-29.96435],[-71.20744,-29.96382],[-71.2075,-29.96355],[-71.20757,-29.96329],[-71.20763,-29.96303],[-71.20769,-29.96276],[-71.20776,-29.96247],[-71.20784,-29.96223],[-71.20792,-29.96197],[-71.20801,-29.96171],[-71.20809,-29.96145],[-71.20817,-29.96119],[-71.20822,-29.96105],[-71.20826,-29.96073],[-71.20832,-29.96039],[-71.20836,-29.96012],[-71.20837,-29.96006],[-71.20847,-29.95987],[-71.20851,-29.95976],[-71.20858,-29.95962],[-71.20862,-29.95956],[-71.20881,-29.95944],[-71.20891,-29.95938],[-71.20899,-29.95931],[-71.20904,-29.95926],[-71.20908,-29.9592],[-71.20917,-29.95909],[-71.20926,-29.95898],[-71.20931,-29.95891],[-71.20934,-29.95887],[-71.20937,-29.9588],[-71.20941,-29.95864],[-71.20944,-29.95854],[-71.2095,-29.95837],[-71.20959,-29.95813],[-71.20968,-29.95789],[-71.20978,-29.95762],[-71.20986,-29.95741],[-71.20989,-29.95731],[-71.20989,-29.95725],[-71.20989,-29.95688],[-71.20989,-29.95677],[-71.20994,-29.95658],[-71.20991,-29.95638],[-71.20991,-29.95623],[-71.2099,-29.95609],[-71.20994,-29.9559],[-71.20995,-29.95569],[-71.20996,-29.95562],[-71.20994,-29.95549],[-71.20986,-29.95535],[-71.2098,-29.95526],[-71.20973,-29.95515],[-71.20971,-29.95492],[-71.20969,-29.95479],[-71.20967,-29.95458],[-71.20965,-29.95443],[-71.20963,-29.95425],[-71.20961,-29.95411],[-71.2096,-29.95394],[-71.20959,-29.95384],[-71.20959,-29.95378],[-71.20957,-29.95348],[-71.20957,-29.9533],[-71.20954,-29.95317],[-71.20951,-29.95303],[-71.20949,-29.9529],[-71.20945,-29.95277],[-71.20932,-29.95245],[-71.20919,-29.95214],[-71.20905,-29.95182],[-71.20892,-29.9515],[-71.20889,-29.95142],[-71.20889,-29.95136],[-71.20888,-29.95128],[-71.20886,-29.95103],[-71.20885,-29.95083],[-71.20888,-29.95079],[-71.20907,-29.95059],[-71.20918,-29.95046],[-71.20924,-29.95039],[-71.20938,-29.9502],[-71.20943,-29.95013],[-71.20946,-29.95005],[-71.20951,-29.94993],[-71.20956,-29.94982],[-71.20957,-29.9498],[-71.2096,-29.94967],[-71.20964,-29.94954],[-71.20967,-29.94941],[-71.20971,-29.94927],[-71.20974,-29.94921],[-71.2098,-29.94909],[-71.20986,-29.94896],[-71.20989,-29.9489],[-71.20991,-29.94885],[-71.20998,-29.94871],[-71.21002,-29.94862],[-71.21003,-29.94859],[-71.21015,-29.9485],[-71.2103,-29.94841],[-71.21041,-29.94834],[-71.21057,-29.94825],[-71.21078,-29.94814],[-71.21083,-29.94811],[-71.21089,-29.94802],[-71.211,-29.94783],[-71.21105,-29.94779],[-71.2111,-29.94775],[-71.21118,-29.94769],[-71.2112,-29.94767],[-71.21125,-29.94755],[-71.21128,-29.94748],[-71.21131,-29.94741],[-71.21132,-29.94735],[-71.21132,-29.9473],[-71.21131,-29.9472],[-71.2113,-29.94705],[-71.21129,-29.94688],[-71.21128,-29.94669],[-71.21127,-29.94663],[-71.21121,-29.94635],[-71.21116,-29.94614],[-71.21115,-29.94605],[-71.21114,-29.94598],[-71.21112,-29.94578],[-71.2111,-29.94551],[-71.2111,-29.94528],[-71.21109,-29.94497],[-71.21108,-29.94479],[-71.21108,-29.94463],[-71.21105,-29.94451],[-71.21095,-29.94415],[-71.21089,-29.94394],[-71.21084,-29.94377],[-71.21075,-29.94342],[-71.21067,-29.94312],[-71.21061,-29.94285],[-71.21059,-29.94277],[-71.2104,-29.9422],[-71.2102,-29.94169],[-71.2101,-29.94143],[-71.20998,-29.94104],[-71.2099,-29.94078],[-71.20985,-29.94051],[-71.2098,-29.94029],[-71.20981,-29.94007],[-71.20984,-29.94001],[-71.20987,-29.93992],[-71.20991,-29.93983],[-71.20991,-29.93965],[-71.20992,-29.93954],[-71.20993,-29.93945],[-71.20994,-29.93928],[-71.20995,-29.93922],[-71.20987,-29.93892],[-71.20984,-29.93873],[-71.20981,-29.93859],[-71.20982,-29.9384],[-71.20985,-29.93828],[-71.20988,-29.93816],[-71.20991,-29.93805],[-71.20991,-29.93788],[-71.20992,-29.93771],[-71.20992,-29.93762],[-71.20992,-29.93744],[-71.20996,-29.93734],[-71.20999,-29.93724],[-71.21008,-29.93682],[-71.21031,-29.93588],[-71.21043,-29.93535],[-71.21071,-29.93421],[-71.21295,-29.93144],[-71.21301,-29.93137],[-71.21268,-29.93081],[-71.21183,-29.92934],[-71.21149,-29.92875],[-71.21135,-29.92852],[-71.21094,-29.9278],[-71.21085,-29.92764],[-71.21014,-29.92808],[-71.20848,-29.92935],[-71.20764,-29.92994],[-71.20728,-29.93013],[-71.20708,-29.93024],[-71.2068,-29.93036],[-71.20667,-29.93042],[-71.20652,-29.93049],[-71.20583,-29.9307],[-71.20564,-29.93076],[-71.20518,-29.93084],[-71.20486,-29.9309],[-71.20468,-29.93093],[-71.20444,-29.93095],[-71.20415,-29.93098],[-71.20412,-29.93098],[-71.20386,-29.931],[-71.20269,-29.93111],[-71.20231,-29.93114],[-71.20178,-29.93119],[-71.19864,-29.93147],[-71.19687,-29.93163],[-71.19455,-29.93184],[-71.19354,-29.93193],[-71.19281,-29.92963],[-71.19246,-29.92849],[-71.19192,-29.92674],[-71.19144,-29.92514],[-71.19052,-29.92216],[-71.19094,-29.92202],[-71.19227,-29.92156],[-71.19336,-29.92118],[-71.19453,-29.92078],[-71.19575,-29.92036],[-71.19694,-29.91995],[-71.19778,-29.91965],[-71.19839,-29.91944],[-71.20021,-29.91879],[-71.20103,-29.91851],[-71.20135,-29.9184],[-71.2026,-29.91796],[-71.20385,-29.91753],[-71.20577,-29.91687],[-71.20675,-29.91652],[-71.20878,-29.9158],[-71.20947,-29.91555],[-71.21026,-29.91525],[-71.21026,-29.91507],[-71.21026,-29.91495],[-71.21033,-29.91477],[-71.21047,-29.91456],[-71.21067,-29.91441],[-71.21112,-29.91407],[-71.2117,-29.91374],[-71.21293,-29.91306],[-71.21345,-29.91275],[-71.21425,-29.91227],[-71.21482,-29.91199],[-71.2153,-29.91175],[-71.21567,-29.91165],[-71.21596,-29.91155],[-71.21617,-29.91148],[-71.21672,-29.91133],[-71.21716,-29.91123],[-71.21739,-29.91119],[-71.21762,-29.91115],[-71.21815,-29.9111],[-71.21867,-29.91107],[-71.21908,-29.91107],[-71.21924,-29.91107],[-71.21941,-29.91091],[-71.21967,-29.91064],[-71.21984,-29.91048],[-71.2201,-29.90967],[-71.22032,-29.909],[-71.2206,-29.90812],[-71.22065,-29.90739],[-71.22067,-29.90712],[-71.22073,-29.90619],[-71.22087,-29.9041],[-71.22099,-29.90215],[-71.22111,-29.90043],[-71.22108,-29.90015],[-71.22102,-29.89993],[-71.22088,-29.89971],[-71.22075,-29.89961],[-71.21988,-29.89884],[-71.21943,-29.89844],[-71.21835,-29.89749],[-71.21657,-29.89592],[-71.21639,-29.89575],[-71.21577,-29.8962],[-71.21545,-29.89637],[-71.21515,-29.89666],[-71.21449,-29.89676],[-71.21403,-29.89681],[-71.21357,-29.89673],[-71.21277,-29.89687],[-71.2121,-29.89723],[-71.21139,-29.89746],[-71.21096,-29.89766],[-71.21042,-29.89791],[-71.20974,-29.8982],[-71.20908,-29.89859],[-71.20868,-29.89887],[-71.20836,-29.89922],[-71.20813,-29.89954],[-71.20789,-29.89996],[-71.20774,-29.90025],[-71.20761,-29.9006],[-71.20753,-29.9009],[-71.20746,-29.9012],[-71.20723,-29.90146],[-71.20702,-29.90161],[-71.20683,-29.9018],[-71.2063,-29.90194],[-71.20592,-29.90207],[-71.20561,-29.90228],[-71.20519,-29.90281],[-71.20505,-29.90292],[-71.20488,-29.90313],[-71.20438,-29.90349],[-71.20388,-29.90378],[-71.20336,-29.90413],[-71.20293,-29.90436],[-71.20258,-29.90446],[-71.20211,-29.90457],[-71.20182,-29.90461],[-71.20176,-29.90462],[-71.20143,-29.90476],[-71.20116,-29.90486],[-71.20082,-29.90506],[-71.20052,-29.90514],[-71.20018,-29.90511],[-71.20003,-29.90509],[-71.19955,-29.9049],[-71.19904,-29.90489],[-71.19872,-29.90504],[-71.19843,-29.90512],[-71.19825,-29.90524],[-71.19779,-29.9054],[-71.19739,-29.90551],[-71.19701,-29.90549],[-71.19674,-29.90542],[-71.19639,-29.9053],[-71.19611,-29.90515],[-71.19573,-29.90499],[-71.1952,-29.90483],[-71.19431,-29.90483],[-71.19405,-29.90482],[-71.19357,-29.90484],[-71.19314,-29.90493],[-71.19274,-29.90498],[-71.19234,-29.90493],[-71.19203,-29.90483],[-71.19163,-29.90476],[-71.19131,-29.90488],[-71.19101,-29.90514],[-71.19072,-29.90534],[-71.19029,-29.90538],[-71.18978,-29.90543],[-71.18947,-29.90553],[-71.18934,-29.90564],[-71.18928,-29.90589],[-71.18928,-29.90609],[-71.18927,-29.90634],[-71.18921,-29.90648],[-71.18899,-29.90662],[-71.18861,-29.90678],[-71.18817,-29.90677],[-71.18798,-29.90677],[-71.18773,-29.90676],[-71.18728,-29.90691],[-71.18701,-29.90703],[-71.18669,-29.90736],[-71.18663,-29.90773],[-71.18667,-29.90801],[-71.18647,-29.90848],[-71.18616,-29.90858],[-71.18584,-29.90874],[-71.18537,-29.9091],[-71.18472,-29.90957],[-71.18441,-29.90994],[-71.18332,-29.91069],[-71.18231,-29.91096],[-71.18215,-29.9113],[-71.1815,-29.91217],[-71.18038,-29.91295],[-71.17952,-29.91341],[-71.17919,-29.91413],[-71.17832,-29.91452],[-71.17705,-29.9146],[-71.17641,-29.91493],[-71.17546,-29.91538],[-71.17474,-29.91527],[-71.17375,-29.91551],[-71.17292,-29.9158],[-71.17106,-29.91573],[-71.17022,-29.91615],[-71.16881,-29.91688],[-71.16744,-29.91792],[-71.16581,-29.91908],[-71.16487,-29.92006],[-71.16287,-29.92146],[-71.16184,-29.92252],[-71.16111,-29.92339],[-71.16023,-29.92434]]]}},{"type":"Feature","id":"7R","properties":{"codigo":"7R","nombre":"COQUIMBITO","area":"Rural","lon":-71.16798,"lat":-29.91113},"geometry":{"type":"Polygon","coordinates":[[[-71.1803,-29.89785],[-71.18008,-29.89785],[-71.1798,-29.89787],[-71.17954,-29.89801],[-71.1793,-29.89826],[-71.17915,-29.89849],[-71.17904,-29.89876],[-71.17895,-29.89897],[-71.17875,-29.89911],[-71.17839,-29.8992],[-71.17776,-29.89936],[-71.17741,-29.89944],[-71.17696,-29.89956],[-71.17648,-29.89976],[-71.17599,-29.89992],[-71.17545,-29.90003],[-71.17477,-29.90017],[-71.17419,-29.90036],[-71.17361,-29.90058],[-71.17298,-29.90079],[-71.17234,-29.90096],[-71.17172,-29.90106],[-71.171,-29.90126],[-71.17034,-29.90152],[-71.16948,-29.90171],[-71.16903,-29.90189],[-71.16769,-29.90244],[-71.16713,-29.90265],[-71.16658,-29.903],[-71.16601,-29.90333],[-71.16458,-29.90419],[-71.16338,-29.90488],[-71.1626,-29.90539],[-71.16199,-29.90589],[-71.16128,-29.90642],[-71.16071,-29.90681],[-71.15953,-29.90762],[-71.15826,-29.9085],[-71.15745,-29.90904],[-71.15719,-29.90913],[-71.1562,-29.90961],[-71.15533,-29.91009],[-71.15449,-29.91062],[-71.15336,-29.91137],[-71.15289,-29.91178],[-71.15187,-29.91256],[-71.15168,-29.91269],[-71.15144,-29.91283],[-71.15113,-29.91301],[-71.15093,-29.91313],[-71.15066,-29.91332],[-71.15039,-29.91358],[-71.15008,-29.91394],[-71.14988,-29.91418],[-71.14973,-29.91431],[-71.14948,-29.91442],[-71.14918,-29.91452],[-71.14888,-29.91461],[-71.14861,-29.91472],[-71.14838,-29.91481],[-71.14814,-29.91497],[-71.14781,-29.9152],[-71.14765,-29.91534],[-71.16023,-29.92434],[-71.16111,-29.92339],[-71.16184,-29.92252],[-71.16287,-29.92146],[-71.16487,-29.92006],[-71.16581,-29.91908],[-71.16744,-29.91792],[-71.16881,-29.91688],[-71.17022,-29.91615],[-71.17106,-29.91573],[-71.17292,-29.9158],[-71.17375,-29.91551],[-71.17474,-29.91527],[-71.17546,-29.91538],[-71.17641,-29.91493],[-71.17705,-29.9146],[-71.17832,-29.91452],[-71.17919,-29.91413],[-71.17952,-29.91341],[-71.18038,-29.91295],[-71.1815,-29.91217],[-71.18215,-29.9113],[-71.18231,-29.91096],[-71.18332,-29.91069],[-71.18441,-29.90994],[-71.18472,-29.90957],[-71.18537,-29.9091],[-71.18584,-29.90874],[-71.18616,-29.90858],[-71.18647,-29.90848],[-71.18667,-29.90801],[-71.18663,-29.90773],[-71.18669,-29.90736],[-71.18701,-29.90703],[-71.18728,-29.90691],[-71.18773,-29.90676],[-71.18798,-29.90677],[-71.18792,-29.90665],[-71.18784,-29.90656],[-71.18779,-29.9065],[-71.1877,-29.90639],[-71.18765,-29.90633],[-71.18761,-29.90627],[-71.18758,-29.90619],[-71.18752,-29.90612],[-71.18735,-29.90602],[-71.1872,-29.90596],[-71.18706,-29.90588],[-71.1869,-29.90582],[-71.18668,-29.90564],[-71.18661,-29.90556],[-71.18641,-29.90539],[-71.18625,-29.9053],[-71.18602,-29.90516],[-71.1858,-29.90506],[-71.18559,-29.90494],[-71.18544,-29.90481],[-71.18524,-29.90463],[-71.18499,-29.9044],[-71.18485,-29.90428],[-71.18453,-29.9041],[-71.18426,-29.90396],[-71.18407,-29.90385],[-71.1836,-29.90355],[-71.1834,-29.9033],[-71.18323,-29.90313],[-71.18306,-29.90294],[-71.18278,-29.90254],[-71.18257,-29.90211],[-71.18229,-29.90154],[-71.18192,-29.90075],[-71.18169,-29.90036],[-71.18133,-29.89963],[-71.18092,-29.89898],[-71.18071,-29.89862],[-71.1805,-29.89833],[-71.18035,-29.89808],[-71.18029,-29.89797],[-71.1803,-29.89785]]]}},{"type":"Feature","id":"8R","properties":{"codigo":"8R","nombre":"ALGARROBITO","area":"Rural","lon":-71.15122,"lat":-29.97266},"geometry":{"type":"Polygon","coordinates":[[[-71.17307,-29.99618],[-71.17351,-29.99528],[-71.17371,-29.99482],[-71.17415,-29.99312],[-71.17437,-29.9919],[-71.17445,-29.99152],[-71.17486,-29.99048],[-71.17487,-29.98934],[-71.17443,-29.98855],[-71.17413,-29.9877],[-71.17428,-29.98703],[-71.17457,-29.98653],[-71.17466,-29.98587],[-71.17468,-29.98529],[-71.17469,-29.98467],[-71.17463,-29.98404],[-71.17494,-29.98327],[-71.175,-29.98263],[-71.1748,-29.98184],[-71.17507,-29.98116],[-71.17514,-29.98067],[-71.17512,-29.98038],[-71.17523,-29.97933],[-71.17556,-29.97855],[-71.17602,-29.97739],[-71.17609,-29.9769],[-71.17593,-29.97604],[-71.17582,-29.97511],[-71.17598,-29.97391],[-71.17587,-29.97342],[-71.1759,-29.97256],[-71.17607,-29.97181],[-71.17613,-29.9713],[-71.17598,-29.97032],[-71.17577,-29.96863],[-71.17553,-29.96777],[-71.17549,-29.96735],[-71.17583,-29.96678],[-71.17592,-29.96631],[-71.17579,-29.96583],[-71.17526,-29.96477],[-71.17508,-29.9633],[-71.17502,-29.96244],[-71.17533,-29.96195],[-71.17524,-29.96133],[-71.17569,-29.96035],[-71.17563,-29.95969],[-71.17579,-29.95901],[-71.17583,-29.95832],[-71.17625,-29.95747],[-71.1763,-29.95697],[-71.17663,-29.9563],[-71.17701,-29.95575],[-71.17733,-29.95498],[-71.17748,-29.95442],[-71.17735,-29.95383],[-71.1771,-29.95304],[-71.17703,-29.95277],[-71.17674,-29.95243],[-71.17644,-29.95196],[-71.17632,-29.95157],[-71.176,-29.95112],[-71.17531,-29.95051],[-71.1743,-29.94997],[-71.17331,-29.94979],[-71.17282,-29.94944],[-71.17239,-29.94899],[-71.17225,-29.94858],[-71.17197,-29.94794],[-71.17163,-29.94744],[-71.1712,-29.94702],[-71.17089,-29.94676],[-71.17069,-29.94631],[-71.17034,-29.94556],[-71.17025,-29.94487],[-71.17015,-29.94424],[-71.16997,-29.94386],[-71.16944,-29.94324],[-71.16882,-29.94267],[-71.16835,-29.94227],[-71.1682,-29.94201],[-71.16816,-29.94153],[-71.16848,-29.94119],[-71.16872,-29.94074],[-71.16863,-29.94045],[-71.1683,-29.93989],[-71.1678,-29.93939],[-71.16766,-29.93898],[-71.16764,-29.9385],[-71.16763,-29.93808],[-71.16739,-29.93759],[-71.16731,-29.93715],[-71.16725,-29.93682],[-71.16723,-29.93625],[-71.16658,-29.9357],[-71.16627,-29.93504],[-71.16629,-29.93451],[-71.16609,-29.93412],[-71.16576,-29.9337],[-71.16549,-29.93334],[-71.16542,-29.93277],[-71.16574,-29.9321],[-71.16596,-29.93136],[-71.16584,-29.93102],[-71.16561,-29.93074],[-71.16506,-29.93027],[-71.16478,-29.93001],[-71.16449,-29.92973],[-71.16426,-29.9293],[-71.16397,-29.92866],[-71.16349,-29.92792],[-71.16296,-29.92723],[-71.16214,-29.92623],[-71.16164,-29.92576],[-71.16023,-29.92434],[-71.15961,-29.92474],[-71.15916,-29.92509],[-71.15804,-29.92571],[-71.15678,-29.92655],[-71.15635,-29.92709],[-71.15558,-29.92789],[-71.15453,-29.92854],[-71.15323,-29.92946],[-71.15235,-29.92987],[-71.1509,-29.9305],[-71.15033,-29.93069],[-71.14972,-29.93088],[-71.14886,-29.93131],[-71.14835,-29.93166],[-71.14774,-29.93217],[-71.1473,-29.9326],[-71.14692,-29.93282],[-71.14651,-29.933],[-71.14601,-29.93319],[-71.14489,-29.93405],[-71.14434,-29.93467],[-71.14375,-29.93524],[-71.14259,-29.93587],[-71.14184,-29.93629],[-71.14145,-29.93676],[-71.14117,-29.93715],[-71.14059,-29.93771],[-71.14,-29.93799],[-71.13945,-29.93828],[-71.13903,-29.93856],[-71.13865,-29.93891],[-71.13832,-29.93939],[-71.13784,-29.9399],[-71.13741,-29.94047],[-71.13709,-29.9408],[-71.13638,-29.94149],[-71.13596,-29.94183],[-71.13536,-29.94214],[-71.13473,-29.94242],[-71.13435,-29.94252],[-71.13389,-29.94288],[-71.13336,-29.94326],[-71.13288,-29.94371],[-71.13218,-29.94416],[-71.13159,-29.94449],[-71.1308,-29.94489],[-71.13022,-29.9453],[-71.12878,-29.94649],[-71.128,-29.9469],[-71.12704,-29.94743],[-71.12627,-29.94789],[-71.12526,-29.94853],[-71.1244,-29.94932],[-71.1237,-29.95032],[-71.12308,-29.95105],[-71.12223,-29.95156],[-71.12155,-29.95197],[-71.12099,-29.95244],[-71.12056,-29.95284],[-71.11995,-29.95341],[-71.11962,-29.95372],[-71.11948,-29.95415],[-71.11936,-29.95468],[-71.11907,-29.95513],[-71.11818,-29.95565],[-71.11759,-29.956],[-71.11709,-29.9563],[-71.1166,-29.95695],[-71.11603,-29.95787],[-71.11554,-29.95853],[-71.11464,-29.95957],[-71.114,-29.95997],[-71.11332,-29.96025],[-71.11256,-29.96057],[-71.11195,-29.96078],[-71.11173,-29.96085],[-71.11188,-29.96106],[-71.11215,-29.96141],[-71.11247,-29.96169],[-71.11268,-29.96174],[-71.11296,-29.96185],[-71.11319,-29.9622],[-71.11329,-29.96279],[-71.11353,-29.96363],[-71.11354,-29.9638],[-71.11366,-29.96417],[-71.11394,-29.9645],[-71.11418,-29.96465],[-71.11456,-29.96478],[-71.11497,-29.9648],[-71.11543,-29.96482],[-71.11642,-29.96519],[-71.11654,-29.96531],[-71.11687,-29.96553],[-71.11713,-29.96569],[-71.11745,-29.96588],[-71.11787,-29.96608],[-71.11834,-29.96625],[-71.11884,-29.96645],[-71.1196,-29.96666],[-71.1203,-29.96686],[-71.12085,-29.96721],[-71.12137,-29.9675],[-71.12174,-29.96779],[-71.12232,-29.96817],[-71.12283,-29.9685],[-71.12325,-29.96913],[-71.12375,-29.96952],[-71.12393,-29.96976],[-71.12415,-29.97002],[-71.12448,-29.97035],[-71.12466,-29.97063],[-71.12481,-29.97093],[-71.12517,-29.97134],[-71.12555,-29.97174],[-71.12607,-29.97231],[-71.12668,-29.97277],[-71.12723,-29.97347],[-71.12775,-29.97382],[-71.12839,-29.97433],[-71.12922,-29.97515],[-71.12993,-29.97584],[-71.13073,-29.97622],[-71.132,-29.9769],[-71.13345,-29.97786],[-71.13442,-29.97837],[-71.13517,-29.9789],[-71.13536,-29.97948],[-71.13563,-29.9804],[-71.13579,-29.98074],[-71.1361,-29.98124],[-71.13672,-29.98258],[-71.13679,-29.98295],[-71.13728,-29.98344],[-71.13764,-29.98375],[-71.13767,-29.98403],[-71.1376,-29.98442],[-71.13813,-29.98515],[-71.13866,-29.98595],[-71.13905,-29.98663],[-71.13905,-29.98695],[-71.13941,-29.98773],[-71.13988,-29.98833],[-71.14026,-29.98883],[-71.14088,-29.98969],[-71.14105,-29.99024],[-71.14163,-29.99077],[-71.14232,-29.99161],[-71.14285,-29.99245],[-71.14263,-29.99313],[-71.14232,-29.99419],[-71.14235,-29.99468],[-71.1424,-29.99532],[-71.1425,-29.99601],[-71.14233,-29.99646],[-71.14191,-29.99719],[-71.1418,-29.99783],[-71.142,-29.99887],[-71.14191,-29.99976],[-71.14152,-30.00075],[-71.14106,-30.002],[-71.14092,-30.00246],[-71.14077,-30.00335],[-71.14056,-30.00422],[-71.14007,-30.00477],[-71.13968,-30.00526],[-71.13961,-30.0054],[-71.13964,-30.00583],[-71.13972,-30.0064],[-71.13963,-30.00702],[-71.13969,-30.00837],[-71.13977,-30.00951],[-71.13998,-30.01015],[-71.14041,-30.01074],[-71.14074,-30.01132],[-71.14051,-30.01192],[-71.14013,-30.01246],[-71.13974,-30.01311],[-71.13964,-30.01359],[-71.13982,-30.01442],[-71.14014,-30.01523],[-71.14035,-30.016],[-71.14063,-30.01664],[-71.14081,-30.01748],[-71.14087,-30.018],[-71.14111,-30.01855],[-71.14158,-30.01919],[-71.14206,-30.01968],[-71.14268,-30.02016],[-71.14318,-30.02041],[-71.14447,-30.02083],[-71.1445,-30.02046],[-71.1453,-30.01925],[-71.14707,-30.01804],[-71.14735,-30.01764],[-71.14838,-30.01547],[-71.14832,-30.01437],[-71.14861,-30.01382],[-71.15262,-30.01089],[-71.15488,-30.01009],[-71.15574,-30.0095],[-71.15655,-30.00838],[-71.15706,-30.00811],[-71.15693,-30.00732],[-71.15741,-30.0065],[-71.15854,-30.00624],[-71.1618,-30.0038],[-71.16391,-30.00297],[-71.16597,-29.99945],[-71.17013,-29.9955],[-71.17047,-29.99575],[-71.17126,-29.99575],[-71.17307,-29.99618]]]}},{"type":"Feature","id":"9R","properties":{"codigo":"9R","nombre":"ALTOVALSOL","area":"Rural","lon":-71.11462,"lat":-29.93239},"geometry":{"type":"Polygon","coordinates":[[[-71.0767,-29.90937],[-71.0754,-29.90883],[-71.07469,-29.90844],[-71.07389,-29.90759],[-71.07327,-29.90712],[-71.07249,-29.90624],[-71.07194,-29.90524],[-71.08793,-29.94959],[-71.08823,-29.95005],[-71.0888,-29.95066],[-71.08984,-29.95127],[-71.09065,-29.95167],[-71.09189,-29.95241],[-71.09322,-29.95289],[-71.09362,-29.95309],[-71.09441,-29.95333],[-71.0952,-29.95346],[-71.0959,-29.95362],[-71.0965,-29.95394],[-71.09694,-29.95422],[-71.0974,-29.95442],[-71.09753,-29.95453],[-71.09819,-29.95471],[-71.11173,-29.96085],[-71.11195,-29.96078],[-71.11256,-29.96057],[-71.11332,-29.96025],[-71.114,-29.95997],[-71.11464,-29.95957],[-71.11554,-29.95853],[-71.11603,-29.95787],[-71.1166,-29.95695],[-71.11709,-29.9563],[-71.11759,-29.956],[-71.11818,-29.95565],[-71.11907,-29.95513],[-71.11936,-29.95468],[-71.11948,-29.95415],[-71.11962,-29.95372],[-71.11995,-29.95341],[-71.12056,-29.95284],[-71.12099,-29.95244],[-71.12155,-29.95197],[-71.12223,-29.95156],[-71.12308,-29.95105],[-71.1237,-29.95032],[-71.1244,-29.94932],[-71.12526,-29.94853],[-71.12627,-29.94789],[-71.12704,-29.94743],[-71.128,-29.9469],[-71.12878,-29.94649],[-71.13022,-29.9453],[-71.1308,-29.94489],[-71.13159,-29.94449],[-71.13218,-29.94416],[-71.13288,-29.94371],[-71.13336,-29.94326],[-71.13389,-29.94288],[-71.13435,-29.94252],[-71.13473,-29.94242],[-71.13536,-29.94214],[-71.13596,-29.94183],[-71.13638,-29.94149],[-71.13709,-29.9408],[-71.13741,-29.94047],[-71.13784,-29.9399],[-71.13832,-29.93939],[-71.13865,-29.93891],[-71.13903,-29.93856],[-71.13945,-29.93828],[-71.14,-29.93799],[-71.14059,-29.93771],[-71.14117,-29.93715],[-71.14145,-29.93676],[-71.14184,-29.93629],[-71.14259,-29.93587],[-71.14375,-29.93524],[-71.14434,-29.93467],[-71.14489,-29.93405],[-71.14601,-29.93319],[-71.14651,-29.933],[-71.14692,-29.93282],[-71.1473,-29.9326],[-71.14774,-29.93217],[-71.14835,-29.93166],[-71.14886,-29.93131],[-71.14972,-29.93088],[-71.15033,-29.93069],[-71.1509,-29.9305],[-71.15235,-29.92987],[-71.15323,-29.92946],[-71.15453,-29.92854],[-71.15558,-29.92789],[-71.15635,-29.92709],[-71.15678,-29.92655],[-71.15804,-29.92571],[-71.15916,-29.92509],[-71.15961,-29.92474],[-71.16023,-29.92434],[-71.14765,-29.91534],[-71.14586,-29.91463],[-71.1434,-29.91357],[-71.14025,-29.91031],[-71.13828,-29.91041],[-71.13703,-29.91058],[-71.13491,-29.91069],[-71.13433,-29.91069],[-71.13318,-29.91076],[-71.13191,-29.91089],[-71.1308,-29.91097],[-71.12992,-29.91103],[-71.12863,-29.91115],[-71.12741,-29.91117],[-71.12617,-29.91095],[-71.12455,-29.91038],[-71.12332,-29.90969],[-71.12272,-29.90899],[-71.12215,-29.90804],[-71.12157,-29.90709],[-71.1202,-29.90754],[-71.11934,-29.90813],[-71.11875,-29.90867],[-71.11858,-29.9092],[-71.11812,-29.90974],[-71.11725,-29.91016],[-71.11582,-29.91065],[-71.11492,-29.91084],[-71.11404,-29.91091],[-71.11344,-29.91017],[-71.11249,-29.90931],[-71.11163,-29.90844],[-71.11108,-29.90773],[-71.11101,-29.90715],[-71.11095,-29.90674],[-71.10921,-29.9068],[-71.1088,-29.90678],[-71.10842,-29.90673],[-71.10802,-29.90653],[-71.10767,-29.90607],[-71.10752,-29.90577],[-71.10731,-29.90521],[-71.10697,-29.90472],[-71.10653,-29.90432],[-71.10621,-29.90408],[-71.10585,-29.90395],[-71.10553,-29.90383],[-71.10509,-29.90382],[-71.10447,-29.90403],[-71.10399,-29.90414],[-71.1035,-29.90408],[-71.10331,-29.90394],[-71.10304,-29.90386],[-71.10261,-29.90387],[-71.10236,-29.90397],[-71.10208,-29.90414],[-71.10173,-29.90421],[-71.10153,-29.90433],[-71.1013,-29.90447],[-71.10092,-29.90454],[-71.10013,-29.90448],[-71.09986,-29.90427],[-71.09943,-29.90431],[-71.09902,-29.90458],[-71.09868,-29.90482],[-71.09805,-29.9053],[-71.09771,-29.90555],[-71.09731,-29.90566],[-71.09673,-29.90583],[-71.09583,-29.90577],[-71.09554,-29.90567],[-71.09518,-29.90553],[-71.0948,-29.90528],[-71.09429,-29.90509],[-71.09388,-29.90508],[-71.0934,-29.90521],[-71.09288,-29.90509],[-71.09282,-29.90503],[-71.09286,-29.90474],[-71.09278,-29.90444],[-71.09265,-29.90431],[-71.0925,-29.9043],[-71.0923,-29.90432],[-71.09211,-29.90439],[-71.092,-29.90446],[-71.0917,-29.90456],[-71.09127,-29.90452],[-71.09101,-29.90435],[-71.09067,-29.90423],[-71.09049,-29.90378],[-71.08996,-29.90399],[-71.08954,-29.90427],[-71.08915,-29.90456],[-71.08861,-29.90509],[-71.08787,-29.9058],[-71.08622,-29.90689],[-71.0849,-29.90749],[-71.08333,-29.90878],[-71.08218,-29.90936],[-71.08144,-29.91],[-71.08092,-29.91049],[-71.08037,-29.9107],[-71.07956,-29.91051],[-71.07868,-29.9102],[-71.0767,-29.90937]]]}},{"type":"Feature","id":"10R","properties":{"codigo":"10R","nombre":"EL ROMERO","area":"Rural","lon":-71.12428,"lat":-29.88076},"geometry":{"type":"Polygon","coordinates":[[[-71.11961,-29.86553],[-71.1191,-29.86565],[-71.11903,-29.86569],[-71.11837,-29.86614],[-71.11823,-29.86617],[-71.11774,-29.86629],[-71.1173,-29.86633],[-71.11667,-29.86651],[-71.11648,-29.86659],[-71.11555,-29.86698],[-71.1144,-29.86738],[-71.1135,-29.86765],[-71.1135,-29.86799],[-71.11347,-29.86812],[-71.11337,-29.86846],[-71.11323,-29.86865],[-71.11291,-29.86894],[-71.1127,-29.86922],[-71.11257,-29.86932],[-71.11241,-29.86939],[-71.11221,-29.86944],[-71.11198,-29.86947],[-71.11172,-29.86951],[-71.11156,-29.86954],[-71.11126,-29.86965],[-71.11098,-29.86971],[-71.11069,-29.86974],[-71.11061,-29.86975],[-71.11042,-29.86979],[-71.11026,-29.86981],[-71.11014,-29.86979],[-71.11,-29.86986],[-71.10984,-29.86989],[-71.10968,-29.86989],[-71.10958,-29.86986],[-71.1095,-29.86983],[-71.10943,-29.86988],[-71.10931,-29.87001],[-71.10917,-29.87008],[-71.109,-29.87014],[-71.10887,-29.87015],[-71.10874,-29.87017],[-71.1086,-29.87026],[-71.10833,-29.87043],[-71.10814,-29.87052],[-71.108,-29.87059],[-71.10789,-29.87066],[-71.10776,-29.87074],[-71.10763,-29.8708],[-71.10741,-29.87078],[-71.10725,-29.87069],[-71.10714,-29.87059],[-71.10702,-29.87048],[-71.10692,-29.87036],[-71.10686,-29.87033],[-71.10684,-29.87037],[-71.10685,-29.8704],[-71.10685,-29.87047],[-71.10681,-29.87058],[-71.10676,-29.87063],[-71.1067,-29.87068],[-71.10667,-29.87076],[-71.10664,-29.8709],[-71.10656,-29.87116],[-71.10654,-29.87125],[-71.10647,-29.87136],[-71.10636,-29.87147],[-71.10621,-29.87157],[-71.10613,-29.87162],[-71.10598,-29.87166],[-71.10585,-29.87166],[-71.10573,-29.87164],[-71.10564,-29.8716],[-71.10548,-29.87149],[-71.10535,-29.8714],[-71.10525,-29.87132],[-71.105,-29.87111],[-71.1048,-29.87123],[-71.10484,-29.87128],[-71.10497,-29.87144],[-71.10505,-29.87155],[-71.1051,-29.87166],[-71.10513,-29.87181],[-71.10513,-29.87191],[-71.10514,-29.872],[-71.10515,-29.87208],[-71.10518,-29.87214],[-71.10522,-29.87222],[-71.10508,-29.87228],[-71.10497,-29.87232],[-71.10481,-29.87239],[-71.10469,-29.87246],[-71.10463,-29.8725],[-71.10457,-29.87257],[-71.10451,-29.87267],[-71.10446,-29.87276],[-71.10443,-29.87283],[-71.10437,-29.8729],[-71.10428,-29.87296],[-71.10417,-29.873],[-71.10398,-29.87303],[-71.10373,-29.87315],[-71.10332,-29.87332],[-71.1031,-29.87343],[-71.1029,-29.87353],[-71.10285,-29.87357],[-71.10279,-29.87368],[-71.10267,-29.87378],[-71.10243,-29.87394],[-71.10233,-29.87406],[-71.10218,-29.87418],[-71.10199,-29.87431],[-71.1019,-29.87438],[-71.10177,-29.87446],[-71.10163,-29.87457],[-71.10153,-29.87466],[-71.10146,-29.87474],[-71.10138,-29.87479],[-71.10131,-29.87489],[-71.10119,-29.87509],[-71.10069,-29.87521],[-71.09982,-29.87567],[-71.09885,-29.876],[-71.09783,-29.87615],[-71.0967,-29.87626],[-71.09604,-29.8763],[-71.0949,-29.87655],[-71.0937,-29.87683],[-71.09288,-29.87716],[-71.09173,-29.87739],[-71.09117,-29.87761],[-71.09051,-29.87788],[-71.08973,-29.87815],[-71.08924,-29.8783],[-71.08825,-29.87845],[-71.08782,-29.87845],[-71.08726,-29.87862],[-71.0868,-29.87885],[-71.08632,-29.87919],[-71.08544,-29.87981],[-71.0846,-29.88021],[-71.08353,-29.88066],[-71.08241,-29.8813],[-71.08157,-29.882],[-71.0809,-29.88284],[-71.08041,-29.88347],[-71.07982,-29.88443],[-71.07934,-29.88541],[-71.07882,-29.88588],[-71.07818,-29.88637],[-71.07739,-29.88679],[-71.07665,-29.88726],[-71.07605,-29.88762],[-71.07506,-29.88844],[-71.07455,-29.88922],[-71.07421,-29.88998],[-71.07406,-29.89065],[-71.07326,-29.89146],[-71.07282,-29.89182],[-71.07317,-29.89226],[-71.07344,-29.89262],[-71.07361,-29.89301],[-71.07383,-29.89352],[-71.07386,-29.89409],[-71.0738,-29.89486],[-71.07381,-29.89516],[-71.07389,-29.89557],[-71.07402,-29.89579],[-71.07421,-29.89613],[-71.07438,-29.89656],[-71.07432,-29.89708],[-71.0741,-29.89742],[-71.07397,-29.89753],[-71.07385,-29.89781],[-71.07382,-29.89817],[-71.07389,-29.89871],[-71.07405,-29.8991],[-71.07428,-29.89954],[-71.07446,-29.89987],[-71.07449,-29.90026],[-71.07469,-29.90058],[-71.07494,-29.90082],[-71.07526,-29.90104],[-71.07547,-29.90125],[-71.07559,-29.90168],[-71.07552,-29.90201],[-71.07541,-29.90224],[-71.07534,-29.90255],[-71.07528,-29.90301],[-71.07535,-29.90334],[-71.07547,-29.90372],[-71.07544,-29.90423],[-71.07543,-29.90464],[-71.07566,-29.90532],[-71.07583,-29.90571],[-71.07625,-29.90616],[-71.07681,-29.90668],[-71.07704,-29.90697],[-71.07709,-29.90738],[-71.077,-29.90782],[-71.07693,-29.90818],[-71.07688,-29.90843],[-71.07673,-29.90903],[-71.0767,-29.90937],[-71.07868,-29.9102],[-71.07956,-29.91051],[-71.08037,-29.9107],[-71.08092,-29.91049],[-71.08144,-29.91],[-71.08218,-29.90936],[-71.08333,-29.90878],[-71.0849,-29.90749],[-71.08622,-29.90689],[-71.08787,-29.9058],[-71.08861,-29.90509],[-71.08915,-29.90456],[-71.08954,-29.90427],[-71.08996,-29.90399],[-71.09049,-29.90378],[-71.09067,-29.90423],[-71.09101,-29.90435],[-71.09127,-29.90452],[-71.0917,-29.90456],[-71.092,-29.90446],[-71.09211,-29.90439],[-71.0923,-29.90432],[-71.0925,-29.9043],[-71.09265,-29.90431],[-71.09278,-29.90444],[-71.09286,-29.90474],[-71.09282,-29.90503],[-71.09288,-29.90509],[-71.0934,-29.90521],[-71.09388,-29.90508],[-71.09429,-29.90509],[-71.0948,-29.90528],[-71.09518,-29.90553],[-71.09554,-29.90567],[-71.09583,-29.90577],[-71.09673,-29.90583],[-71.09731,-29.90566],[-71.09771,-29.90555],[-71.09805,-29.9053],[-71.09868,-29.90482],[-71.09902,-29.90458],[-71.09943,-29.90431],[-71.09986,-29.90427],[-71.10013,-29.90448],[-71.10092,-29.90454],[-71.1013,-29.90447],[-71.10153,-29.90433],[-71.10173,-29.90421],[-71.10208,-29.90414],[-71.10236,-29.90397],[-71.10261,-29.90387],[-71.10304,-29.90386],[-71.10331,-29.90394],[-71.1035,-29.90408],[-71.10399,-29.90414],[-71.10447,-29.90403],[-71.10509,-29.90382],[-71.10553,-29.90383],[-71.10585,-29.90395],[-71.10621,-29.90408],[-71.10653,-29.90432],[-71.10697,-29.90472],[-71.10731,-29.90521],[-71.10752,-29.90577],[-71.10767,-29.90607],[-71.10802,-29.90653],[-71.10842,-29.90673],[-71.1088,-29.90678],[-71.10921,-29.9068],[-71.11095,-29.90674],[-71.11101,-29.90715],[-71.11108,-29.90773],[-71.11163,-29.90844],[-71.11249,-29.90931],[-71.11344,-29.91017],[-71.11404,-29.91091],[-71.11492,-29.91084],[-71.11582,-29.91065],[-71.11725,-29.91016],[-71.11812,-29.90974],[-71.11858,-29.9092],[-71.11875,-29.90867],[-71.11934,-29.90813],[-71.1202,-29.90754],[-71.12157,-29.90709],[-71.12215,-29.90804],[-71.12272,-29.90899],[-71.12332,-29.90969],[-71.12455,-29.91038],[-71.12617,-29.91095],[-71.12741,-29.91117],[-71.12863,-29.91115],[-71.12992,-29.91103],[-71.1308,-29.91097],[-71.13191,-29.91089],[-71.13318,-29.91076],[-71.13433,-29.91069],[-71.13491,-29.91069],[-71.13703,-29.91058],[-71.13828,-29.91041],[-71.14025,-29.91031],[-71.1434,-29.91357],[-71.14586,-29.91463],[-71.14765,-29.91534],[-71.14781,-29.9152],[-71.14814,-29.91497],[-71.14838,-29.91481],[-71.14861,-29.91472],[-71.14888,-29.91461],[-71.14918,-29.91452],[-71.14948,-29.91442],[-71.14973,-29.91431],[-71.14988,-29.91418],[-71.15008,-29.91394],[-71.15039,-29.91358],[-71.15066,-29.91332],[-71.15093,-29.91313],[-71.15113,-29.91301],[-71.15144,-29.91283],[-71.15168,-29.91269],[-71.15187,-29.91256],[-71.15289,-29.91178],[-71.15336,-29.91137],[-71.15449,-29.91062],[-71.15533,-29.91009],[-71.1562,-29.90961],[-71.15719,-29.90913],[-71.15745,-29.90904],[-71.15826,-29.9085],[-71.15953,-29.90762],[-71.16071,-29.90681],[-71.16128,-29.90642],[-71.16199,-29.90589],[-71.1626,-29.90539],[-71.16338,-29.90488],[-71.16458,-29.90419],[-71.16601,-29.90333],[-71.16658,-29.903],[-71.16713,-29.90265],[-71.16769,-29.90244],[-71.16903,-29.90189],[-71.16948,-29.90171],[-71.17034,-29.90152],[-71.171,-29.90126],[-71.17172,-29.90106],[-71.17234,-29.90096],[-71.17298,-29.90079],[-71.17361,-29.90058],[-71.17419,-29.90036],[-71.17477,-29.90017],[-71.17545,-29.90003],[-71.17599,-29.89992],[-71.17648,-29.89976],[-71.17696,-29.89956],[-71.17741,-29.89944],[-71.17776,-29.89936],[-71.17839,-29.8992],[-71.17875,-29.89911],[-71.17895,-29.89897],[-71.17904,-29.89876],[-71.17915,-29.89849],[-71.1793,-29.89826],[-71.17954,-29.89801],[-71.1798,-29.89787],[-71.18008,-29.89785],[-71.1803,-29.89785],[-71.18037,-29.89726],[-71.18063,-29.89659],[-71.18086,-29.89623],[-71.18128,-29.89561],[-71.18143,-29.89534],[-71.18164,-29.89494],[-71.18155,-29.89451],[-71.18108,-29.89394],[-71.18042,-29.89341],[-71.17987,-29.8932],[-71.17928,-29.8931],[-71.17863,-29.89303],[-71.17816,-29.89281],[-71.17756,-29.89261],[-71.17683,-29.89257],[-71.17628,-29.89263],[-71.17627,-29.89246],[-71.17623,-29.89219],[-71.17602,-29.89187],[-71.17584,-29.89171],[-71.17536,-29.89135],[-71.17508,-29.89112],[-71.17483,-29.89085],[-71.17473,-29.89074],[-71.17446,-29.89042],[-71.17431,-29.89026],[-71.17417,-29.89018],[-71.17398,-29.8901],[-71.1737,-29.88999],[-71.17343,-29.88987],[-71.17316,-29.88963],[-71.17296,-29.88938],[-71.17292,-29.88935],[-71.17281,-29.88912],[-71.17269,-29.88886],[-71.17263,-29.88855],[-71.17254,-29.88823],[-71.17208,-29.88772],[-71.1719,-29.8875],[-71.17123,-29.88668],[-71.17016,-29.88567],[-71.16993,-29.88549],[-71.16952,-29.88535],[-71.1692,-29.88532],[-71.16898,-29.88514],[-71.16845,-29.88459],[-71.16823,-29.88432],[-71.1681,-29.88421],[-71.16788,-29.88405],[-71.1666,-29.88299],[-71.16637,-29.88287],[-71.16627,-29.88273],[-71.16624,-29.88255],[-71.16626,-29.88229],[-71.16632,-29.88201],[-71.16628,-29.88183],[-71.16529,-29.88085],[-71.16454,-29.88013],[-71.16383,-29.87945],[-71.16355,-29.87919],[-71.16351,-29.87896],[-71.16352,-29.87867],[-71.16356,-29.87859],[-71.16365,-29.87838],[-71.1638,-29.87779],[-71.1638,-29.87743],[-71.16366,-29.87695],[-71.16346,-29.87645],[-71.16335,-29.87621],[-71.16325,-29.876],[-71.16323,-29.87576],[-71.16347,-29.87537],[-71.16374,-29.87502],[-71.16388,-29.8747],[-71.16396,-29.87428],[-71.16401,-29.87392],[-71.16435,-29.87338],[-71.16458,-29.87287],[-71.16488,-29.87238],[-71.16498,-29.87212],[-71.16496,-29.87163],[-71.16493,-29.87117],[-71.16496,-29.87082],[-71.16535,-29.87033],[-71.16559,-29.87007],[-71.16558,-29.86975],[-71.16519,-29.86908],[-71.16484,-29.86832],[-71.1646,-29.86738],[-71.16442,-29.86682],[-71.16426,-29.86613],[-71.16389,-29.86539],[-71.16354,-29.86464],[-71.16353,-29.86385],[-71.16348,-29.86304],[-71.16341,-29.86239],[-71.16352,-29.86138],[-71.16359,-29.86076],[-71.16354,-29.8602],[-71.16362,-29.8596],[-71.16336,-29.85917],[-71.16327,-29.85892],[-71.16275,-29.85843],[-71.16225,-29.85789],[-71.16194,-29.85731],[-71.16156,-29.85697],[-71.16131,-29.85653],[-71.16116,-29.85628],[-71.16096,-29.85642],[-71.16058,-29.85657],[-71.1604,-29.85678],[-71.16011,-29.85722],[-71.15984,-29.85759],[-71.15934,-29.85796],[-71.15931,-29.85803],[-71.1592,-29.85799],[-71.1591,-29.858],[-71.15897,-29.85803],[-71.15886,-29.8581],[-71.1587,-29.85826],[-71.15856,-29.85841],[-71.15847,-29.8585],[-71.15844,-29.85855],[-71.15843,-29.8586],[-71.15833,-29.85866],[-71.15818,-29.85873],[-71.15797,-29.8588],[-71.15785,-29.85888],[-71.15776,-29.85898],[-71.15771,-29.85907],[-71.15769,-29.8592],[-71.15763,-29.85937],[-71.15758,-29.85945],[-71.15747,-29.85953],[-71.15732,-29.85965],[-71.15727,-29.85968],[-71.15721,-29.85968],[-71.15716,-29.85971],[-71.15714,-29.85977],[-71.15714,-29.85985],[-71.15716,-29.85993],[-71.15709,-29.86007],[-71.15704,-29.86017],[-71.15705,-29.86019],[-71.15693,-29.86039],[-71.15682,-29.86059],[-71.1566,-29.86082],[-71.15649,-29.86088],[-71.1563,-29.86107],[-71.15623,-29.86111],[-71.15607,-29.86109],[-71.15597,-29.86107],[-71.1559,-29.86112],[-71.15591,-29.86121],[-71.156,-29.86134],[-71.15606,-29.86151],[-71.15602,-29.86167],[-71.15593,-29.86185],[-71.15575,-29.86201],[-71.15558,-29.86212],[-71.15538,-29.8622],[-71.15521,-29.86222],[-71.15503,-29.86226],[-71.1548,-29.86229],[-71.15463,-29.86223],[-71.15453,-29.86222],[-71.15448,-29.86223],[-71.15447,-29.86228],[-71.15438,-29.8623],[-71.1544,-29.86237],[-71.15446,-29.86255],[-71.15449,-29.86256],[-71.15458,-29.86266],[-71.15457,-29.86271],[-71.15447,-29.86282],[-71.15442,-29.86308],[-71.15428,-29.86328],[-71.15408,-29.86344],[-71.15393,-29.86359],[-71.15391,-29.86365],[-71.1536,-29.86379],[-71.15337,-29.86374],[-71.15322,-29.86372],[-71.15305,-29.86367],[-71.1529,-29.86358],[-71.15316,-29.86406],[-71.15323,-29.86422],[-71.15333,-29.86435],[-71.15338,-29.86454],[-71.1533,-29.86475],[-71.15316,-29.865],[-71.15295,-29.8652],[-71.15278,-29.86524],[-71.15257,-29.86521],[-71.15239,-29.86516],[-71.15224,-29.86502],[-71.15205,-29.86487],[-71.15195,-29.86477],[-71.15179,-29.86477],[-71.15169,-29.86484],[-71.15163,-29.86494],[-71.15165,-29.86509],[-71.15174,-29.86529],[-71.1519,-29.86555],[-71.152,-29.86593],[-71.15206,-29.86635],[-71.15203,-29.86642],[-71.15194,-29.86646],[-71.15176,-29.86649],[-71.15162,-29.86647],[-71.1515,-29.86643],[-71.15091,-29.86598],[-71.1508,-29.86594],[-71.15071,-29.86596],[-71.15063,-29.86603],[-71.15059,-29.86628],[-71.15059,-29.86651],[-71.15065,-29.86661],[-71.15105,-29.86696],[-71.15118,-29.86709],[-71.15124,-29.86722],[-71.15126,-29.86737],[-71.15123,-29.86749],[-71.15112,-29.86759],[-71.15096,-29.86766],[-71.15075,-29.86769],[-71.15055,-29.86769],[-71.15044,-29.86777],[-71.15038,-29.86786],[-71.15023,-29.86806],[-71.15001,-29.86827],[-71.14966,-29.86848],[-71.14938,-29.86866],[-71.14896,-29.86901],[-71.14868,-29.86925],[-71.14852,-29.86948],[-71.14842,-29.86963],[-71.14828,-29.8697],[-71.14812,-29.86972],[-71.14799,-29.86964],[-71.14793,-29.86955],[-71.14791,-29.86936],[-71.14792,-29.86924],[-71.148,-29.86915],[-71.14826,-29.86896],[-71.14857,-29.8687],[-71.1487,-29.86857],[-71.14876,-29.86838],[-71.14875,-29.86823],[-71.14868,-29.86816],[-71.14848,-29.86815],[-71.14814,-29.86818],[-71.14791,-29.86818],[-71.14781,-29.86812],[-71.14776,-29.86801],[-71.14775,-29.86784],[-71.1478,-29.8674],[-71.14779,-29.86718],[-71.14771,-29.86707],[-71.14762,-29.86698],[-71.14748,-29.8669],[-71.14743,-29.86681],[-71.14751,-29.86644],[-71.14755,-29.86626],[-71.14753,-29.86612],[-71.14746,-29.86608],[-71.1473,-29.86605],[-71.14701,-29.86612],[-71.1469,-29.86615],[-71.14677,-29.86612],[-71.14668,-29.86605],[-71.14663,-29.86594],[-71.14666,-29.86579],[-71.14678,-29.86549],[-71.1468,-29.86534],[-71.14678,-29.86521],[-71.14669,-29.86508],[-71.1466,-29.86501],[-71.14639,-29.86502],[-71.14631,-29.86504],[-71.14621,-29.86509],[-71.14612,-29.86515],[-71.14603,-29.86526],[-71.14594,-29.86532],[-71.14586,-29.86532],[-71.14579,-29.86527],[-71.14574,-29.86512],[-71.14563,-29.86487],[-71.14557,-29.86476],[-71.14544,-29.86468],[-71.1453,-29.8646],[-71.1452,-29.86452],[-71.14511,-29.86441],[-71.14509,-29.86424],[-71.14507,-29.86387],[-71.14504,-29.86377],[-71.14497,-29.86369],[-71.14488,-29.86369],[-71.14482,-29.86374],[-71.14469,-29.86387],[-71.14452,-29.86402],[-71.14441,-29.86407],[-71.14423,-29.86407],[-71.14384,-29.86398],[-71.1437,-29.86396],[-71.14358,-29.86395],[-71.14353,-29.864],[-71.1435,-29.86407],[-71.14351,-29.86417],[-71.14359,-29.86429],[-71.14374,-29.86441],[-71.14411,-29.86464],[-71.14442,-29.86489],[-71.14456,-29.86505],[-71.14464,-29.86535],[-71.14471,-29.86583],[-71.14475,-29.86602],[-71.14491,-29.86619],[-71.14516,-29.86637],[-71.14538,-29.86656],[-71.14554,-29.86673],[-71.14566,-29.86704],[-71.14582,-29.86725],[-71.14603,-29.86744],[-71.14607,-29.86768],[-71.146,-29.86781],[-71.14597,-29.86798],[-71.14598,-29.86812],[-71.14606,-29.86828],[-71.14611,-29.86839],[-71.14608,-29.86853],[-71.14589,-29.86858],[-71.14559,-29.86862],[-71.14541,-29.8687],[-71.14534,-29.86893],[-71.14538,-29.86913],[-71.14551,-29.86923],[-71.1457,-29.8693],[-71.14585,-29.86938],[-71.14586,-29.86952],[-71.14579,-29.86971],[-71.14567,-29.86992],[-71.14565,-29.86999],[-71.14564,-29.87006],[-71.14564,-29.87016],[-71.14569,-29.87029],[-71.14577,-29.8704],[-71.14582,-29.8705],[-71.14588,-29.87065],[-71.14587,-29.8708],[-71.14581,-29.87092],[-71.1457,-29.87099],[-71.14552,-29.87104],[-71.14526,-29.87104],[-71.14493,-29.87096],[-71.14455,-29.87089],[-71.14425,-29.87089],[-71.14413,-29.87097],[-71.14404,-29.87105],[-71.14402,-29.87124],[-71.14416,-29.87153],[-71.14485,-29.87192],[-71.14532,-29.87221],[-71.14543,-29.87259],[-71.14527,-29.87292],[-71.14488,-29.87315],[-71.1444,-29.8733],[-71.14409,-29.87359],[-71.14391,-29.87395],[-71.14351,-29.87408],[-71.14307,-29.87399],[-71.14284,-29.87365],[-71.14251,-29.87321],[-71.14198,-29.87276],[-71.14156,-29.87257],[-71.14093,-29.87228],[-71.14025,-29.87191],[-71.13977,-29.87134],[-71.13939,-29.87099],[-71.13884,-29.87069],[-71.13833,-29.87047],[-71.13806,-29.87028],[-71.13792,-29.86997],[-71.13781,-29.86899],[-71.13756,-29.86772],[-71.13743,-29.86678],[-71.13699,-29.86618],[-71.13629,-29.86558],[-71.13574,-29.86515],[-71.13505,-29.86451],[-71.13449,-29.86402],[-71.13374,-29.86362],[-71.1333,-29.86306],[-71.13303,-29.86281],[-71.13218,-29.86257],[-71.13195,-29.86249],[-71.13194,-29.86225],[-71.13193,-29.86183],[-71.1317,-29.86162],[-71.13102,-29.86147],[-71.13079,-29.86123],[-71.13058,-29.86101],[-71.13035,-29.86101],[-71.13017,-29.86125],[-71.13001,-29.86128],[-71.12954,-29.86107],[-71.12917,-29.86076],[-71.12883,-29.86033],[-71.12885,-29.86015],[-71.12893,-29.85959],[-71.1299,-29.85798],[-71.12998,-29.85771],[-71.12993,-29.85736],[-71.12977,-29.85702],[-71.12972,-29.85671],[-71.12955,-29.85556],[-71.12933,-29.85498],[-71.12933,-29.85438],[-71.12927,-29.85412],[-71.12909,-29.85394],[-71.12888,-29.85372],[-71.12883,-29.85346],[-71.12892,-29.85304],[-71.12898,-29.8525],[-71.12874,-29.85197],[-71.12829,-29.85162],[-71.12757,-29.8513],[-71.12708,-29.85093],[-71.12608,-29.85016],[-71.12561,-29.84961],[-71.12523,-29.84918],[-71.12515,-29.84887],[-71.12471,-29.84818],[-71.12452,-29.848],[-71.12392,-29.84778],[-71.12356,-29.84761],[-71.12324,-29.84735],[-71.12287,-29.84732],[-71.12259,-29.8472],[-71.12192,-29.84709],[-71.12147,-29.84702],[-71.12092,-29.84691],[-71.12018,-29.84645],[-71.11975,-29.84625],[-71.11891,-29.84631],[-71.11828,-29.84636],[-71.11771,-29.84638],[-71.11746,-29.84664],[-71.11729,-29.84708],[-71.11713,-29.84752],[-71.11721,-29.84788],[-71.11753,-29.84818],[-71.11783,-29.84845],[-71.11793,-29.84898],[-71.11808,-29.84965],[-71.11833,-29.84992],[-71.11875,-29.85016],[-71.11908,-29.85046],[-71.11924,-29.85104],[-71.11933,-29.85229],[-71.11953,-29.85272],[-71.11984,-29.85331],[-71.12009,-29.8542],[-71.12037,-29.85523],[-71.12074,-29.85583],[-71.12142,-29.85672],[-71.1219,-29.85774],[-71.12199,-29.85827],[-71.12257,-29.85958],[-71.12286,-29.86082],[-71.12286,-29.86131],[-71.12297,-29.86165],[-71.12329,-29.86219],[-71.12333,-29.86277],[-71.12322,-29.86325],[-71.12318,-29.86328],[-71.12307,-29.86335],[-71.12268,-29.86327],[-71.12202,-29.86292],[-71.12162,-29.86264],[-71.12118,-29.86243],[-71.121,-29.86249],[-71.121,-29.86264],[-71.12112,-29.86283],[-71.12192,-29.86337],[-71.12263,-29.86388],[-71.12276,-29.86411],[-71.12255,-29.86425],[-71.12194,-29.86435],[-71.12149,-29.86461],[-71.12101,-29.86469],[-71.12045,-29.86478],[-71.12023,-29.86501],[-71.11982,-29.86533],[-71.11961,-29.86542],[-71.11961,-29.86553]]]}},{"type":"Feature","id":"11R","properties":{"codigo":"11R","nombre":"LAS ROJAS","area":"Rural","lon":-71.08928,"lat":-29.98812},"geometry":{"type":"Polygon","coordinates":[[[-71.0767,-29.90937],[-71.07673,-29.90903],[-71.07688,-29.90843],[-71.07693,-29.90818],[-71.077,-29.90782],[-71.07709,-29.90738],[-71.07704,-29.90697],[-71.07681,-29.90668],[-71.07625,-29.90616],[-71.07583,-29.90571],[-71.07566,-29.90532],[-71.07543,-29.90464],[-71.07544,-29.90423],[-71.07547,-29.90372],[-71.07535,-29.90334],[-71.07528,-29.90301],[-71.07534,-29.90255],[-71.07541,-29.90224],[-71.07552,-29.90201],[-71.07559,-29.90168],[-71.07547,-29.90125],[-71.07526,-29.90104],[-71.07494,-29.90082],[-71.07469,-29.90058],[-71.07449,-29.90026],[-71.07446,-29.89987],[-71.07428,-29.89954],[-71.07405,-29.8991],[-71.07389,-29.89871],[-71.07382,-29.89817],[-71.07385,-29.89781],[-71.07397,-29.89753],[-71.0741,-29.89742],[-71.07432,-29.89708],[-71.07438,-29.89656],[-71.07421,-29.89613],[-71.07402,-29.89579],[-71.07389,-29.89557],[-71.07381,-29.89516],[-71.0738,-29.89486],[-71.07386,-29.89409],[-71.07383,-29.89352],[-71.07361,-29.89301],[-71.07344,-29.89262],[-71.07317,-29.89226],[-71.07282,-29.89182],[-71.07242,-29.89215],[-71.07149,-29.89255],[-71.0703,-29.89293],[-71.0687,-29.89354],[-71.06723,-29.89386],[-71.06596,-29.89422],[-71.06394,-29.89481],[-71.0634,-29.89505],[-71.06248,-29.8949],[-71.06155,-29.89462],[-71.0606,-29.89392],[-71.06013,-29.89343],[-71.05951,-29.89354],[-71.05888,-29.89352],[-71.05845,-29.89352],[-71.05794,-29.89363],[-71.05721,-29.89373],[-71.05643,-29.89366],[-71.05581,-29.89432],[-71.05523,-29.89566],[-71.05499,-29.89644],[-71.05483,-29.89733],[-71.05487,-29.89822],[-71.05511,-29.89866],[-71.05504,-29.89899],[-71.05478,-29.89975],[-71.05464,-29.90061],[-71.05373,-29.90134],[-71.05346,-29.90174],[-71.05326,-29.90243],[-71.05335,-29.90291],[-71.05358,-29.90359],[-71.05361,-29.90397],[-71.05342,-29.90443],[-71.05349,-29.90501],[-71.0533,-29.90496],[-71.05286,-29.9047],[-71.05212,-29.90425],[-71.05099,-29.90401],[-71.05008,-29.90431],[-71.0493,-29.9048],[-71.04866,-29.90534],[-71.04823,-29.90617],[-71.04832,-29.90684],[-71.04845,-29.90744],[-71.04822,-29.90765],[-71.04786,-29.9081],[-71.04756,-29.90867],[-71.04714,-29.9091],[-71.04677,-29.90896],[-71.04626,-29.90875],[-71.04564,-29.90843],[-71.0448,-29.90842],[-71.04378,-29.90856],[-71.04271,-29.90877],[-71.04198,-29.90855],[-71.04127,-29.90833],[-71.04032,-29.90833],[-71.03948,-29.9086],[-71.03835,-29.90916],[-71.03735,-29.90995],[-71.03656,-29.91001],[-71.03594,-29.90958],[-71.03529,-29.90931],[-71.03366,-29.90833],[-71.03311,-29.90842],[-71.03233,-29.90866],[-71.03127,-29.90915],[-71.02994,-29.91017],[-71.02886,-29.91097],[-71.02815,-29.91155],[-71.02759,-29.9119],[-71.02742,-29.91234],[-71.02687,-29.91278],[-71.02647,-29.91319],[-71.02599,-29.91342],[-71.02541,-29.91396],[-71.02488,-29.91471],[-71.02418,-29.91544],[-71.02331,-29.91703],[-71.02276,-29.91768],[-71.02222,-29.91833],[-71.0217,-29.91905],[-71.02126,-29.91964],[-71.02078,-29.92018],[-71.02016,-29.92074],[-71.02008,-29.92134],[-71.02007,-29.92225],[-71.01972,-29.92294],[-71.01973,-29.92355],[-71.01991,-29.9244],[-71.0199,-29.92498],[-71.0194,-29.92554],[-71.01859,-29.92635],[-71.01793,-29.92702],[-71.01724,-29.9271],[-71.0166,-29.92747],[-71.01553,-29.92784],[-71.01505,-29.92798],[-71.01461,-29.92861],[-71.01499,-29.92951],[-71.01533,-29.93019],[-71.01571,-29.93109],[-71.01572,-29.93166],[-71.01556,-29.93264],[-71.01539,-29.93317],[-71.01456,-29.93366],[-71.01407,-29.93396],[-71.01369,-29.93455],[-71.01337,-29.935],[-71.01315,-29.93605],[-71.01325,-29.93689],[-71.01353,-29.93719],[-71.01387,-29.9378],[-71.01393,-29.93849],[-71.01424,-29.93929],[-71.01449,-29.93994],[-71.01468,-29.9407],[-71.01485,-29.94139],[-71.015,-29.942],[-71.0153,-29.94318],[-71.01534,-29.94407],[-71.01503,-29.94461],[-71.01507,-29.94548],[-71.01533,-29.94645],[-71.01557,-29.94701],[-71.01555,-29.94767],[-71.01536,-29.94813],[-71.01536,-29.94914],[-71.01587,-29.94979],[-71.01623,-29.95038],[-71.01654,-29.95116],[-71.01654,-29.95188],[-71.01667,-29.95248],[-71.01709,-29.95275],[-71.01735,-29.95312],[-71.01783,-29.9534],[-71.0179,-29.95496],[-71.01725,-29.9558],[-71.01683,-29.9564],[-71.01646,-29.95685],[-71.01645,-29.95704],[-71.01643,-29.95816],[-71.01622,-29.95932],[-71.01592,-29.96027],[-71.01561,-29.9606],[-71.01533,-29.96107],[-71.01525,-29.96116],[-71.01568,-29.96192],[-71.01613,-29.96279],[-71.01636,-29.96354],[-71.01665,-29.96401],[-71.01717,-29.96442],[-71.01751,-29.96486],[-71.01776,-29.96554],[-71.01779,-29.96627],[-71.01768,-29.9667],[-71.01754,-29.96715],[-71.01741,-29.96777],[-71.01734,-29.96811],[-71.01729,-29.96868],[-71.01724,-29.96894],[-71.01774,-29.96958],[-71.01814,-29.96988],[-71.01854,-29.97032],[-71.01897,-29.97085],[-71.01955,-29.97125],[-71.01997,-29.97167],[-71.02019,-29.97211],[-71.02066,-29.97255],[-71.02109,-29.97373],[-71.02117,-29.97455],[-71.02154,-29.97562],[-71.02219,-29.9765],[-71.02313,-29.97714],[-71.02391,-29.97785],[-71.0247,-29.9788],[-71.02546,-29.97964],[-71.02623,-29.98049],[-71.02675,-29.98087],[-71.02715,-29.98105],[-71.0278,-29.98122],[-71.02825,-29.98128],[-71.02853,-29.98144],[-71.02875,-29.9816],[-71.02919,-29.98197],[-71.02977,-29.98217],[-71.03037,-29.98244],[-71.03072,-29.98278],[-71.03114,-29.98317],[-71.03164,-29.98365],[-71.03192,-29.98426],[-71.03248,-29.98475],[-71.03298,-29.98492],[-71.03349,-29.9854],[-71.03429,-29.98579],[-71.03511,-29.98624],[-71.03588,-29.98641],[-71.03634,-29.98675],[-71.03701,-29.98689],[-71.03788,-29.98698],[-71.03834,-29.9874],[-71.0386,-29.98796],[-71.0391,-29.98828],[-71.0395,-29.9886],[-71.03974,-29.98867],[-71.03985,-29.98937],[-71.04019,-29.99034],[-71.04088,-29.99118],[-71.04158,-29.99172],[-71.04197,-29.99192],[-71.0425,-29.99237],[-71.04335,-29.99298],[-71.04388,-29.99366],[-71.04432,-29.99416],[-71.04487,-29.99379],[-71.04536,-29.99344],[-71.04626,-29.99315],[-71.04743,-29.99314],[-71.04838,-29.99287],[-71.04967,-29.99282],[-71.05095,-29.99253],[-71.05152,-29.99242],[-71.05224,-29.99218],[-71.05297,-29.99226],[-71.05357,-29.99201],[-71.05402,-29.99176],[-71.05449,-29.99174],[-71.05498,-29.9917],[-71.05549,-29.99143],[-71.05608,-29.9912],[-71.05682,-29.99078],[-71.05748,-29.9903],[-71.05804,-29.98988],[-71.05879,-29.98959],[-71.0591,-29.98975],[-71.06361,-29.99212],[-71.06398,-29.99238],[-71.06449,-29.99278],[-71.06501,-29.99326],[-71.06555,-29.99376],[-71.06591,-29.99455],[-71.06608,-29.99477],[-71.06647,-29.99501],[-71.06698,-29.99519],[-71.06762,-29.99536],[-71.06834,-29.99567],[-71.06897,-29.99607],[-71.06961,-29.99615],[-71.06976,-29.99612],[-71.06991,-29.99599],[-71.07003,-29.9959],[-71.07021,-29.99593],[-71.07042,-29.99609],[-71.0706,-29.99631],[-71.07085,-29.99651],[-71.07106,-29.99667],[-71.07125,-29.99663],[-71.07195,-29.9972],[-71.07241,-29.99757],[-71.07306,-29.99816],[-71.07387,-29.99856],[-71.07467,-29.99891],[-71.07542,-29.99926],[-71.07586,-29.99983],[-71.07613,-30.00025],[-71.07636,-30.00063],[-71.07657,-30.00105],[-71.07665,-30.00136],[-71.07667,-30.00171],[-71.07665,-30.00213],[-71.07692,-30.00252],[-71.07756,-30.00335],[-71.07827,-30.00439],[-71.0788,-30.005],[-71.07901,-30.00531],[-71.07953,-30.00645],[-71.08035,-30.00796],[-71.08075,-30.00864],[-71.08109,-30.0095],[-71.08112,-30.00979],[-71.08118,-30.01044],[-71.08163,-30.01149],[-71.08202,-30.01217],[-71.08205,-30.01242],[-71.08203,-30.01263],[-71.08214,-30.01287],[-71.08233,-30.01314],[-71.08254,-30.01324],[-71.08292,-30.01335],[-71.08339,-30.01341],[-71.08367,-30.01352],[-71.08473,-30.01472],[-71.08605,-30.01603],[-71.08654,-30.01656],[-71.08693,-30.01713],[-71.08716,-30.01805],[-71.08717,-30.01862],[-71.08675,-30.01919],[-71.08611,-30.01961],[-71.08506,-30.02008],[-71.08417,-30.0205],[-71.08357,-30.0211],[-71.08295,-30.02169],[-71.08332,-30.02254],[-71.08326,-30.0241],[-71.0834,-30.02494],[-71.08393,-30.02536],[-71.08405,-30.02665],[-71.08401,-30.0273],[-71.0843,-30.028],[-71.08398,-30.02887],[-71.08368,-30.02976],[-71.0836,-30.0302],[-71.08385,-30.03165],[-71.08466,-30.03466],[-71.08546,-30.03613],[-71.08601,-30.03691],[-71.0869,-30.03834],[-71.08728,-30.03977],[-71.08814,-30.0413],[-71.09013,-30.04302],[-71.09139,-30.04392],[-71.09302,-30.04465],[-71.09499,-30.04503],[-71.09542,-30.04653],[-71.09636,-30.04859],[-71.09753,-30.04949],[-71.09856,-30.05037],[-71.09902,-30.05106],[-71.0992,-30.05198],[-71.09908,-30.05261],[-71.09883,-30.05308],[-71.09891,-30.05367],[-71.09965,-30.05445],[-71.10073,-30.05502],[-71.10213,-30.05558],[-71.10319,-30.05671],[-71.10411,-30.0569],[-71.10472,-30.05799],[-71.10558,-30.0598],[-71.1058,-30.06126],[-71.10625,-30.06225],[-71.10772,-30.06321],[-71.10821,-30.06405],[-71.10908,-30.06517],[-71.10966,-30.06619],[-71.11024,-30.06731],[-71.11069,-30.06811],[-71.11088,-30.07116],[-71.1101,-30.07247],[-71.11033,-30.07332],[-71.1129,-30.07008],[-71.11367,-30.06962],[-71.11525,-30.06954],[-71.11635,-30.06977],[-71.11795,-30.07085],[-71.11882,-30.07194],[-71.11935,-30.0731],[-71.11989,-30.07367],[-71.12054,-30.07375],[-71.12162,-30.07451],[-71.12281,-30.07494],[-71.1236,-30.07491],[-71.12617,-30.0737],[-71.12674,-30.0737],[-71.12746,-30.0744],[-71.12972,-30.07518],[-71.13157,-30.07616],[-71.13196,-30.07656],[-71.13219,-30.07742],[-71.13298,-30.07897],[-71.13707,-30.08289],[-71.14065,-30.08299],[-71.14133,-30.08381],[-71.14317,-30.08427],[-71.14528,-30.0841],[-71.14645,-30.08449],[-71.14799,-30.08438],[-71.14957,-30.08266],[-71.15049,-30.08119],[-71.15212,-30.07919],[-71.15237,-30.0784],[-71.15155,-30.07597],[-71.15241,-30.07436],[-71.15182,-30.07261],[-71.15201,-30.07216],[-71.1524,-30.07186],[-71.15256,-30.07135],[-71.15247,-30.0705],[-71.15226,-30.06994],[-71.15124,-30.0687],[-71.1508,-30.06713],[-71.14956,-30.06574],[-71.14944,-30.06458],[-71.14852,-30.06145],[-71.14804,-30.06082],[-71.14693,-30.05998],[-71.14631,-30.05718],[-71.14658,-30.05614],[-71.14661,-30.05509],[-71.14565,-30.05376],[-71.14554,-30.05296],[-71.14449,-30.05094],[-71.14365,-30.048],[-71.14495,-30.04718],[-71.14532,-30.04607],[-71.14506,-30.0454],[-71.14417,-30.04421],[-71.14397,-30.04338],[-71.14383,-30.04087],[-71.14409,-30.03712],[-71.14388,-30.03588],[-71.14393,-30.03434],[-71.14298,-30.03311],[-71.14263,-30.03212],[-71.14283,-30.03107],[-71.14352,-30.0294],[-71.14406,-30.02886],[-71.14472,-30.02854],[-71.14535,-30.0276],[-71.14519,-30.02622],[-71.14406,-30.02233],[-71.14447,-30.02083],[-71.14318,-30.02041],[-71.14268,-30.02016],[-71.14206,-30.01968],[-71.14158,-30.01919],[-71.14111,-30.01855],[-71.14087,-30.018],[-71.14081,-30.01748],[-71.14063,-30.01664],[-71.14035,-30.016],[-71.14014,-30.01523],[-71.13982,-30.01442],[-71.13964,-30.01359],[-71.13974,-30.01311],[-71.14013,-30.01246],[-71.14051,-30.01192],[-71.14074,-30.01132],[-71.14041,-30.01074],[-71.13998,-30.01015],[-71.13977,-30.00951],[-71.13969,-30.00837],[-71.13963,-30.00702],[-71.13972,-30.0064],[-71.13964,-30.00583],[-71.13961,-30.0054],[-71.13968,-30.00526],[-71.14007,-30.00477],[-71.14056,-30.00422],[-71.14077,-30.00335],[-71.14092,-30.00246],[-71.14106,-30.002],[-71.14152,-30.00075],[-71.14191,-29.99976],[-71.142,-29.99887],[-71.1418,-29.99783],[-71.14191,-29.99719],[-71.14233,-29.99646],[-71.1425,-29.99601],[-71.1424,-29.99532],[-71.14235,-29.99468],[-71.14232,-29.99419],[-71.14263,-29.99313],[-71.14285,-29.99245],[-71.14232,-29.99161],[-71.14163,-29.99077],[-71.14105,-29.99024],[-71.14088,-29.98969],[-71.14026,-29.98883],[-71.13988,-29.98833],[-71.13941,-29.98773],[-71.13905,-29.98695],[-71.13905,-29.98663],[-71.13866,-29.98595],[-71.13813,-29.98515],[-71.1376,-29.98442],[-71.13767,-29.98403],[-71.13764,-29.98375],[-71.13728,-29.98344],[-71.13679,-29.98295],[-71.13672,-29.98258],[-71.1361,-29.98124],[-71.13579,-29.98074],[-71.13563,-29.9804],[-71.13536,-29.97948],[-71.13517,-29.9789],[-71.13442,-29.97837],[-71.13345,-29.97786],[-71.132,-29.9769],[-71.13073,-29.97622],[-71.12993,-29.97584],[-71.12922,-29.97515],[-71.12839,-29.97433],[-71.12775,-29.97382],[-71.12723,-29.97347],[-71.12668,-29.97277],[-71.12607,-29.97231],[-71.12555,-29.97174],[-71.12517,-29.97134],[-71.12481,-29.97093],[-71.12466,-29.97063],[-71.12448,-29.97035],[-71.12415,-29.97002],[-71.12393,-29.96976],[-71.12375,-29.96952],[-71.12325,-29.96913],[-71.12283,-29.9685],[-71.12232,-29.96817],[-71.12174,-29.96779],[-71.12137,-29.9675],[-71.12085,-29.96721],[-71.1203,-29.96686],[-71.1196,-29.96666],[-71.11884,-29.96645],[-71.11834,-29.96625],[-71.11787,-29.96608],[-71.11745,-29.96588],[-71.11713,-29.96569],[-71.11687,-29.96553],[-71.11654,-29.96531],[-71.11642,-29.96519],[-71.11543,-29.96482],[-71.11497,-29.9648],[-71.11456,-29.96478],[-71.11418,-29.96465],[-71.11394,-29.9645],[-71.11366,-29.96417],[-71.11354,-29.9638],[-71.11353,-29.96363],[-71.11329,-29.96279],[-71.11319,-29.9622],[-71.11296,-29.96185],[-71.11268,-29.96174],[-71.11247,-29.96169],[-71.11215,-29.96141],[-71.11188,-29.96106],[-71.11173,-29.96085],[-71.09819,-29.95471],[-71.09753,-29.95453],[-71.0974,-29.95442],[-71.09694,-29.95422],[-71.0965,-29.95394],[-71.0959,-29.95362],[-71.0952,-29.95346],[-71.09441,-29.95333],[-71.09362,-29.95309],[-71.09322,-29.95289],[-71.09189,-29.95241],[-71.09065,-29.95167],[-71.08984,-29.95127],[-71.0888,-29.95066],[-71.08823,-29.95005],[-71.08793,-29.94959],[-71.07194,-29.90524],[-71.07249,-29.90624],[-71.07327,-29.90712],[-71.07389,-29.90759],[-71.07469,-29.90844],[-71.0754,-29.90883],[-71.0767,-29.90937]]]}},{"type":"Feature","id":"12R","properties":{"codigo":"12R","nombre":"QUEBRADA DE TALCA","area":"Rural","lon":-71.06654,"lat":-30.06175},"geometry":{"type":"Polygon","coordinates":[[[-71.11033,-30.07332],[-71.1101,-30.07247],[-71.11088,-30.07116],[-71.11069,-30.06811],[-71.11024,-30.06731],[-71.10966,-30.06619],[-71.10908,-30.06517],[-71.10821,-30.06405],[-71.10772,-30.06321],[-71.10625,-30.06225],[-71.1058,-30.06126],[-71.10558,-30.0598],[-71.10472,-30.05799],[-71.10411,-30.0569],[-71.10319,-30.05671],[-71.10213,-30.05558],[-71.10073,-30.05502],[-71.09965,-30.05445],[-71.09891,-30.05367],[-71.09883,-30.05308],[-71.09908,-30.05261],[-71.0992,-30.05198],[-71.09902,-30.05106],[-71.09856,-30.05037],[-71.09753,-30.04949],[-71.09636,-30.04859],[-71.09542,-30.04653],[-71.09499,-30.04503],[-71.09302,-30.04465],[-71.09139,-30.04392],[-71.09013,-30.04302],[-71.08814,-30.0413],[-71.08728,-30.03977],[-71.0869,-30.03834],[-71.08601,-30.03691],[-71.08546,-30.03613],[-71.08466,-30.03466],[-71.08385,-30.03165],[-71.0836,-30.0302],[-71.08368,-30.02976],[-71.08398,-30.02887],[-71.0843,-30.028],[-71.08401,-30.0273],[-71.08405,-30.02665],[-71.08393,-30.02536],[-71.0834,-30.02494],[-71.08326,-30.0241],[-71.08332,-30.02254],[-71.08295,-30.02169],[-71.08357,-30.0211],[-71.08417,-30.0205],[-71.08506,-30.02008],[-71.08611,-30.01961],[-71.08675,-30.01919],[-71.08717,-30.01862],[-71.08716,-30.01805],[-71.08693,-30.01713],[-71.08654,-30.01656],[-71.08605,-30.01603],[-71.08473,-30.01472],[-71.08367,-30.01352],[-71.08339,-30.01341],[-71.08292,-30.01335],[-71.08254,-30.01324],[-71.08233,-30.01314],[-71.08214,-30.01287],[-71.08203,-30.01263],[-71.08205,-30.01242],[-71.08202,-30.01217],[-71.08163,-30.01149],[-71.08118,-30.01044],[-71.08112,-30.00979],[-71.08109,-30.0095],[-71.08075,-30.00864],[-71.08035,-30.00796],[-71.07953,-30.00645],[-71.07901,-30.00531],[-71.0788,-30.005],[-71.07827,-30.00439],[-71.07756,-30.00335],[-71.07692,-30.00252],[-71.07665,-30.00213],[-71.07667,-30.00171],[-71.07665,-30.00136],[-71.07657,-30.00105],[-71.07636,-30.00063],[-71.07613,-30.00025],[-71.07586,-29.99983],[-71.07542,-29.99926],[-71.07467,-29.99891],[-71.07387,-29.99856],[-71.07306,-29.99816],[-71.07241,-29.99757],[-71.07195,-29.9972],[-71.07125,-29.99663],[-71.07106,-29.99667],[-71.07085,-29.99651],[-71.0706,-29.99631],[-71.07042,-29.99609],[-71.07021,-29.99593],[-71.07003,-29.9959],[-71.06991,-29.99599],[-71.06976,-29.99612],[-71.06961,-29.99615],[-71.06897,-29.99607],[-71.06834,-29.99567],[-71.06762,-29.99536],[-71.06698,-29.99519],[-71.06647,-29.99501],[-71.06608,-29.99477],[-71.06591,-29.99455],[-71.06555,-29.99376],[-71.06501,-29.99326],[-71.06449,-29.99278],[-71.06398,-29.99238],[-71.06361,-29.99212],[-71.0591,-29.98975],[-71.05876,-29.99032],[-71.05797,-29.99108],[-71.05703,-29.99182],[-71.0556,-29.99236],[-71.05444,-29.99259],[-71.05326,-29.99319],[-71.05237,-29.9939],[-71.05114,-29.99448],[-71.04999,-29.99482],[-71.04806,-29.99517],[-71.04669,-29.99546],[-71.04518,-29.99601],[-71.04367,-29.99654],[-71.04252,-29.99716],[-71.04137,-29.99771],[-71.03968,-29.99795],[-71.03814,-29.99811],[-71.03709,-29.99835],[-71.03599,-29.99863],[-71.03505,-29.99896],[-71.03332,-29.99937],[-71.03185,-29.99953],[-71.03035,-29.99943],[-71.02814,-29.99918],[-71.02699,-29.99879],[-71.02581,-29.99828],[-71.02431,-29.99814],[-71.02283,-29.99803],[-71.02141,-29.998],[-71.01969,-29.99755],[-71.0186,-29.99713],[-71.01724,-29.99661],[-71.0165,-29.99615],[-71.01455,-29.99488],[-71.01227,-29.99367],[-71.0112,-29.99303],[-71.01014,-29.99265],[-71.00844,-29.99227],[-71.00712,-29.99215],[-71.00602,-29.99168],[-71.00443,-29.99107],[-71.0031,-29.99044],[-71.00188,-29.98982],[-71.00147,-29.98926],[-71.00125,-29.9889],[-71.00109,-29.98827],[-71.00098,-29.98768],[-71.00086,-29.98694],[-71.0005,-29.98653],[-71.00036,-29.98614],[-71.00005,-29.98582],[-70.99943,-29.98552],[-71.00016,-29.99841],[-71.01119,-30.00689],[-71.01129,-30.0082],[-71.01195,-30.00946],[-71.01381,-30.01147],[-71.01371,-30.01278],[-71.01391,-30.01354],[-71.01547,-30.01542],[-71.01547,-30.01691],[-71.01452,-30.01896],[-71.01371,-30.01948],[-71.0125,-30.01953],[-71.01205,-30.0193],[-71.01144,-30.01933],[-71.01044,-30.02194],[-71.00978,-30.0226],[-71.00782,-30.02367],[-71.00777,-30.02406],[-71.00827,-30.02597],[-71.00827,-30.02698],[-71.00807,-30.02773],[-71.00767,-30.02834],[-71.00767,-30.02904],[-71.00817,-30.0306],[-71.00867,-30.03116],[-71.00988,-30.03176],[-71.01039,-30.03222],[-71.01144,-30.03362],[-71.01346,-30.03408],[-71.01386,-30.03448],[-71.01396,-30.03565],[-71.01426,-30.03604],[-71.01545,-30.0365],[-71.01701,-30.0378],[-71.01723,-30.03856],[-71.01824,-30.04037],[-71.01925,-30.04133],[-71.02071,-30.04198],[-71.02121,-30.04249],[-71.02177,-30.04364],[-71.02217,-30.0447],[-71.02232,-30.04641],[-71.02333,-30.04863],[-71.02378,-30.05306],[-71.02469,-30.05467],[-71.02571,-30.05561],[-71.02519,-30.0585],[-71.02559,-30.05976],[-71.02864,-30.06392],[-71.02816,-30.06504],[-71.02816,-30.06686],[-71.02861,-30.06887],[-71.02952,-30.07078],[-71.03027,-30.07134],[-71.03235,-30.07188],[-71.03327,-30.07267],[-71.03335,-30.07411],[-71.0337,-30.07486],[-71.0346,-30.07652],[-71.03672,-30.07925],[-71.03652,-30.08075],[-71.03501,-30.08599],[-71.03355,-30.08841],[-71.03335,-30.08926],[-71.03365,-30.09097],[-71.03325,-30.09394],[-71.03294,-30.09485],[-71.03304,-30.09564],[-71.0336,-30.0962],[-71.03687,-30.09636],[-71.03773,-30.09671],[-71.03818,-30.09717],[-71.03818,-30.09853],[-71.03888,-30.10084],[-71.0413,-30.10396],[-71.04135,-30.10446],[-71.0409,-30.10583],[-71.0411,-30.10663],[-71.0417,-30.10709],[-71.04223,-30.10721],[-71.04428,-30.1089],[-71.04442,-30.10925],[-71.04427,-30.11066],[-71.04472,-30.11272],[-71.04679,-30.11499],[-71.04785,-30.11741],[-71.04835,-30.11781],[-71.05109,-30.11858],[-71.05134,-30.11896],[-71.05177,-30.12149],[-71.05233,-30.1231],[-71.05223,-30.12415],[-71.05268,-30.12597],[-71.05273,-30.12728],[-71.05288,-30.12788],[-71.05333,-30.12833],[-71.0557,-30.12969],[-71.05686,-30.1309],[-71.05787,-30.1312],[-71.06043,-30.13146],[-71.06259,-30.13267],[-71.06386,-30.13271],[-71.06497,-30.13251],[-71.06617,-30.13297],[-71.06824,-30.13458],[-71.06925,-30.13498],[-71.0703,-30.13518],[-71.07484,-30.13372],[-71.07671,-30.13542],[-71.07695,-30.13644],[-71.07738,-30.13711],[-71.07797,-30.13732],[-71.07868,-30.13729],[-71.07952,-30.13709],[-71.08073,-30.13649],[-71.08163,-30.13634],[-71.08224,-30.13589],[-71.08314,-30.13483],[-71.08385,-30.13443],[-71.0846,-30.13322],[-71.08641,-30.13115],[-71.08808,-30.1302],[-71.09024,-30.12984],[-71.09145,-30.13005],[-71.09397,-30.13156],[-71.09492,-30.13181],[-71.09598,-30.13181],[-71.09815,-30.1304],[-71.099,-30.13005],[-71.09996,-30.12984],[-71.10175,-30.12982],[-71.10303,-30.12874],[-71.10379,-30.12848],[-71.10489,-30.12748],[-71.1061,-30.12702],[-71.10691,-30.12647],[-71.10761,-30.12541],[-71.10927,-30.12405],[-71.10973,-30.12345],[-71.11154,-30.12219],[-71.11255,-30.12113],[-71.1128,-30.12043],[-71.11416,-30.11902],[-71.11516,-30.11907],[-71.11617,-30.11877],[-71.11753,-30.11761],[-71.11839,-30.11721],[-71.1202,-30.11736],[-71.12045,-30.11721],[-71.12231,-30.11383],[-71.12432,-30.11148],[-71.12708,-30.10985],[-71.12609,-30.1085],[-71.12709,-30.10193],[-71.12638,-30.09994],[-71.12587,-30.09943],[-71.12389,-30.0985],[-71.12326,-30.09847],[-71.12255,-30.09813],[-71.12101,-30.09779],[-71.12079,-30.09724],[-71.12044,-30.09695],[-71.11855,-30.09627],[-71.11792,-30.09487],[-71.11673,-30.09438],[-71.11463,-30.09422],[-71.11376,-30.0936],[-71.1127,-30.09097],[-71.11292,-30.09014],[-71.11281,-30.08903],[-71.11171,-30.08775],[-71.11149,-30.08713],[-71.11173,-30.08613],[-71.11303,-30.08503],[-71.11311,-30.08346],[-71.11284,-30.08175],[-71.11125,-30.07716],[-71.11144,-30.07629],[-71.11132,-30.07575],[-71.11044,-30.07478],[-71.11016,-30.0741],[-71.11033,-30.07332]]]}},{"type":"Feature","id":"13R","properties":{"codigo":"13R","nombre":"PELICANA","area":"Rural","lon":-71.00139,"lat":-29.93749},"geometry":{"type":"Polygon","coordinates":[[[-71.04432,-29.99416],[-71.04388,-29.99366],[-71.04335,-29.99298],[-71.0425,-29.99237],[-71.04197,-29.99192],[-71.04158,-29.99172],[-71.04088,-29.99118],[-71.04019,-29.99034],[-71.03985,-29.98937],[-71.03974,-29.98867],[-71.0395,-29.9886],[-71.0391,-29.98828],[-71.0386,-29.98796],[-71.03834,-29.9874],[-71.03788,-29.98698],[-71.03701,-29.98689],[-71.03634,-29.98675],[-71.03588,-29.98641],[-71.03511,-29.98624],[-71.03429,-29.98579],[-71.03349,-29.9854],[-71.03298,-29.98492],[-71.03248,-29.98475],[-71.03192,-29.98426],[-71.03164,-29.98365],[-71.03114,-29.98317],[-71.03072,-29.98278],[-71.03037,-29.98244],[-71.02977,-29.98217],[-71.02919,-29.98197],[-71.02875,-29.9816],[-71.02853,-29.98144],[-71.02825,-29.98128],[-71.0278,-29.98122],[-71.02715,-29.98105],[-71.02675,-29.98087],[-71.02623,-29.98049],[-71.02546,-29.97964],[-71.0247,-29.9788],[-71.02391,-29.97785],[-71.02313,-29.97714],[-71.02219,-29.9765],[-71.02154,-29.97562],[-71.02117,-29.97455],[-71.02109,-29.97373],[-71.02066,-29.97255],[-71.02019,-29.97211],[-71.01997,-29.97167],[-71.01955,-29.97125],[-71.01897,-29.97085],[-71.01854,-29.97032],[-71.01814,-29.96988],[-71.01774,-29.96958],[-71.01724,-29.96894],[-71.01729,-29.96868],[-71.01734,-29.96811],[-71.01741,-29.96777],[-71.01754,-29.96715],[-71.01768,-29.9667],[-71.01779,-29.96627],[-71.01776,-29.96554],[-71.01751,-29.96486],[-71.01717,-29.96442],[-71.01665,-29.96401],[-71.01636,-29.96354],[-71.01613,-29.96279],[-71.01568,-29.96192],[-71.01525,-29.96116],[-71.01533,-29.96107],[-71.01561,-29.9606],[-71.01592,-29.96027],[-71.01622,-29.95932],[-71.01643,-29.95816],[-71.01645,-29.95704],[-71.01646,-29.95685],[-71.01683,-29.9564],[-71.01725,-29.9558],[-71.0179,-29.95496],[-71.01783,-29.9534],[-71.01735,-29.95312],[-71.01709,-29.95275],[-71.01667,-29.95248],[-71.01654,-29.95188],[-71.01654,-29.95116],[-71.01623,-29.95038],[-71.01587,-29.94979],[-71.01536,-29.94914],[-71.01536,-29.94813],[-71.01555,-29.94767],[-71.01557,-29.94701],[-71.01533,-29.94645],[-71.01507,-29.94548],[-71.01503,-29.94461],[-71.01534,-29.94407],[-71.0153,-29.94318],[-71.015,-29.942],[-71.01485,-29.94139],[-71.01468,-29.9407],[-71.01449,-29.93994],[-71.01424,-29.93929],[-71.01393,-29.93849],[-71.01387,-29.9378],[-71.01353,-29.93719],[-71.01325,-29.93689],[-71.01315,-29.93605],[-71.01337,-29.935],[-71.01369,-29.93455],[-71.01407,-29.93396],[-71.01456,-29.93366],[-71.01539,-29.93317],[-71.01556,-29.93264],[-71.01572,-29.93166],[-71.01571,-29.93109],[-71.01533,-29.93019],[-71.01499,-29.92951],[-71.01461,-29.92861],[-71.01505,-29.92798],[-71.01553,-29.92784],[-71.0166,-29.92747],[-71.01724,-29.9271],[-71.01793,-29.92702],[-71.01859,-29.92635],[-71.0194,-29.92554],[-71.0199,-29.92498],[-71.01991,-29.9244],[-71.01973,-29.92355],[-71.01972,-29.92294],[-71.02007,-29.92225],[-71.02008,-29.92134],[-71.02016,-29.92074],[-71.02078,-29.92018],[-71.02126,-29.91964],[-71.0217,-29.91905],[-71.02222,-29.91833],[-71.02276,-29.91768],[-71.02331,-29.91703],[-71.02418,-29.91544],[-71.02488,-29.91471],[-71.02541,-29.91396],[-71.02599,-29.91342],[-71.02647,-29.91319],[-71.02687,-29.91278],[-71.02742,-29.91234],[-71.02759,-29.9119],[-71.02815,-29.91155],[-71.02886,-29.91097],[-71.02994,-29.91017],[-71.03127,-29.90915],[-71.03233,-29.90866],[-71.03311,-29.90842],[-71.03366,-29.90833],[-71.03529,-29.90931],[-71.03594,-29.90958],[-71.03656,-29.91001],[-71.03735,-29.90995],[-71.03835,-29.90916],[-71.03948,-29.9086],[-71.04032,-29.90833],[-71.04127,-29.90833],[-71.04198,-29.90855],[-71.04271,-29.90877],[-71.04378,-29.90856],[-71.0448,-29.90842],[-71.04564,-29.90843],[-71.04626,-29.90875],[-71.04677,-29.90896],[-71.04714,-29.9091],[-71.04756,-29.90867],[-71.04786,-29.9081],[-71.04822,-29.90765],[-71.04845,-29.90744],[-71.04832,-29.90684],[-71.04823,-29.90617],[-71.04866,-29.90534],[-71.0493,-29.9048],[-71.05008,-29.90431],[-71.05099,-29.90401],[-71.05212,-29.90425],[-71.05286,-29.9047],[-71.0533,-29.90496],[-71.05349,-29.90501],[-71.05342,-29.90443],[-71.05361,-29.90397],[-71.05358,-29.90359],[-71.05335,-29.90291],[-71.05326,-29.90243],[-71.05346,-29.90174],[-71.05373,-29.90134],[-71.05464,-29.90061],[-71.05478,-29.89975],[-71.05504,-29.89899],[-71.05511,-29.89866],[-71.05487,-29.89822],[-71.05483,-29.89733],[-71.05499,-29.89644],[-71.05523,-29.89566],[-71.05581,-29.89432],[-71.05643,-29.89366],[-71.05721,-29.89373],[-71.05794,-29.89363],[-71.05845,-29.89352],[-71.05888,-29.89352],[-71.05951,-29.89354],[-71.06013,-29.89343],[-71.05945,-29.89273],[-71.05911,-29.89213],[-71.05831,-29.89166],[-71.05767,-29.89113],[-71.057,-29.89067],[-71.05629,-29.89039],[-71.05584,-29.89011],[-71.05516,-29.88973],[-71.05455,-29.88938],[-71.0538,-29.88903],[-71.0533,-29.8888],[-71.0527,-29.88872],[-71.05218,-29.88823],[-71.05178,-29.88798],[-71.05129,-29.88798],[-71.05083,-29.8882],[-71.05026,-29.8883],[-71.04967,-29.8882],[-71.0494,-29.88801],[-71.04908,-29.88789],[-71.0488,-29.88785],[-71.0485,-29.88782],[-71.04808,-29.88772],[-71.04782,-29.88758],[-71.04756,-29.88737],[-71.04725,-29.88725],[-71.04707,-29.88722],[-71.04685,-29.88732],[-71.04656,-29.88746],[-71.04635,-29.88759],[-71.04585,-29.88766],[-71.04543,-29.88764],[-71.04451,-29.88762],[-71.04308,-29.88765],[-71.04226,-29.88778],[-71.04074,-29.88773],[-71.04035,-29.88764],[-71.03995,-29.88743],[-71.03956,-29.88728],[-71.03917,-29.88718],[-71.03892,-29.88719],[-71.03874,-29.88719],[-71.03862,-29.88705],[-71.03854,-29.88686],[-71.03838,-29.88681],[-71.03821,-29.8868],[-71.03805,-29.88668],[-71.03788,-29.88657],[-71.03768,-29.88653],[-71.03733,-29.8865],[-71.03716,-29.88648],[-71.03684,-29.88639],[-71.03617,-29.8861],[-71.03564,-29.88587],[-71.03526,-29.88567],[-71.03498,-29.88552],[-71.03471,-29.8854],[-71.03458,-29.88524],[-71.03446,-29.88499],[-71.03443,-29.88471],[-71.03423,-29.8844],[-71.03408,-29.88427],[-71.03388,-29.88413],[-71.03363,-29.88386],[-71.03333,-29.88368],[-71.03313,-29.8836],[-71.03279,-29.88358],[-71.03246,-29.8836],[-71.03223,-29.88359],[-71.03203,-29.88353],[-71.03184,-29.88346],[-71.03169,-29.88335],[-71.03143,-29.88312],[-71.03104,-29.88289],[-71.03067,-29.8827],[-71.03027,-29.88254],[-71.02989,-29.88239],[-71.02967,-29.88226],[-71.02957,-29.88202],[-71.02953,-29.88169],[-71.02963,-29.88149],[-71.02963,-29.88127],[-71.02949,-29.88107],[-71.02929,-29.88069],[-71.02921,-29.88042],[-71.0292,-29.88011],[-71.02912,-29.87995],[-71.02895,-29.87981],[-71.02876,-29.87973],[-71.02863,-29.87969],[-71.02833,-29.87944],[-71.02827,-29.87914],[-71.02829,-29.87865],[-71.02836,-29.87823],[-71.02831,-29.87778],[-71.02823,-29.87738],[-71.02803,-29.87713],[-71.02765,-29.87697],[-71.02725,-29.87683],[-71.02648,-29.87677],[-71.02583,-29.87686],[-71.0254,-29.87712],[-71.02502,-29.87732],[-71.02453,-29.87752],[-71.0242,-29.87772],[-71.02388,-29.87772],[-71.02365,-29.87767],[-71.02339,-29.8777],[-71.02315,-29.8779],[-71.0228,-29.87816],[-71.0225,-29.87824],[-71.02189,-29.87831],[-71.02145,-29.8782],[-71.02114,-29.87792],[-71.02072,-29.87782],[-71.02059,-29.87782],[-71.02036,-29.87807],[-71.0199,-29.87824],[-71.01943,-29.87832],[-71.01892,-29.87828],[-71.0185,-29.87833],[-71.01824,-29.87841],[-71.01795,-29.87833],[-71.01775,-29.87832],[-71.01739,-29.87838],[-71.01718,-29.87851],[-71.01675,-29.87855],[-71.01642,-29.87853],[-71.01613,-29.87837],[-71.01596,-29.87798],[-71.01578,-29.8776],[-71.01557,-29.87736],[-71.01546,-29.87704],[-71.01532,-29.87685],[-71.01506,-29.87674],[-71.01468,-29.87672],[-71.01436,-29.87676],[-71.01413,-29.87669],[-71.01396,-29.87661],[-71.01372,-29.87654],[-71.01345,-29.87653],[-71.01311,-29.87655],[-71.0129,-29.87658],[-71.01272,-29.87658],[-71.0122,-29.87648],[-71.01181,-29.87641],[-71.0113,-29.87651],[-71.01056,-29.87671],[-71.01027,-29.87686],[-71.01011,-29.87692],[-71.00955,-29.87681],[-71.00925,-29.87656],[-71.00906,-29.87632],[-71.00886,-29.87615],[-71.00853,-29.87596],[-71.00831,-29.87596],[-71.00788,-29.8761],[-71.00761,-29.87626],[-71.0073,-29.87639],[-71.007,-29.87656],[-71.00663,-29.87653],[-71.00636,-29.87653],[-71.00608,-29.87667],[-71.00562,-29.87698],[-71.00527,-29.87714],[-71.00495,-29.87724],[-71.00462,-29.87732],[-71.00407,-29.87749],[-71.00369,-29.8775],[-71.00343,-29.8775],[-71.00315,-29.87745],[-71.00281,-29.87762],[-71.00244,-29.87779],[-71.00195,-29.87775],[-71.00141,-29.87765],[-71.00096,-29.87757],[-71.00047,-29.87756],[-70.99999,-29.87764],[-70.99958,-29.87762],[-70.99916,-29.87756],[-70.99868,-29.87755],[-70.99821,-29.87761],[-70.99744,-29.87775],[-70.99661,-29.87797],[-70.99581,-29.87825],[-70.99486,-29.87852],[-70.99357,-29.87876],[-70.99223,-29.87901],[-70.98986,-29.87939],[-70.98865,-29.87943],[-70.98749,-29.87953],[-70.98702,-29.87997],[-70.9875,-29.8814],[-70.98836,-29.88226],[-70.98917,-29.88273],[-70.99003,-29.88364],[-70.99046,-29.88445],[-70.99203,-29.88584],[-70.99241,-29.88641],[-70.99265,-29.88779],[-70.99291,-29.88815],[-70.99513,-29.88941],[-70.99623,-29.89065],[-70.99728,-29.89247],[-70.99737,-29.89337],[-70.99718,-29.89399],[-70.99647,-29.89485],[-70.99637,-29.89538],[-70.99561,-29.896],[-70.99404,-29.89671],[-70.99337,-29.89728],[-70.99313,-29.89814],[-70.99308,-29.89991],[-70.99232,-29.90215],[-70.99141,-29.90287],[-70.99085,-29.90304],[-70.99041,-29.90297],[-70.9886,-29.90201],[-70.98736,-29.90186],[-70.98616,-29.90248],[-70.98526,-29.90339],[-70.98488,-29.90444],[-70.98411,-29.90549],[-70.98201,-29.90726],[-70.98182,-29.90788],[-70.98192,-29.90902],[-70.9823,-29.90931],[-70.9834,-29.9094],[-70.98426,-29.91017],[-70.98535,-29.91059],[-70.98531,-29.91093],[-70.98492,-29.91136],[-70.98407,-29.91427],[-70.98263,-29.91656],[-70.98106,-29.91766],[-70.97963,-29.91961],[-70.97939,-29.9209],[-70.98034,-29.92214],[-70.98173,-29.92281],[-70.98249,-29.92352],[-70.98316,-29.92491],[-70.98321,-29.92586],[-70.98287,-29.92681],[-70.98163,-29.92834],[-70.98135,-29.92949],[-70.98135,-29.9312],[-70.98168,-29.93178],[-70.98235,-29.93221],[-70.98502,-29.9324],[-70.98607,-29.93287],[-70.98731,-29.93464],[-70.98845,-29.93679],[-70.98941,-29.93788],[-70.99179,-29.94241],[-70.99318,-29.94399],[-70.99337,-29.94528],[-70.9947,-29.94757],[-70.99494,-29.94871],[-70.9948,-29.95043],[-70.99346,-29.95134],[-70.99337,-29.95177],[-70.99356,-29.95301],[-70.99408,-29.9541],[-70.99556,-29.95592],[-70.99761,-29.95716],[-70.99823,-29.95816],[-71.00176,-29.95902],[-71.00281,-29.96202],[-71.00339,-29.96245],[-71.00496,-29.96275],[-71.00649,-29.96527],[-71.00716,-29.96574],[-71.00818,-29.96599],[-71.00859,-29.96651],[-71.00859,-29.96847],[-71.00838,-29.96879],[-71.00701,-29.96946],[-71.00658,-29.96989],[-71.0063,-29.9708],[-71.00487,-29.97357],[-71.00463,-29.9739],[-71.0037,-29.97433],[-71.00396,-29.97533],[-71.00386,-29.97652],[-71.00334,-29.97772],[-71.00184,-29.97894],[-71.00132,-29.97903],[-70.99952,-29.97839],[-70.99904,-29.97852],[-70.99943,-29.98552],[-71.00005,-29.98582],[-71.00036,-29.98614],[-71.0005,-29.98653],[-71.00086,-29.98694],[-71.00098,-29.98768],[-71.00109,-29.98827],[-71.00125,-29.9889],[-71.00147,-29.98926],[-71.00188,-29.98982],[-71.0031,-29.99044],[-71.00443,-29.99107],[-71.00602,-29.99168],[-71.00712,-29.99215],[-71.00844,-29.99227],[-71.01014,-29.99265],[-71.0112,-29.99303],[-71.01227,-29.99367],[-71.01455,-29.99488],[-71.0165,-29.99615],[-71.01724,-29.99661],[-71.0186,-29.99713],[-71.01969,-29.99755],[-71.02141,-29.998],[-71.02283,-29.99803],[-71.02431,-29.99814],[-71.02581,-29.99828],[-71.02699,-29.99879],[-71.02814,-29.99918],[-71.03035,-29.99943],[-71.03185,-29.99953],[-71.03332,-29.99937],[-71.03505,-29.99896],[-71.03599,-29.99863],[-71.03709,-29.99835],[-71.03814,-29.99811],[-71.03968,-29.99795],[-71.04137,-29.99771],[-71.04252,-29.99716],[-71.04367,-29.99654],[-71.04518,-29.99601],[-71.04669,-29.99546],[-71.04806,-29.99517],[-71.04999,-29.99482],[-71.05114,-29.99448],[-71.05237,-29.9939],[-71.05326,-29.99319],[-71.05444,-29.99259],[-71.0556,-29.99236],[-71.05703,-29.99182],[-71.05797,-29.99108],[-71.05876,-29.99032],[-71.0591,-29.98975],[-71.05879,-29.98959],[-71.05804,-29.98988],[-71.05748,-29.9903],[-71.05682,-29.99078],[-71.05608,-29.9912],[-71.05549,-29.99143],[-71.05498,-29.9917],[-71.05449,-29.99174],[-71.05402,-29.99176],[-71.05357,-29.99201],[-71.05297,-29.99226],[-71.05224,-29.99218],[-71.05152,-29.99242],[-71.05095,-29.99253],[-71.04967,-29.99282],[-71.04838,-29.99287],[-71.04743,-29.99314],[-71.04626,-29.99315],[-71.04536,-29.99344],[-71.04487,-29.99379],[-71.04432,-29.99416]]]}},{"type":"Feature","id":"14R","properties":{"codigo":"14R","nombre":"LAMBERT","area":"Rural","lon":-71.1407,"lat":-29.8418},"geometry":{"type":"Polygon","coordinates":[[[-71.07282,-29.89182],[-71.07326,-29.89146],[-71.07406,-29.89065],[-71.07421,-29.88998],[-71.07455,-29.88922],[-71.07506,-29.88844],[-71.07605,-29.88762],[-71.07665,-29.88726],[-71.07739,-29.88679],[-71.07818,-29.88637],[-71.07882,-29.88588],[-71.07934,-29.88541],[-71.07982,-29.88443],[-71.08041,-29.88347],[-71.0809,-29.88284],[-71.08157,-29.882],[-71.08241,-29.8813],[-71.08353,-29.88066],[-71.0846,-29.88021],[-71.08544,-29.87981],[-71.08632,-29.87919],[-71.0868,-29.87885],[-71.08726,-29.87862],[-71.08782,-29.87845],[-71.08825,-29.87845],[-71.08924,-29.8783],[-71.08973,-29.87815],[-71.09051,-29.87788],[-71.09117,-29.87761],[-71.09173,-29.87739],[-71.09288,-29.87716],[-71.0937,-29.87683],[-71.0949,-29.87655],[-71.09604,-29.8763],[-71.0967,-29.87626],[-71.09783,-29.87615],[-71.09885,-29.876],[-71.09982,-29.87567],[-71.10069,-29.87521],[-71.10119,-29.87509],[-71.10131,-29.87489],[-71.10138,-29.87479],[-71.10146,-29.87474],[-71.10153,-29.87466],[-71.10163,-29.87457],[-71.10177,-29.87446],[-71.1019,-29.87438],[-71.10199,-29.87431],[-71.10218,-29.87418],[-71.10233,-29.87406],[-71.10243,-29.87394],[-71.10267,-29.87378],[-71.10279,-29.87368],[-71.10285,-29.87357],[-71.1029,-29.87353],[-71.1031,-29.87343],[-71.10332,-29.87332],[-71.10373,-29.87315],[-71.10398,-29.87303],[-71.10417,-29.873],[-71.10428,-29.87296],[-71.10437,-29.8729],[-71.10443,-29.87283],[-71.10446,-29.87276],[-71.10451,-29.87267],[-71.10457,-29.87257],[-71.10463,-29.8725],[-71.10469,-29.87246],[-71.10481,-29.87239],[-71.10497,-29.87232],[-71.10508,-29.87228],[-71.10522,-29.87222],[-71.10518,-29.87214],[-71.10515,-29.87208],[-71.10514,-29.872],[-71.10513,-29.87191],[-71.10513,-29.87181],[-71.1051,-29.87166],[-71.10505,-29.87155],[-71.10497,-29.87144],[-71.10484,-29.87128],[-71.1048,-29.87123],[-71.105,-29.87111],[-71.10525,-29.87132],[-71.10535,-29.8714],[-71.10548,-29.87149],[-71.10564,-29.8716],[-71.10573,-29.87164],[-71.10585,-29.87166],[-71.10598,-29.87166],[-71.10613,-29.87162],[-71.10621,-29.87157],[-71.10636,-29.87147],[-71.10647,-29.87136],[-71.10654,-29.87125],[-71.10656,-29.87116],[-71.10664,-29.8709],[-71.10667,-29.87076],[-71.1067,-29.87068],[-71.10676,-29.87063],[-71.10681,-29.87058],[-71.10685,-29.87047],[-71.10685,-29.8704],[-71.10684,-29.87037],[-71.10686,-29.87033],[-71.10692,-29.87036],[-71.10702,-29.87048],[-71.10714,-29.87059],[-71.10725,-29.87069],[-71.10741,-29.87078],[-71.10763,-29.8708],[-71.10776,-29.87074],[-71.10789,-29.87066],[-71.108,-29.87059],[-71.10814,-29.87052],[-71.10833,-29.87043],[-71.1086,-29.87026],[-71.10874,-29.87017],[-71.10887,-29.87015],[-71.109,-29.87014],[-71.10917,-29.87008],[-71.10931,-29.87001],[-71.10943,-29.86988],[-71.1095,-29.86983],[-71.10958,-29.86986],[-71.10968,-29.86989],[-71.10984,-29.86989],[-71.11,-29.86986],[-71.11014,-29.86979],[-71.11026,-29.86981],[-71.11042,-29.86979],[-71.11061,-29.86975],[-71.11069,-29.86974],[-71.11098,-29.86971],[-71.11126,-29.86965],[-71.11156,-29.86954],[-71.11172,-29.86951],[-71.11198,-29.86947],[-71.11221,-29.86944],[-71.11241,-29.86939],[-71.11257,-29.86932],[-71.1127,-29.86922],[-71.11291,-29.86894],[-71.11323,-29.86865],[-71.11337,-29.86846],[-71.11347,-29.86812],[-71.1135,-29.86799],[-71.1135,-29.86765],[-71.1144,-29.86738],[-71.11555,-29.86698],[-71.11648,-29.86659],[-71.11667,-29.86651],[-71.1173,-29.86633],[-71.11774,-29.86629],[-71.11823,-29.86617],[-71.11837,-29.86614],[-71.11903,-29.86569],[-71.1191,-29.86565],[-71.11961,-29.86553],[-71.11961,-29.86542],[-71.11982,-29.86533],[-71.12023,-29.86501],[-71.12045,-29.86478],[-71.12101,-29.86469],[-71.12149,-29.86461],[-71.12194,-29.86435],[-71.12255,-29.86425],[-71.12276,-29.86411],[-71.12263,-29.86388],[-71.12192,-29.86337],[-71.12112,-29.86283],[-71.121,-29.86264],[-71.121,-29.86249],[-71.12118,-29.86243],[-71.12162,-29.86264],[-71.12202,-29.86292],[-71.12268,-29.86327],[-71.12307,-29.86335],[-71.12318,-29.86328],[-71.12322,-29.86325],[-71.12333,-29.86277],[-71.12329,-29.86219],[-71.12297,-29.86165],[-71.12286,-29.86131],[-71.12286,-29.86082],[-71.12257,-29.85958],[-71.12199,-29.85827],[-71.1219,-29.85774],[-71.12142,-29.85672],[-71.12074,-29.85583],[-71.12037,-29.85523],[-71.12009,-29.8542],[-71.11984,-29.85331],[-71.11953,-29.85272],[-71.11933,-29.85229],[-71.11924,-29.85104],[-71.11908,-29.85046],[-71.11875,-29.85016],[-71.11833,-29.84992],[-71.11808,-29.84965],[-71.11793,-29.84898],[-71.11783,-29.84845],[-71.11753,-29.84818],[-71.11721,-29.84788],[-71.11713,-29.84752],[-71.11729,-29.84708],[-71.11746,-29.84664],[-71.11771,-29.84638],[-71.11828,-29.84636],[-71.11891,-29.84631],[-71.11975,-29.84625],[-71.12018,-29.84645],[-71.12092,-29.84691],[-71.12147,-29.84702],[-71.12192,-29.84709],[-71.12259,-29.8472],[-71.12287,-29.84732],[-71.12324,-29.84735],[-71.12356,-29.84761],[-71.12392,-29.84778],[-71.12452,-29.848],[-71.12471,-29.84818],[-71.12515,-29.84887],[-71.12523,-29.84918],[-71.12561,-29.84961],[-71.12608,-29.85016],[-71.12708,-29.85093],[-71.12757,-29.8513],[-71.12829,-29.85162],[-71.12874,-29.85197],[-71.12898,-29.8525],[-71.12892,-29.85304],[-71.12883,-29.85346],[-71.12888,-29.85372],[-71.12909,-29.85394],[-71.12927,-29.85412],[-71.12933,-29.85438],[-71.12933,-29.85498],[-71.12955,-29.85556],[-71.12972,-29.85671],[-71.12977,-29.85702],[-71.12993,-29.85736],[-71.12998,-29.85771],[-71.1299,-29.85798],[-71.12893,-29.85959],[-71.12885,-29.86015],[-71.12883,-29.86033],[-71.12917,-29.86076],[-71.12954,-29.86107],[-71.13001,-29.86128],[-71.13017,-29.86125],[-71.13035,-29.86101],[-71.13058,-29.86101],[-71.13079,-29.86123],[-71.13102,-29.86147],[-71.1317,-29.86162],[-71.13193,-29.86183],[-71.13194,-29.86225],[-71.13195,-29.86249],[-71.13218,-29.86257],[-71.13303,-29.86281],[-71.1333,-29.86306],[-71.13374,-29.86362],[-71.13449,-29.86402],[-71.13505,-29.86451],[-71.13574,-29.86515],[-71.13629,-29.86558],[-71.13699,-29.86618],[-71.13743,-29.86678],[-71.13756,-29.86772],[-71.13781,-29.86899],[-71.13792,-29.86997],[-71.13806,-29.87028],[-71.13833,-29.87047],[-71.13884,-29.87069],[-71.13939,-29.87099],[-71.13977,-29.87134],[-71.14025,-29.87191],[-71.14093,-29.87228],[-71.14156,-29.87257],[-71.14198,-29.87276],[-71.14251,-29.87321],[-71.14284,-29.87365],[-71.14307,-29.87399],[-71.14351,-29.87408],[-71.14391,-29.87395],[-71.14409,-29.87359],[-71.1444,-29.8733],[-71.14488,-29.87315],[-71.14527,-29.87292],[-71.14543,-29.87259],[-71.14532,-29.87221],[-71.14485,-29.87192],[-71.14416,-29.87153],[-71.14402,-29.87124],[-71.14404,-29.87105],[-71.14413,-29.87097],[-71.14425,-29.87089],[-71.14455,-29.87089],[-71.14493,-29.87096],[-71.14526,-29.87104],[-71.14552,-29.87104],[-71.1457,-29.87099],[-71.14581,-29.87092],[-71.14587,-29.8708],[-71.14588,-29.87065],[-71.14582,-29.8705],[-71.14577,-29.8704],[-71.14569,-29.87029],[-71.14564,-29.87016],[-71.14564,-29.87006],[-71.14565,-29.86999],[-71.14567,-29.86992],[-71.14579,-29.86971],[-71.14586,-29.86952],[-71.14585,-29.86938],[-71.1457,-29.8693],[-71.14551,-29.86923],[-71.14538,-29.86913],[-71.14534,-29.86893],[-71.14541,-29.8687],[-71.14559,-29.86862],[-71.14589,-29.86858],[-71.14608,-29.86853],[-71.14611,-29.86839],[-71.14606,-29.86828],[-71.14598,-29.86812],[-71.14597,-29.86798],[-71.146,-29.86781],[-71.14607,-29.86768],[-71.14603,-29.86744],[-71.14582,-29.86725],[-71.14566,-29.86704],[-71.14554,-29.86673],[-71.14538,-29.86656],[-71.14516,-29.86637],[-71.14491,-29.86619],[-71.14475,-29.86602],[-71.14471,-29.86583],[-71.14464,-29.86535],[-71.14456,-29.86505],[-71.14442,-29.86489],[-71.14411,-29.86464],[-71.14374,-29.86441],[-71.14359,-29.86429],[-71.14351,-29.86417],[-71.1435,-29.86407],[-71.14353,-29.864],[-71.14358,-29.86395],[-71.1437,-29.86396],[-71.14384,-29.86398],[-71.14423,-29.86407],[-71.14441,-29.86407],[-71.14452,-29.86402],[-71.14469,-29.86387],[-71.14482,-29.86374],[-71.14488,-29.86369],[-71.14497,-29.86369],[-71.14504,-29.86377],[-71.14507,-29.86387],[-71.14509,-29.86424],[-71.14511,-29.86441],[-71.1452,-29.86452],[-71.1453,-29.8646],[-71.14544,-29.86468],[-71.14557,-29.86476],[-71.14563,-29.86487],[-71.14574,-29.86512],[-71.14579,-29.86527],[-71.14586,-29.86532],[-71.14594,-29.86532],[-71.14603,-29.86526],[-71.14612,-29.86515],[-71.14621,-29.86509],[-71.14631,-29.86504],[-71.14639,-29.86502],[-71.1466,-29.86501],[-71.14669,-29.86508],[-71.14678,-29.86521],[-71.1468,-29.86534],[-71.14678,-29.86549],[-71.14666,-29.86579],[-71.14663,-29.86594],[-71.14668,-29.86605],[-71.14677,-29.86612],[-71.1469,-29.86615],[-71.14701,-29.86612],[-71.1473,-29.86605],[-71.14746,-29.86608],[-71.14753,-29.86612],[-71.14755,-29.86626],[-71.14751,-29.86644],[-71.14743,-29.86681],[-71.14748,-29.8669],[-71.14762,-29.86698],[-71.14771,-29.86707],[-71.14779,-29.86718],[-71.1478,-29.8674],[-71.14775,-29.86784],[-71.14776,-29.86801],[-71.14781,-29.86812],[-71.14791,-29.86818],[-71.14814,-29.86818],[-71.14848,-29.86815],[-71.14868,-29.86816],[-71.14875,-29.86823],[-71.14876,-29.86838],[-71.1487,-29.86857],[-71.14857,-29.8687],[-71.14826,-29.86896],[-71.148,-29.86915],[-71.14792,-29.86924],[-71.14791,-29.86936],[-71.14793,-29.86955],[-71.14799,-29.86964],[-71.14812,-29.86972],[-71.14828,-29.8697],[-71.14842,-29.86963],[-71.14852,-29.86948],[-71.14868,-29.86925],[-71.14896,-29.86901],[-71.14938,-29.86866],[-71.14966,-29.86848],[-71.15001,-29.86827],[-71.15023,-29.86806],[-71.15038,-29.86786],[-71.15044,-29.86777],[-71.15055,-29.86769],[-71.15075,-29.86769],[-71.15096,-29.86766],[-71.15112,-29.86759],[-71.15123,-29.86749],[-71.15126,-29.86737],[-71.15124,-29.86722],[-71.15118,-29.86709],[-71.15105,-29.86696],[-71.15065,-29.86661],[-71.15059,-29.86651],[-71.15059,-29.86628],[-71.15063,-29.86603],[-71.15071,-29.86596],[-71.1508,-29.86594],[-71.15091,-29.86598],[-71.1515,-29.86643],[-71.15162,-29.86647],[-71.15176,-29.86649],[-71.15194,-29.86646],[-71.15203,-29.86642],[-71.15206,-29.86635],[-71.152,-29.86593],[-71.1519,-29.86555],[-71.15174,-29.86529],[-71.15165,-29.86509],[-71.15163,-29.86494],[-71.15169,-29.86484],[-71.15179,-29.86477],[-71.15195,-29.86477],[-71.15205,-29.86487],[-71.15224,-29.86502],[-71.15239,-29.86516],[-71.15257,-29.86521],[-71.15278,-29.86524],[-71.15295,-29.8652],[-71.15316,-29.865],[-71.1533,-29.86475],[-71.15338,-29.86454],[-71.15333,-29.86435],[-71.15323,-29.86422],[-71.15316,-29.86406],[-71.1529,-29.86358],[-71.15305,-29.86367],[-71.15322,-29.86372],[-71.15337,-29.86374],[-71.1536,-29.86379],[-71.15391,-29.86365],[-71.15393,-29.86359],[-71.15408,-29.86344],[-71.15428,-29.86328],[-71.15442,-29.86308],[-71.15447,-29.86282],[-71.15457,-29.86271],[-71.15458,-29.86266],[-71.15449,-29.86256],[-71.15446,-29.86255],[-71.1544,-29.86237],[-71.15438,-29.8623],[-71.15447,-29.86228],[-71.15448,-29.86223],[-71.15453,-29.86222],[-71.15463,-29.86223],[-71.1548,-29.86229],[-71.15503,-29.86226],[-71.15521,-29.86222],[-71.15538,-29.8622],[-71.15558,-29.86212],[-71.15575,-29.86201],[-71.15593,-29.86185],[-71.15602,-29.86167],[-71.15606,-29.86151],[-71.156,-29.86134],[-71.15591,-29.86121],[-71.1559,-29.86112],[-71.15597,-29.86107],[-71.15607,-29.86109],[-71.15623,-29.86111],[-71.1563,-29.86107],[-71.15649,-29.86088],[-71.1566,-29.86082],[-71.15682,-29.86059],[-71.15693,-29.86039],[-71.15705,-29.86019],[-71.15704,-29.86017],[-71.15709,-29.86007],[-71.15716,-29.85993],[-71.15714,-29.85985],[-71.15714,-29.85977],[-71.15716,-29.85971],[-71.15721,-29.85968],[-71.15727,-29.85968],[-71.15732,-29.85965],[-71.15747,-29.85953],[-71.15758,-29.85945],[-71.15763,-29.85937],[-71.15769,-29.8592],[-71.15771,-29.85907],[-71.15776,-29.85898],[-71.15785,-29.85888],[-71.15797,-29.8588],[-71.15818,-29.85873],[-71.15833,-29.85866],[-71.15843,-29.8586],[-71.15844,-29.85855],[-71.15847,-29.8585],[-71.15856,-29.85841],[-71.1587,-29.85826],[-71.15886,-29.8581],[-71.15897,-29.85803],[-71.1591,-29.858],[-71.1592,-29.85799],[-71.15931,-29.85803],[-71.15934,-29.85796],[-71.15984,-29.85759],[-71.16011,-29.85722],[-71.1604,-29.85678],[-71.16058,-29.85657],[-71.16096,-29.85642],[-71.16116,-29.85628],[-71.16139,-29.85611],[-71.16199,-29.85559],[-71.16238,-29.85521],[-71.16265,-29.85502],[-71.16291,-29.85452],[-71.16315,-29.85403],[-71.16351,-29.85347],[-71.16416,-29.85311],[-71.16439,-29.85281],[-71.16459,-29.85286],[-71.16481,-29.85324],[-71.16495,-29.85353],[-71.16525,-29.85375],[-71.16563,-29.85391],[-71.16589,-29.85386],[-71.16631,-29.85372],[-71.1667,-29.85362],[-71.16754,-29.85338],[-71.16804,-29.85311],[-71.1686,-29.85297],[-71.16912,-29.85292],[-71.16983,-29.85276],[-71.17046,-29.85225],[-71.1709,-29.85198],[-71.17142,-29.85169],[-71.17195,-29.85154],[-71.17255,-29.85134],[-71.17325,-29.8509],[-71.17361,-29.85055],[-71.17391,-29.85029],[-71.17433,-29.84993],[-71.17457,-29.84964],[-71.17493,-29.84951],[-71.17539,-29.84942],[-71.17595,-29.84926],[-71.1764,-29.8488],[-71.17668,-29.84805],[-71.1769,-29.8477],[-71.17706,-29.84753],[-71.17755,-29.84738],[-71.17809,-29.84731],[-71.17887,-29.84708],[-71.17972,-29.84688],[-71.18077,-29.84667],[-71.18184,-29.8464],[-71.18294,-29.84598],[-71.18327,-29.84561],[-71.18375,-29.84497],[-71.1841,-29.84465],[-71.18485,-29.84453],[-71.18524,-29.84459],[-71.18585,-29.84463],[-71.18661,-29.84457],[-71.18719,-29.84467],[-71.18768,-29.84472],[-71.18849,-29.84475],[-71.18911,-29.84463],[-71.18935,-29.84429],[-71.18978,-29.84365],[-71.19035,-29.84305],[-71.19082,-29.84273],[-71.19105,-29.84256],[-71.19129,-29.84224],[-71.19164,-29.84135],[-71.19191,-29.84084],[-71.19231,-29.84045],[-71.19277,-29.84005],[-71.19327,-29.83949],[-71.19371,-29.83902],[-71.19425,-29.83868],[-71.19447,-29.83868],[-71.19479,-29.83873],[-71.1951,-29.83885],[-71.19543,-29.83894],[-71.19592,-29.83896],[-71.19651,-29.83876],[-71.19702,-29.83832],[-71.19702,-29.838],[-71.19698,-29.83795],[-71.19671,-29.83763],[-71.19649,-29.83722],[-71.19654,-29.83679],[-71.19653,-29.83637],[-71.1964,-29.83604],[-71.1961,-29.83546],[-71.19513,-29.83361],[-71.19492,-29.83185],[-71.19492,-29.83015],[-71.19511,-29.82806],[-71.19513,-29.82791],[-71.19497,-29.8271],[-71.19454,-29.82641],[-71.19383,-29.82603],[-71.19372,-29.8245],[-71.19359,-29.82401],[-71.19363,-29.82334],[-71.19376,-29.82281],[-71.19394,-29.82214],[-71.19391,-29.82172],[-71.19376,-29.82114],[-71.19337,-29.82059],[-71.19305,-29.81992],[-71.19306,-29.81881],[-71.1935,-29.81805],[-71.19399,-29.81749],[-71.19436,-29.81714],[-71.19452,-29.81639],[-71.19457,-29.8159],[-71.19448,-29.81544],[-71.19464,-29.8138],[-71.19496,-29.81217],[-71.1947,-29.81155],[-71.19394,-29.81041],[-71.19352,-29.81024],[-71.1933,-29.8098],[-71.19284,-29.809],[-71.19266,-29.8087],[-71.19231,-29.80813],[-71.19193,-29.80717],[-71.19017,-29.80493],[-71.18817,-29.80384],[-71.1873,-29.80341],[-71.1856,-29.80211],[-71.18426,-29.80198],[-71.18371,-29.80131],[-71.18285,-29.80008],[-71.18189,-29.79973],[-71.18071,-29.79903],[-71.17905,-29.79809],[-71.17789,-29.79783],[-71.17754,-29.7969],[-71.17699,-29.7961],[-71.17622,-29.79515],[-71.1758,-29.79345],[-71.17528,-29.79243],[-71.17449,-29.79247],[-71.17326,-29.79261],[-71.17164,-29.7924],[-71.17026,-29.7924],[-71.16862,-29.79236],[-71.16731,-29.79226],[-71.16579,-29.79218],[-71.16409,-29.79202],[-71.16243,-29.79175],[-71.1609,-29.79175],[-71.15903,-29.79121],[-71.15802,-29.79088],[-71.15703,-29.78999],[-71.15613,-29.78938],[-71.15542,-29.78873],[-71.15508,-29.78844],[-71.1546,-29.78849],[-71.15422,-29.78868],[-71.15374,-29.78921],[-71.15342,-29.78962],[-71.15267,-29.78994],[-71.15203,-29.7903],[-71.15106,-29.79099],[-71.15023,-29.79145],[-71.14965,-29.79183],[-71.14926,-29.79174],[-71.14858,-29.7918],[-71.14728,-29.79224],[-71.14642,-29.79247],[-71.14536,-29.79287],[-71.14491,-29.79289],[-71.14399,-29.79278],[-71.14276,-29.79286],[-71.14213,-29.79306],[-71.14173,-29.79322],[-71.14126,-29.79366],[-71.14075,-29.79456],[-71.1404,-29.79528],[-71.13997,-29.79571],[-71.13923,-29.79634],[-71.13824,-29.79701],[-71.13735,-29.79753],[-71.13683,-29.79799],[-71.13621,-29.79856],[-71.13606,-29.79881],[-71.13611,-29.79962],[-71.13573,-29.8],[-71.13524,-29.80072],[-71.1347,-29.8017],[-71.13444,-29.8026],[-71.13432,-29.80357],[-71.13433,-29.80453],[-71.13432,-29.8051],[-71.13422,-29.80557],[-71.13365,-29.80604],[-71.13301,-29.80654],[-71.13267,-29.80689],[-71.13221,-29.80759],[-71.13183,-29.80877],[-71.13172,-29.80911],[-71.13143,-29.80969],[-71.13115,-29.81006],[-71.13018,-29.81045],[-71.12953,-29.81106],[-71.12917,-29.81185],[-71.12903,-29.81304],[-71.12882,-29.81359],[-71.12828,-29.81406],[-71.12733,-29.81445],[-71.12639,-29.81481],[-71.12582,-29.81511],[-71.12519,-29.81592],[-71.1241,-29.81699],[-71.12321,-29.81799],[-71.12226,-29.8185],[-71.12156,-29.81897],[-71.12076,-29.81948],[-71.12035,-29.81981],[-71.12012,-29.8204],[-71.11999,-29.82114],[-71.11962,-29.82157],[-71.11881,-29.82205],[-71.11832,-29.82264],[-71.11809,-29.82393],[-71.11808,-29.82511],[-71.11825,-29.8257],[-71.11867,-29.82671],[-71.11906,-29.82741],[-71.11915,-29.82801],[-71.11896,-29.8287],[-71.11867,-29.83034],[-71.11853,-29.83119],[-71.11826,-29.83221],[-71.11787,-29.83336],[-71.11724,-29.83433],[-71.1167,-29.83495],[-71.11628,-29.83546],[-71.1159,-29.83591],[-71.11536,-29.83627],[-71.11476,-29.83673],[-71.11386,-29.83729],[-71.11349,-29.83757],[-71.11322,-29.83739],[-71.11291,-29.83716],[-71.11224,-29.83631],[-71.11171,-29.83556],[-71.11129,-29.835],[-71.11073,-29.83447],[-71.10996,-29.83354],[-71.10926,-29.83299],[-71.10876,-29.83264],[-71.10808,-29.83245],[-71.10722,-29.83181],[-71.10672,-29.83148],[-71.10613,-29.83097],[-71.10563,-29.83053],[-71.10516,-29.82991],[-71.10377,-29.83104],[-71.10284,-29.83187],[-71.10229,-29.83237],[-71.10137,-29.83299],[-71.10074,-29.83345],[-71.09984,-29.83403],[-71.09929,-29.83431],[-71.09858,-29.8347],[-71.09818,-29.83503],[-71.0979,-29.83519],[-71.09741,-29.83556],[-71.09678,-29.83609],[-71.09598,-29.83667],[-71.09537,-29.83722],[-71.09483,-29.8376],[-71.09413,-29.83815],[-71.09361,-29.83846],[-71.09303,-29.83896],[-71.09248,-29.83936],[-71.09211,-29.83964],[-71.09178,-29.83993],[-71.09148,-29.84023],[-71.09117,-29.8406],[-71.09086,-29.84099],[-71.09049,-29.84129],[-71.09021,-29.8416],[-71.08973,-29.84194],[-71.08934,-29.84218],[-71.08877,-29.84241],[-71.0881,-29.84274],[-71.08741,-29.84301],[-71.08677,-29.8432],[-71.08618,-29.84335],[-71.08574,-29.84341],[-71.08498,-29.8436],[-71.0845,-29.84383],[-71.08392,-29.84408],[-71.08371,-29.84417],[-71.0833,-29.84444],[-71.08305,-29.84456],[-71.08275,-29.84466],[-71.08244,-29.84461],[-71.08205,-29.84449],[-71.08176,-29.84448],[-71.08149,-29.84457],[-71.081,-29.84486],[-71.08052,-29.8451],[-71.08005,-29.84514],[-71.07957,-29.84508],[-71.07879,-29.84497],[-71.07839,-29.84495],[-71.07803,-29.84484],[-71.07764,-29.84482],[-71.07714,-29.84476],[-71.07672,-29.84464],[-71.07616,-29.84462],[-71.07571,-29.84471],[-71.07499,-29.84485],[-71.07396,-29.8449],[-71.07333,-29.84489],[-71.07291,-29.84468],[-71.07243,-29.84451],[-71.07197,-29.84453],[-71.07137,-29.84457],[-71.07074,-29.84455],[-71.07047,-29.84444],[-71.06991,-29.84409],[-71.06964,-29.8438],[-71.06903,-29.84349],[-71.06855,-29.84308],[-71.0678,-29.8426],[-71.06713,-29.84209],[-71.06679,-29.84164],[-71.06667,-29.84127],[-71.06626,-29.84096],[-71.06565,-29.84076],[-71.06494,-29.84069],[-71.06418,-29.84054],[-71.0632,-29.84053],[-71.06234,-29.84062],[-71.06164,-29.84082],[-71.06072,-29.841],[-71.06018,-29.841],[-71.05926,-29.84067],[-71.05889,-29.84066],[-71.0586,-29.84066],[-71.05799,-29.84058],[-71.05706,-29.84015],[-71.0564,-29.83965],[-71.05536,-29.83896],[-71.0542,-29.83824],[-71.05383,-29.83813],[-71.05335,-29.83821],[-71.05249,-29.83847],[-71.05166,-29.83883],[-71.05066,-29.83943],[-71.05034,-29.83967],[-71.05006,-29.83996],[-71.04998,-29.84025],[-71.05004,-29.84084],[-71.0501,-29.84134],[-71.04998,-29.84165],[-71.04938,-29.84263],[-71.0491,-29.84309],[-71.04855,-29.84369],[-71.04786,-29.84436],[-71.04726,-29.84489],[-71.04684,-29.84536],[-71.04631,-29.84536],[-71.04572,-29.84503],[-71.04515,-29.84469],[-71.04479,-29.84414],[-71.04413,-29.84373],[-71.04356,-29.84378],[-71.04272,-29.84371],[-71.04214,-29.84353],[-71.04141,-29.84324],[-71.04059,-29.84314],[-71.03933,-29.84302],[-71.03783,-29.84322],[-71.03728,-29.84335],[-71.03648,-29.84346],[-71.03615,-29.84322],[-71.03569,-29.84291],[-71.0353,-29.84294],[-71.03494,-29.84313],[-71.03337,-29.84383],[-71.03251,-29.84409],[-71.03149,-29.84423],[-71.0309,-29.84411],[-71.0302,-29.8438],[-71.02946,-29.84347],[-71.02909,-29.84324],[-71.0287,-29.84296],[-71.02819,-29.84267],[-71.02761,-29.8428],[-71.02705,-29.84281],[-71.02669,-29.84275],[-71.02601,-29.84276],[-71.02554,-29.8429],[-71.02508,-29.8433],[-71.02471,-29.84389],[-71.02433,-29.84425],[-71.02388,-29.84438],[-71.02317,-29.84467],[-71.02255,-29.84503],[-71.02154,-29.84559],[-71.02083,-29.8459],[-71.02005,-29.84631],[-71.01933,-29.8467],[-71.01879,-29.84664],[-71.01818,-29.84658],[-71.01761,-29.84672],[-71.01701,-29.84691],[-71.01644,-29.84694],[-71.01579,-29.84699],[-71.01428,-29.84735],[-71.01312,-29.8475],[-71.01251,-29.84762],[-71.01162,-29.84811],[-71.0111,-29.84847],[-71.01064,-29.84874],[-71.00996,-29.84907],[-71.00887,-29.84939],[-71.00821,-29.84959],[-71.00721,-29.8497],[-71.00627,-29.84955],[-71.00522,-29.84935],[-71.00476,-29.84947],[-71.00435,-29.84989],[-71.00408,-29.85044],[-71.00384,-29.85076],[-71.00326,-29.8511],[-71.00292,-29.85122],[-71.00253,-29.85119],[-71.00214,-29.85111],[-71.0016,-29.85122],[-71.00079,-29.85147],[-71.00021,-29.85126],[-70.99931,-29.85101],[-70.99887,-29.85079],[-70.99844,-29.85085],[-70.99797,-29.85095],[-70.99754,-29.85086],[-70.99692,-29.85079],[-70.99623,-29.85112],[-70.99585,-29.85136],[-70.9955,-29.85121],[-70.99504,-29.85111],[-70.99437,-29.85104],[-70.99353,-29.85107],[-70.99317,-29.85125],[-70.99279,-29.85163],[-70.99221,-29.85209],[-70.99181,-29.85231],[-70.99109,-29.85266],[-70.99036,-29.85317],[-70.98926,-29.85347],[-70.98862,-29.85376],[-70.98806,-29.85432],[-70.98743,-29.85486],[-70.98685,-29.85504],[-70.98607,-29.85507],[-70.98516,-29.85496],[-70.98474,-29.85476],[-70.98432,-29.85422],[-70.98405,-29.8539],[-70.98343,-29.85307],[-70.98302,-29.85267],[-70.98258,-29.85221],[-70.98146,-29.85207],[-70.98098,-29.85195],[-70.98035,-29.85209],[-70.97984,-29.8521],[-70.97881,-29.85192],[-70.97791,-29.85155],[-70.97745,-29.85127],[-70.97699,-29.85111],[-70.97602,-29.85133],[-70.97525,-29.85149],[-70.97434,-29.85172],[-70.97369,-29.85212],[-70.97284,-29.85215],[-70.97196,-29.85216],[-70.97137,-29.85206],[-70.97073,-29.85184],[-70.96981,-29.85147],[-70.96914,-29.85115],[-70.9682,-29.85076],[-70.96732,-29.85015],[-70.96665,-29.84981],[-70.96718,-29.85158],[-70.96808,-29.85249],[-70.97195,-29.85397],[-70.973,-29.85459],[-70.97343,-29.85507],[-70.9736,-29.85569],[-70.97543,-29.85588],[-70.97724,-29.85678],[-70.97939,-29.85721],[-70.98068,-29.85769],[-70.98407,-29.86112],[-70.98582,-29.86241],[-70.98574,-29.86294],[-70.98424,-29.86537],[-70.98335,-29.86599],[-70.98283,-29.86666],[-70.9824,-29.86756],[-70.98216,-29.8689],[-70.97839,-29.87329],[-70.97763,-29.87453],[-70.977,-29.87668],[-70.97839,-29.87696],[-70.98168,-29.87863],[-70.98306,-29.87887],[-70.9854,-29.87978],[-70.98702,-29.87997],[-70.98749,-29.87953],[-70.98865,-29.87943],[-70.98986,-29.87939],[-70.99223,-29.87901],[-70.99357,-29.87876],[-70.99486,-29.87852],[-70.99581,-29.87825],[-70.99661,-29.87797],[-70.99744,-29.87775],[-70.99821,-29.87761],[-70.99868,-29.87755],[-70.99916,-29.87756],[-70.99958,-29.87762],[-70.99999,-29.87764],[-71.00047,-29.87756],[-71.00096,-29.87757],[-71.00141,-29.87765],[-71.00195,-29.87775],[-71.00244,-29.87779],[-71.00281,-29.87762],[-71.00315,-29.87745],[-71.00343,-29.8775],[-71.00369,-29.8775],[-71.00407,-29.87749],[-71.00462,-29.87732],[-71.00495,-29.87724],[-71.00527,-29.87714],[-71.00562,-29.87698],[-71.00608,-29.87667],[-71.00636,-29.87653],[-71.00663,-29.87653],[-71.007,-29.87656],[-71.0073,-29.87639],[-71.00761,-29.87626],[-71.00788,-29.8761],[-71.00831,-29.87596],[-71.00853,-29.87596],[-71.00886,-29.87615],[-71.00906,-29.87632],[-71.00925,-29.87656],[-71.00955,-29.87681],[-71.01011,-29.87692],[-71.01027,-29.87686],[-71.01056,-29.87671],[-71.0113,-29.87651],[-71.01181,-29.87641],[-71.0122,-29.87648],[-71.01272,-29.87658],[-71.0129,-29.87658],[-71.01311,-29.87655],[-71.01345,-29.87653],[-71.01372,-29.87654],[-71.01396,-29.87661],[-71.01413,-29.87669],[-71.01436,-29.87676],[-71.01468,-29.87672],[-71.01506,-29.87674],[-71.01532,-29.87685],[-71.01546,-29.87704],[-71.01557,-29.87736],[-71.01578,-29.8776],[-71.01596,-29.87798],[-71.01613,-29.87837],[-71.01642,-29.87853],[-71.01675,-29.87855],[-71.01718,-29.87851],[-71.01739,-29.87838],[-71.01775,-29.87832],[-71.01795,-29.87833],[-71.01824,-29.87841],[-71.0185,-29.87833],[-71.01892,-29.87828],[-71.01943,-29.87832],[-71.0199,-29.87824],[-71.02036,-29.87807],[-71.02059,-29.87782],[-71.02072,-29.87782],[-71.02114,-29.87792],[-71.02145,-29.8782],[-71.02189,-29.87831],[-71.0225,-29.87824],[-71.0228,-29.87816],[-71.02315,-29.8779],[-71.02339,-29.8777],[-71.02365,-29.87767],[-71.02388,-29.87772],[-71.0242,-29.87772],[-71.02453,-29.87752],[-71.02502,-29.87732],[-71.0254,-29.87712],[-71.02583,-29.87686],[-71.02648,-29.87677],[-71.02725,-29.87683],[-71.02765,-29.87697],[-71.02803,-29.87713],[-71.02823,-29.87738],[-71.02831,-29.87778],[-71.02836,-29.87823],[-71.02829,-29.87865],[-71.02827,-29.87914],[-71.02833,-29.87944],[-71.02863,-29.87969],[-71.02876,-29.87973],[-71.02895,-29.87981],[-71.02912,-29.87995],[-71.0292,-29.88011],[-71.02921,-29.88042],[-71.02929,-29.88069],[-71.02949,-29.88107],[-71.02963,-29.88127],[-71.02963,-29.88149],[-71.02953,-29.88169],[-71.02957,-29.88202],[-71.02967,-29.88226],[-71.02989,-29.88239],[-71.03027,-29.88254],[-71.03067,-29.8827],[-71.03104,-29.88289],[-71.03143,-29.88312],[-71.03169,-29.88335],[-71.03184,-29.88346],[-71.03203,-29.88353],[-71.03223,-29.88359],[-71.03246,-29.8836],[-71.03279,-29.88358],[-71.03313,-29.8836],[-71.03333,-29.88368],[-71.03363,-29.88386],[-71.03388,-29.88413],[-71.03408,-29.88427],[-71.03423,-29.8844],[-71.03443,-29.88471],[-71.03446,-29.88499],[-71.03458,-29.88524],[-71.03471,-29.8854],[-71.03498,-29.88552],[-71.03526,-29.88567],[-71.03564,-29.88587],[-71.03617,-29.8861],[-71.03684,-29.88639],[-71.03716,-29.88648],[-71.03733,-29.8865],[-71.03768,-29.88653],[-71.03788,-29.88657],[-71.03805,-29.88668],[-71.03821,-29.8868],[-71.03838,-29.88681],[-71.03854,-29.88686],[-71.03862,-29.88705],[-71.03874,-29.88719],[-71.03892,-29.88719],[-71.03917,-29.88718],[-71.03956,-29.88728],[-71.03995,-29.88743],[-71.04035,-29.88764],[-71.04074,-29.88773],[-71.04226,-29.88778],[-71.04308,-29.88765],[-71.04451,-29.88762],[-71.04543,-29.88764],[-71.04585,-29.88766],[-71.04635,-29.88759],[-71.04656,-29.88746],[-71.04685,-29.88732],[-71.04707,-29.88722],[-71.04725,-29.88725],[-71.04756,-29.88737],[-71.04782,-29.88758],[-71.04808,-29.88772],[-71.0485,-29.88782],[-71.0488,-29.88785],[-71.04908,-29.88789],[-71.0494,-29.88801],[-71.04967,-29.8882],[-71.05026,-29.8883],[-71.05083,-29.8882],[-71.05129,-29.88798],[-71.05178,-29.88798],[-71.05218,-29.88823],[-71.0527,-29.88872],[-71.0533,-29.8888],[-71.0538,-29.88903],[-71.05455,-29.88938],[-71.05516,-29.88973],[-71.05584,-29.89011],[-71.05629,-29.89039],[-71.057,-29.89067],[-71.05767,-29.89113],[-71.05831,-29.89166],[-71.05911,-29.89213],[-71.05945,-29.89273],[-71.06013,-29.89343],[-71.0606,-29.89392],[-71.06155,-29.89462],[-71.06248,-29.8949],[-71.0634,-29.89505],[-71.06394,-29.89481],[-71.06596,-29.89422],[-71.06723,-29.89386],[-71.0687,-29.89354],[-71.0703,-29.89293],[-71.07149,-29.89255],[-71.07242,-29.89215],[-71.07282,-29.89182]]]}},{"type":"Feature","id":"15R","properties":{"codigo":"15R","nombre":"EL ROMERAL","area":"Rural","lon":-71.24792,"lat":-29.73455},"geometry":{"type":"Polygon","coordinates":[[[-71.26983,-29.80529],[-71.26985,-29.80535],[-71.2698,-29.80546],[-71.26981,-29.80562],[-71.26983,-29.80577],[-71.26988,-29.80594],[-71.26991,-29.80605],[-71.26994,-29.80624],[-71.26993,-29.80639],[-71.26986,-29.80653],[-71.26981,-29.80679],[-71.26974,-29.80711],[-71.2697,-29.80729],[-71.26969,-29.80748],[-71.26971,-29.80764],[-71.26977,-29.80781],[-71.26993,-29.80794],[-71.2702,-29.80807],[-71.27069,-29.80824],[-71.27111,-29.80836],[-71.27157,-29.80846],[-71.27204,-29.80855],[-71.27227,-29.80867],[-71.27231,-29.8088],[-71.27229,-29.80901],[-71.27231,-29.80915],[-71.27239,-29.80881],[-71.27272,-29.80749],[-71.27314,-29.80573],[-71.27423,-29.80375],[-71.27505,-29.80149],[-71.27573,-29.80054],[-71.27644,-29.79998],[-71.27735,-29.79852],[-71.27745,-29.79692],[-71.27893,-29.79458],[-71.28051,-29.7921],[-71.28109,-29.79124],[-71.28153,-29.79057],[-71.28192,-29.79],[-71.28246,-29.7894],[-71.28262,-29.78902],[-71.28242,-29.78676],[-71.28238,-29.78646],[-71.28233,-29.78612],[-71.28226,-29.78582],[-71.28219,-29.78554],[-71.28209,-29.78519],[-71.28198,-29.78488],[-71.28171,-29.78437],[-71.28156,-29.78405],[-71.28129,-29.7836],[-71.28104,-29.78322],[-71.28079,-29.78289],[-71.28046,-29.7825],[-71.2784,-29.78019],[-71.27683,-29.77845],[-71.27656,-29.77813],[-71.27565,-29.77712],[-71.27468,-29.77602],[-71.27397,-29.77523],[-71.27339,-29.77461],[-71.2723,-29.77336],[-71.27133,-29.7723],[-71.27016,-29.77099],[-71.26929,-29.76999],[-71.26862,-29.76925],[-71.26813,-29.76873],[-71.26743,-29.76794],[-71.26625,-29.76662],[-71.26575,-29.76608],[-71.26474,-29.76493],[-71.26493,-29.7639],[-71.26536,-29.76342],[-71.26629,-29.76282],[-71.26743,-29.76245],[-71.26816,-29.76239],[-71.26946,-29.7624],[-71.26982,-29.76211],[-71.27054,-29.76155],[-71.27138,-29.76129],[-71.27243,-29.7612],[-71.2737,-29.76126],[-71.27473,-29.76139],[-71.27553,-29.76196],[-71.27605,-29.76229],[-71.2767,-29.76256],[-71.27726,-29.76253],[-71.27869,-29.76282],[-71.27987,-29.76325],[-71.28042,-29.76417],[-71.28063,-29.7653],[-71.28064,-29.76534],[-71.28072,-29.76567],[-71.2808,-29.76597],[-71.28088,-29.76629],[-71.28098,-29.76657],[-71.28101,-29.76665],[-71.2811,-29.76692],[-71.28122,-29.7673],[-71.28133,-29.76792],[-71.28169,-29.76879],[-71.28237,-29.76955],[-71.28256,-29.77057],[-71.28269,-29.77083],[-71.2827,-29.77103],[-71.28252,-29.77118],[-71.28233,-29.77124],[-71.28213,-29.77152],[-71.28199,-29.77185],[-71.28204,-29.77208],[-71.28212,-29.77231],[-71.28219,-29.77253],[-71.28226,-29.77265],[-71.28237,-29.77275],[-71.28278,-29.77294],[-71.28333,-29.77316],[-71.28366,-29.77362],[-71.2837,-29.77408],[-71.28376,-29.77441],[-71.28382,-29.77496],[-71.28387,-29.77538],[-71.28391,-29.77582],[-71.28397,-29.77606],[-71.28405,-29.77641],[-71.28413,-29.77725],[-71.28422,-29.77759],[-71.28428,-29.77781],[-71.28448,-29.77813],[-71.28462,-29.77839],[-71.28458,-29.77866],[-71.28442,-29.77888],[-71.28408,-29.77918],[-71.2837,-29.77965],[-71.28374,-29.78006],[-71.2839,-29.78049],[-71.28419,-29.78079],[-71.28431,-29.78111],[-71.28432,-29.78135],[-71.28433,-29.7816],[-71.28433,-29.78186],[-71.28434,-29.78215],[-71.28435,-29.78239],[-71.28436,-29.78266],[-71.28437,-29.78292],[-71.28439,-29.78335],[-71.28443,-29.78381],[-71.2845,-29.78427],[-71.28462,-29.78479],[-71.28461,-29.7853],[-71.28461,-29.78604],[-71.28461,-29.78695],[-71.28468,-29.78741],[-71.28494,-29.78814],[-71.28505,-29.78864],[-71.28525,-29.78903],[-71.2856,-29.78956],[-71.28622,-29.79004],[-71.2865,-29.7905],[-71.2867,-29.79099],[-71.28677,-29.79134],[-71.28671,-29.79177],[-71.28677,-29.79216],[-71.28693,-29.79241],[-71.287,-29.79269],[-71.28692,-29.79306],[-71.28696,-29.79344],[-71.28712,-29.79386],[-71.28731,-29.79415],[-71.2872,-29.79455],[-71.28721,-29.79491],[-71.28739,-29.7953],[-71.2873,-29.79588],[-71.28734,-29.79659],[-71.28721,-29.79728],[-71.28673,-29.79796],[-71.28642,-29.79829],[-71.28616,-29.79868],[-71.28616,-29.79915],[-71.28646,-29.79963],[-71.28652,-29.8002],[-71.28638,-29.80081],[-71.28607,-29.80135],[-71.28615,-29.80182],[-71.28612,-29.80226],[-71.28578,-29.80253],[-71.28559,-29.80295],[-71.28559,-29.80316],[-71.28571,-29.80339],[-71.28616,-29.80359],[-71.28635,-29.80401],[-71.28591,-29.80491],[-71.28575,-29.80513],[-71.28571,-29.80519],[-71.28561,-29.80534],[-71.28555,-29.80541],[-71.28556,-29.80558],[-71.28573,-29.80587],[-71.28575,-29.80619],[-71.28568,-29.80633],[-71.28492,-29.80706],[-71.2807,-29.81129],[-71.28214,-29.81241],[-71.28135,-29.81321],[-71.28158,-29.81349],[-71.28385,-29.8116],[-71.28649,-29.80941],[-71.28691,-29.8089],[-71.29002,-29.8051],[-71.29051,-29.80306],[-71.29096,-29.80124],[-71.29252,-29.79839],[-71.29409,-29.79744],[-71.29557,-29.79666],[-71.29714,-29.79579],[-71.30295,-29.79249],[-71.3041,-29.79026],[-71.3057,-29.78718],[-71.30675,-29.78515],[-71.30983,-29.78047],[-71.3127,-29.77609],[-71.31796,-29.76903],[-71.32043,-29.76572],[-71.32449,-29.76052],[-71.3261,-29.75846],[-71.32717,-29.75552],[-71.32813,-29.75285],[-71.32591,-29.74752],[-71.32241,-29.74151],[-71.3194,-29.73636],[-71.31711,-29.73273],[-71.3147,-29.72889],[-71.31384,-29.72573],[-71.31316,-29.72254],[-71.31201,-29.72102],[-71.31113,-29.7188],[-71.31069,-29.7151],[-71.31015,-29.71114],[-71.30983,-29.70796],[-71.31004,-29.70248],[-71.31013,-29.70011],[-71.30991,-29.69425],[-71.30979,-29.69108],[-71.30967,-29.68787],[-71.30936,-29.6821],[-71.30906,-29.6789],[-71.30886,-29.67685],[-71.30866,-29.67462],[-71.30829,-29.67044],[-71.3079,-29.66606],[-71.30748,-29.66127],[-71.3071,-29.65702],[-71.3068,-29.65366],[-71.30677,-29.65334],[-71.30631,-29.65381],[-71.30583,-29.65492],[-71.30537,-29.65712],[-71.30414,-29.6609],[-71.30409,-29.66236],[-71.30383,-29.66305],[-71.3026,-29.66458],[-71.30082,-29.6675],[-71.29956,-29.66898],[-71.29724,-29.67309],[-71.29713,-29.67391],[-71.29775,-29.677],[-71.29775,-29.67813],[-71.29639,-29.68398],[-71.29588,-29.68539],[-71.2944,-29.68723],[-71.292,-29.68925],[-71.29003,-29.69042],[-71.28855,-29.69232],[-71.28281,-29.69394],[-71.28124,-29.69413],[-71.27973,-29.6937],[-71.27814,-29.69284],[-71.27694,-29.69209],[-71.27571,-29.69102],[-71.27533,-29.69044],[-71.27453,-29.68632],[-71.27466,-29.68393],[-71.27391,-29.68279],[-71.27354,-29.68057],[-71.27316,-29.68019],[-71.27191,-29.67971],[-71.27153,-29.67904],[-71.27105,-29.6768],[-71.26996,-29.67511],[-71.26964,-29.67421],[-71.26977,-29.6715],[-71.26955,-29.67105],[-71.26885,-29.67041],[-71.26798,-29.66999],[-71.26693,-29.6699],[-71.26495,-29.67076],[-71.25997,-29.67215],[-71.25872,-29.67167],[-71.25766,-29.67074],[-71.25639,-29.66997],[-71.25217,-29.66993],[-71.24967,-29.669],[-71.24849,-29.66801],[-71.24741,-29.66763],[-71.2459,-29.6675],[-71.24265,-29.66814],[-71.2415,-29.66856],[-71.23971,-29.66868],[-71.2384,-29.6683],[-71.2359,-29.66699],[-71.23121,-29.66712],[-71.22945,-29.66677],[-71.22887,-29.66654],[-71.2253,-29.66405],[-71.22459,-29.66325],[-71.2242,-29.66236],[-71.22378,-29.662],[-71.2221,-29.66124],[-71.22133,-29.66028],[-71.2199,-29.65769],[-71.21756,-29.65565],[-71.21603,-29.65351],[-71.21408,-29.65233],[-71.21337,-29.65209],[-71.21334,-29.65212],[-71.21284,-29.65254],[-71.21213,-29.65294],[-71.2114,-29.65335],[-71.21071,-29.65373],[-71.2098,-29.65422],[-71.20912,-29.65478],[-71.20848,-29.6553],[-71.20792,-29.65592],[-71.20761,-29.65638],[-71.20732,-29.6571],[-71.20724,-29.65751],[-71.20725,-29.65803],[-71.2075,-29.65898],[-71.20784,-29.65957],[-71.20842,-29.66002],[-71.20888,-29.66072],[-71.20931,-29.66137],[-71.20966,-29.66199],[-71.20971,-29.66234],[-71.20996,-29.66275],[-71.21024,-29.66311],[-71.21023,-29.66351],[-71.20985,-29.66396],[-71.20952,-29.66453],[-71.2095,-29.66501],[-71.20912,-29.66537],[-71.20859,-29.66559],[-71.20802,-29.66591],[-71.20762,-29.66612],[-71.20733,-29.66645],[-71.20725,-29.66679],[-71.20731,-29.66711],[-71.20738,-29.66753],[-71.20732,-29.6679],[-71.20702,-29.66813],[-71.20629,-29.66866],[-71.20602,-29.66915],[-71.2058,-29.66971],[-71.20583,-29.67055],[-71.20592,-29.67107],[-71.20572,-29.6714],[-71.20519,-29.67174],[-71.20465,-29.67202],[-71.20434,-29.67241],[-71.20406,-29.67296],[-71.20407,-29.67366],[-71.2043,-29.67421],[-71.20472,-29.67488],[-71.20479,-29.67548],[-71.20455,-29.67587],[-71.20418,-29.67618],[-71.20374,-29.6767],[-71.20361,-29.6771],[-71.20347,-29.67767],[-71.20324,-29.6781],[-71.20309,-29.67834],[-71.20252,-29.67911],[-71.20208,-29.67942],[-71.20144,-29.67986],[-71.2011,-29.68035],[-71.20064,-29.68059],[-71.20009,-29.6808],[-71.19982,-29.68114],[-71.19972,-29.68152],[-71.19957,-29.68201],[-71.19935,-29.68239],[-71.1992,-29.68266],[-71.19915,-29.68286],[-71.19889,-29.68369],[-71.19875,-29.68414],[-71.19735,-29.68589],[-71.18412,-29.696],[-71.17766,-29.70991],[-71.17906,-29.72593],[-71.17652,-29.74086],[-71.1773,-29.74188],[-71.17767,-29.74233],[-71.17795,-29.74294],[-71.17796,-29.74349],[-71.17789,-29.74397],[-71.17796,-29.74438],[-71.17818,-29.74495],[-71.17817,-29.74564],[-71.17791,-29.74598],[-71.1776,-29.74626],[-71.17743,-29.74668],[-71.17736,-29.74707],[-71.1769,-29.74788],[-71.1766,-29.74832],[-71.17619,-29.74869],[-71.17583,-29.74915],[-71.17576,-29.74941],[-71.17556,-29.74997],[-71.17528,-29.79243],[-71.1758,-29.79345],[-71.17622,-29.79515],[-71.17699,-29.7961],[-71.17754,-29.7969],[-71.17789,-29.79783],[-71.17905,-29.79809],[-71.18071,-29.79903],[-71.18189,-29.79973],[-71.18285,-29.80008],[-71.18371,-29.80131],[-71.18426,-29.80198],[-71.1856,-29.80211],[-71.1873,-29.80341],[-71.18817,-29.80384],[-71.19017,-29.80493],[-71.19193,-29.80717],[-71.19231,-29.80813],[-71.19266,-29.8087],[-71.19325,-29.80831],[-71.19381,-29.80782],[-71.19397,-29.80719],[-71.19397,-29.80635],[-71.19403,-29.80565],[-71.19431,-29.80486],[-71.19457,-29.80404],[-71.19449,-29.80337],[-71.19437,-29.80271],[-71.19429,-29.80239],[-71.19487,-29.80208],[-71.19542,-29.80178],[-71.19614,-29.8012],[-71.19678,-29.80062],[-71.1976,-29.79944],[-71.19876,-29.79872],[-71.20034,-29.79814],[-71.20099,-29.79772],[-71.20203,-29.79774],[-71.2027,-29.7978],[-71.20348,-29.79762],[-71.20418,-29.79749],[-71.20448,-29.79693],[-71.20479,-29.79637],[-71.20554,-29.79601],[-71.20643,-29.79571],[-71.207,-29.79576],[-71.2074,-29.79616],[-71.20784,-29.79658],[-71.20859,-29.79672],[-71.20929,-29.79658],[-71.20986,-29.79609],[-71.21026,-29.79577],[-71.21061,-29.79566],[-71.21098,-29.79596],[-71.21154,-29.79596],[-71.21232,-29.79585],[-71.21318,-29.79576],[-71.21431,-29.7957],[-71.21517,-29.79585],[-71.21604,-29.7959],[-71.21682,-29.79569],[-71.21701,-29.79557],[-71.21764,-29.79556],[-71.21832,-29.79584],[-71.21931,-29.79601],[-71.21994,-29.79613],[-71.22062,-29.79633],[-71.22138,-29.79653],[-71.22214,-29.79667],[-71.2227,-29.7969],[-71.22354,-29.79718],[-71.22394,-29.79723],[-71.22439,-29.79718],[-71.22482,-29.79712],[-71.22515,-29.79692],[-71.22539,-29.79677],[-71.22588,-29.79671],[-71.22621,-29.79684],[-71.22646,-29.79695],[-71.22678,-29.79697],[-71.22705,-29.79696],[-71.22725,-29.79708],[-71.22748,-29.79711],[-71.22775,-29.79713],[-71.22802,-29.79694],[-71.22824,-29.79703],[-71.22858,-29.7971],[-71.22878,-29.79694],[-71.22903,-29.7968],[-71.22932,-29.7967],[-71.22973,-29.79674],[-71.23012,-29.79686],[-71.23059,-29.79685],[-71.23084,-29.79687],[-71.23105,-29.79689],[-71.23121,-29.79693],[-71.23142,-29.79709],[-71.2324,-29.79719],[-71.23307,-29.7971],[-71.23338,-29.79703],[-71.23383,-29.79705],[-71.23424,-29.79711],[-71.23456,-29.7971],[-71.23472,-29.79717],[-71.23501,-29.79705],[-71.23532,-29.79712],[-71.23609,-29.79733],[-71.23677,-29.79744],[-71.23717,-29.7976],[-71.23752,-29.79774],[-71.23769,-29.79781],[-71.23802,-29.79791],[-71.23844,-29.79805],[-71.23902,-29.79811],[-71.2394,-29.79808],[-71.24006,-29.79808],[-71.24016,-29.79804],[-71.24048,-29.79796],[-71.24105,-29.79799],[-71.24138,-29.79809],[-71.24175,-29.79812],[-71.24235,-29.79803],[-71.24272,-29.79808],[-71.24298,-29.79809],[-71.24341,-29.79809],[-71.24396,-29.79808],[-71.24455,-29.79809],[-71.24492,-29.79806],[-71.24535,-29.79789],[-71.2456,-29.79775],[-71.24587,-29.79766],[-71.24621,-29.79767],[-71.24661,-29.79776],[-71.2471,-29.79787],[-71.2474,-29.79788],[-71.24772,-29.79781],[-71.24807,-29.79765],[-71.24834,-29.79752],[-71.24852,-29.79734],[-71.24911,-29.79723],[-71.24952,-29.79736],[-71.24985,-29.79756],[-71.25015,-29.79775],[-71.25049,-29.79791],[-71.25107,-29.79812],[-71.25144,-29.79819],[-71.2518,-29.79816],[-71.25226,-29.79824],[-71.25255,-29.7986],[-71.25277,-29.799],[-71.25302,-29.79911],[-71.25331,-29.7991],[-71.25362,-29.79909],[-71.25393,-29.79917],[-71.25417,-29.79934],[-71.2545,-29.79958],[-71.25508,-29.79955],[-71.25554,-29.79952],[-71.25656,-29.79946],[-71.25695,-29.79953],[-71.25717,-29.79967],[-71.25753,-29.7996],[-71.2578,-29.79955],[-71.25814,-29.79968],[-71.25838,-29.79975],[-71.25878,-29.79976],[-71.25926,-29.79989],[-71.25964,-29.80014],[-71.25994,-29.80022],[-71.26021,-29.80029],[-71.26033,-29.80017],[-71.26055,-29.80024],[-71.26068,-29.80016],[-71.26081,-29.80002],[-71.26097,-29.80007],[-71.26101,-29.80028],[-71.26115,-29.80038],[-71.26155,-29.80037],[-71.26198,-29.80026],[-71.26255,-29.80018],[-71.2634,-29.8005],[-71.26436,-29.80065],[-71.26477,-29.80088],[-71.26511,-29.80124],[-71.26559,-29.8015],[-71.2659,-29.8018],[-71.26621,-29.80198],[-71.26656,-29.80208],[-71.26701,-29.80223],[-71.26732,-29.80243],[-71.26757,-29.80282],[-71.26772,-29.80304],[-71.26792,-29.80317],[-71.26817,-29.80349],[-71.26854,-29.80363],[-71.26879,-29.8037],[-71.26895,-29.80378],[-71.26932,-29.80409],[-71.26956,-29.80447],[-71.26975,-29.80491],[-71.26983,-29.80529]]]}},{"type":"Feature","id":"16R","properties":{"codigo":"16R","nombre":"SANTA GRACIA","area":"Rural","lon":-71.12949,"lat":-29.75352},"geometry":{"type":"Polygon","coordinates":[[[-71.11349,-29.83757],[-71.11386,-29.83729],[-71.11476,-29.83673],[-71.11536,-29.83627],[-71.1159,-29.83591],[-71.11628,-29.83546],[-71.1167,-29.83495],[-71.11724,-29.83433],[-71.11787,-29.83336],[-71.11826,-29.83221],[-71.11853,-29.83119],[-71.11867,-29.83034],[-71.11896,-29.8287],[-71.11915,-29.82801],[-71.11906,-29.82741],[-71.11867,-29.82671],[-71.11825,-29.8257],[-71.11808,-29.82511],[-71.11809,-29.82393],[-71.11832,-29.82264],[-71.11881,-29.82205],[-71.11962,-29.82157],[-71.11999,-29.82114],[-71.12012,-29.8204],[-71.12035,-29.81981],[-71.12076,-29.81948],[-71.12156,-29.81897],[-71.12226,-29.8185],[-71.12321,-29.81799],[-71.1241,-29.81699],[-71.12519,-29.81592],[-71.12582,-29.81511],[-71.12639,-29.81481],[-71.12733,-29.81445],[-71.12828,-29.81406],[-71.12882,-29.81359],[-71.12903,-29.81304],[-71.12917,-29.81185],[-71.12953,-29.81106],[-71.13018,-29.81045],[-71.13115,-29.81006],[-71.13143,-29.80969],[-71.13172,-29.80911],[-71.13183,-29.80877],[-71.13221,-29.80759],[-71.13267,-29.80689],[-71.13301,-29.80654],[-71.13365,-29.80604],[-71.13422,-29.80557],[-71.13432,-29.8051],[-71.13433,-29.80453],[-71.13432,-29.80357],[-71.13444,-29.8026],[-71.1347,-29.8017],[-71.13524,-29.80072],[-71.13573,-29.8],[-71.13611,-29.79962],[-71.13606,-29.79881],[-71.13621,-29.79856],[-71.13683,-29.79799],[-71.13735,-29.79753],[-71.13824,-29.79701],[-71.13923,-29.79634],[-71.13997,-29.79571],[-71.1404,-29.79528],[-71.14075,-29.79456],[-71.14126,-29.79366],[-71.14173,-29.79322],[-71.14213,-29.79306],[-71.14276,-29.79286],[-71.14399,-29.79278],[-71.14491,-29.79289],[-71.14536,-29.79287],[-71.14642,-29.79247],[-71.14728,-29.79224],[-71.14858,-29.7918],[-71.14926,-29.79174],[-71.14965,-29.79183],[-71.15023,-29.79145],[-71.15106,-29.79099],[-71.15203,-29.7903],[-71.15267,-29.78994],[-71.15342,-29.78962],[-71.15374,-29.78921],[-71.15422,-29.78868],[-71.1546,-29.78849],[-71.15508,-29.78844],[-71.15542,-29.78873],[-71.15613,-29.78938],[-71.15703,-29.78999],[-71.15802,-29.79088],[-71.15903,-29.79121],[-71.1609,-29.79175],[-71.16243,-29.79175],[-71.16409,-29.79202],[-71.16579,-29.79218],[-71.16731,-29.79226],[-71.16862,-29.79236],[-71.17026,-29.7924],[-71.17164,-29.7924],[-71.17326,-29.79261],[-71.17449,-29.79247],[-71.17528,-29.79243],[-71.17556,-29.74997],[-71.17576,-29.74941],[-71.17583,-29.74915],[-71.17619,-29.74869],[-71.1766,-29.74832],[-71.1769,-29.74788],[-71.17736,-29.74707],[-71.17743,-29.74668],[-71.1776,-29.74626],[-71.17791,-29.74598],[-71.17817,-29.74564],[-71.17818,-29.74495],[-71.17796,-29.74438],[-71.17789,-29.74397],[-71.17796,-29.74349],[-71.17795,-29.74294],[-71.17767,-29.74233],[-71.1773,-29.74188],[-71.17652,-29.74086],[-71.17619,-29.74088],[-71.17586,-29.74085],[-71.17536,-29.74071],[-71.17513,-29.74057],[-71.17499,-29.74047],[-71.17465,-29.74038],[-71.17423,-29.74019],[-71.17391,-29.74005],[-71.17369,-29.73988],[-71.17336,-29.73966],[-71.17306,-29.73937],[-71.17288,-29.73907],[-71.17272,-29.73863],[-71.17254,-29.7383],[-71.17238,-29.7381],[-71.17223,-29.73801],[-71.17199,-29.73795],[-71.17187,-29.73786],[-71.1719,-29.73758],[-71.17196,-29.73745],[-71.17208,-29.73727],[-71.17212,-29.73695],[-71.17222,-29.73674],[-71.17235,-29.73637],[-71.17242,-29.73594],[-71.17256,-29.73555],[-71.17264,-29.73517],[-71.17256,-29.73474],[-71.17241,-29.73444],[-71.17222,-29.73418],[-71.17204,-29.73409],[-71.17198,-29.73387],[-71.17197,-29.73361],[-71.17206,-29.7333],[-71.17221,-29.73283],[-71.17228,-29.73189],[-71.17229,-29.73105],[-71.17213,-29.73066],[-71.17195,-29.7305],[-71.17186,-29.73031],[-71.17187,-29.73006],[-71.17195,-29.72989],[-71.17199,-29.72971],[-71.1719,-29.72948],[-71.17186,-29.72914],[-71.17194,-29.72882],[-71.17214,-29.72849],[-71.17229,-29.72825],[-71.1724,-29.72815],[-71.17248,-29.72794],[-71.17244,-29.7277],[-71.17228,-29.7275],[-71.17205,-29.72736],[-71.17179,-29.72721],[-71.17165,-29.72695],[-71.17139,-29.72643],[-71.1712,-29.72625],[-71.17111,-29.72606],[-71.17093,-29.72583],[-71.17083,-29.72554],[-71.17087,-29.72519],[-71.17077,-29.72445],[-71.17066,-29.72427],[-71.17048,-29.72407],[-71.17024,-29.72396],[-71.16989,-29.72393],[-71.16971,-29.72386],[-71.16943,-29.72371],[-71.16895,-29.72369],[-71.16862,-29.72373],[-71.16832,-29.7236],[-71.1681,-29.72334],[-71.16804,-29.72312],[-71.16787,-29.72286],[-71.16772,-29.72263],[-71.16759,-29.72234],[-71.16762,-29.72178],[-71.1676,-29.72146],[-71.16761,-29.72116],[-71.1675,-29.72048],[-71.16724,-29.72016],[-71.16696,-29.7199],[-71.16659,-29.71971],[-71.1664,-29.71946],[-71.16625,-29.71911],[-71.16622,-29.71867],[-71.16624,-29.71825],[-71.16633,-29.71794],[-71.16649,-29.71762],[-71.16661,-29.71729],[-71.16661,-29.71681],[-71.16641,-29.71634],[-71.16627,-29.71603],[-71.166,-29.71586],[-71.16575,-29.71577],[-71.1657,-29.71531],[-71.16577,-29.71501],[-71.16591,-29.7146],[-71.16613,-29.71424],[-71.16636,-29.71398],[-71.16643,-29.71356],[-71.16644,-29.71317],[-71.16673,-29.71278],[-71.16705,-29.7122],[-71.16745,-29.71168],[-71.16772,-29.71147],[-71.16821,-29.71117],[-71.16867,-29.71095],[-71.1692,-29.71065],[-71.16953,-29.71058],[-71.16999,-29.71038],[-71.17014,-29.71021],[-71.17017,-29.70987],[-71.17022,-29.70934],[-71.1702,-29.70899],[-71.17005,-29.70867],[-71.16988,-29.7085],[-71.16957,-29.70839],[-71.16935,-29.70825],[-71.16917,-29.70808],[-71.1691,-29.70759],[-71.169,-29.7074],[-71.16871,-29.70724],[-71.16831,-29.70713],[-71.16771,-29.70678],[-71.16746,-29.70644],[-71.16726,-29.70609],[-71.16686,-29.70586],[-71.16575,-29.70578],[-71.1649,-29.70582],[-71.16436,-29.70575],[-71.16203,-29.70542],[-71.16172,-29.7051],[-71.16165,-29.70477],[-71.16139,-29.70461],[-71.16095,-29.70448],[-71.16061,-29.70435],[-71.16041,-29.70416],[-71.16019,-29.70363],[-71.16001,-29.7033],[-71.15988,-29.70291],[-71.1599,-29.70261],[-71.1599,-29.70254],[-71.15973,-29.70217],[-71.1597,-29.70191],[-71.15983,-29.70161],[-71.15987,-29.70133],[-71.15974,-29.70103],[-71.15952,-29.70075],[-71.15912,-29.70006],[-71.1589,-29.6994],[-71.15875,-29.69888],[-71.15862,-29.69838],[-71.15829,-29.69825],[-71.15794,-29.69809],[-71.15738,-29.69806],[-71.15706,-29.69806],[-71.15658,-29.69804],[-71.15633,-29.69788],[-71.15604,-29.69743],[-71.15588,-29.69709],[-71.15578,-29.69665],[-71.15568,-29.69615],[-71.15539,-29.69561],[-71.15516,-29.69497],[-71.15515,-29.69426],[-71.15535,-29.69334],[-71.15549,-29.69288],[-71.15568,-29.69253],[-71.15582,-29.69229],[-71.15601,-29.69198],[-71.15638,-29.69146],[-71.15643,-29.69078],[-71.15631,-29.69042],[-71.15564,-29.69061],[-71.15462,-29.69065],[-71.15289,-29.69076],[-71.15219,-29.69092],[-71.15144,-29.69115],[-71.15084,-29.69115],[-71.15034,-29.69132],[-71.14973,-29.69161],[-71.14851,-29.69186],[-71.14734,-29.69192],[-71.14657,-29.69194],[-71.14595,-29.69189],[-71.14541,-29.69173],[-71.14485,-29.69141],[-71.14391,-29.69133],[-71.14262,-29.69144],[-71.14214,-29.69162],[-71.14182,-29.69192],[-71.14103,-29.69225],[-71.14012,-29.69228],[-71.13972,-29.69204],[-71.13949,-29.6916],[-71.13923,-29.69143],[-71.1391,-29.69129],[-71.13907,-29.68918],[-71.13881,-29.68882],[-71.13843,-29.68833],[-71.13809,-29.68817],[-71.13735,-29.68821],[-71.13507,-29.68713],[-71.13428,-29.68683],[-71.1332,-29.68641],[-71.13251,-29.68585],[-71.13196,-29.68533],[-71.13159,-29.68325],[-71.13167,-29.68235],[-71.13191,-29.68192],[-71.13193,-29.68131],[-71.13169,-29.67975],[-71.1315,-29.67945],[-71.13128,-29.67914],[-71.13096,-29.67886],[-71.1306,-29.67867],[-71.12939,-29.6783],[-71.12866,-29.67803],[-71.12848,-29.67785],[-71.1273,-29.67764],[-71.1272,-29.67754],[-71.12645,-29.67754],[-71.12578,-29.6776],[-71.12527,-29.67749],[-71.12498,-29.67716],[-71.12496,-29.67685],[-71.12489,-29.67656],[-71.12452,-29.67626],[-71.12437,-29.67586],[-71.12393,-29.67567],[-71.12314,-29.67548],[-71.12243,-29.67504],[-71.12216,-29.67462],[-71.1216,-29.67419],[-71.12103,-29.67399],[-71.12043,-29.67294],[-71.12014,-29.67267],[-71.11944,-29.67261],[-71.11869,-29.67262],[-71.11788,-29.67268],[-71.11715,-29.67258],[-71.11636,-29.67177],[-71.11578,-29.67055],[-71.11546,-29.67027],[-71.11517,-29.66919],[-71.08668,-29.6828],[-71.08633,-29.68315],[-71.08589,-29.68351],[-71.08521,-29.6839],[-71.08473,-29.68411],[-71.0842,-29.68432],[-71.08364,-29.68459],[-71.08314,-29.68484],[-71.08261,-29.68515],[-71.08192,-29.68553],[-71.0813,-29.68579],[-71.0805,-29.68617],[-71.07961,-29.68661],[-71.07961,-29.68674],[-71.07983,-29.68725],[-71.08008,-29.68797],[-71.0802,-29.68885],[-71.08019,-29.68997],[-71.08009,-29.69107],[-71.08011,-29.69163],[-71.07985,-29.69233],[-71.07947,-29.69311],[-71.07915,-29.6937],[-71.0789,-29.69429],[-71.07882,-29.69487],[-71.07884,-29.69539],[-71.079,-29.69614],[-71.07889,-29.69709],[-71.07874,-29.69764],[-71.07869,-29.69834],[-71.07879,-29.69938],[-71.07898,-29.70022],[-71.07949,-29.7013],[-71.08005,-29.70196],[-71.08059,-29.70265],[-71.08131,-29.70354],[-71.08198,-29.70434],[-71.08225,-29.70515],[-71.08205,-29.70589],[-71.08164,-29.70631],[-71.0813,-29.70663],[-71.08099,-29.70709],[-71.08072,-29.70767],[-71.08071,-29.70828],[-71.0808,-29.70882],[-71.08093,-29.7093],[-71.08093,-29.70977],[-71.08076,-29.7104],[-71.08051,-29.71078],[-71.0801,-29.71106],[-71.07957,-29.71152],[-71.07922,-29.71185],[-71.07939,-29.71213],[-71.07958,-29.7126],[-71.07987,-29.71319],[-71.07987,-29.71404],[-71.07984,-29.71478],[-71.07994,-29.71519],[-71.0802,-29.71568],[-71.08069,-29.71637],[-71.08107,-29.71692],[-71.08139,-29.71753],[-71.08203,-29.7182],[-71.08262,-29.71874],[-71.08345,-29.71941],[-71.08423,-29.72009],[-71.08511,-29.72108],[-71.08612,-29.72219],[-71.08655,-29.72276],[-71.08675,-29.72321],[-71.08679,-29.7235],[-71.08671,-29.72391],[-71.08669,-29.72445],[-71.08689,-29.72504],[-71.08741,-29.72563],[-71.088,-29.72634],[-71.08871,-29.72737],[-71.08933,-29.72841],[-71.09003,-29.72941],[-71.0908,-29.73027],[-71.09161,-29.73075],[-71.09236,-29.73129],[-71.09305,-29.73187],[-71.09331,-29.73237],[-71.09346,-29.73327],[-71.09323,-29.73387],[-71.09289,-29.7346],[-71.09265,-29.73546],[-71.09267,-29.73613],[-71.09289,-29.73673],[-71.09313,-29.7375],[-71.09315,-29.73835],[-71.09313,-29.73912],[-71.09289,-29.73994],[-71.09252,-29.74064],[-71.09216,-29.74128],[-71.09196,-29.74172],[-71.09177,-29.74226],[-71.09141,-29.74303],[-71.09102,-29.74337],[-71.09071,-29.74357],[-71.09041,-29.74411],[-71.09027,-29.74453],[-71.08998,-29.74505],[-71.08956,-29.74544],[-71.08891,-29.74584],[-71.08877,-29.74602],[-71.08859,-29.74621],[-71.08807,-29.74664],[-71.0876,-29.74688],[-71.08701,-29.74726],[-71.08653,-29.74767],[-71.08598,-29.74823],[-71.08584,-29.74871],[-71.08563,-29.74945],[-71.08536,-29.74991],[-71.08483,-29.7505],[-71.08427,-29.75131],[-71.08377,-29.7523],[-71.0836,-29.75304],[-71.08328,-29.75401],[-71.08295,-29.75478],[-71.08258,-29.75537],[-71.08185,-29.75645],[-71.08119,-29.7574],[-71.08068,-29.75848],[-71.08039,-29.75932],[-71.08042,-29.76049],[-71.08041,-29.76137],[-71.08056,-29.7629],[-71.08077,-29.76407],[-71.0808,-29.76522],[-71.0807,-29.76558],[-71.0806,-29.76611],[-71.08074,-29.76655],[-71.0812,-29.76709],[-71.08213,-29.76795],[-71.08391,-29.76934],[-71.08481,-29.7701],[-71.08632,-29.7709],[-71.0872,-29.77128],[-71.08761,-29.7713],[-71.08758,-29.7718],[-71.08751,-29.77281],[-71.08711,-29.7735],[-71.08676,-29.77425],[-71.0861,-29.77487],[-71.08508,-29.77573],[-71.08377,-29.77669],[-71.08226,-29.77768],[-71.08059,-29.77837],[-71.07841,-29.77936],[-71.07667,-29.78031],[-71.07462,-29.7816],[-71.07352,-29.78224],[-71.07285,-29.78266],[-71.07192,-29.78358],[-71.07186,-29.78402],[-71.07169,-29.78509],[-71.0721,-29.78629],[-71.07332,-29.78916],[-71.07601,-29.79351],[-71.07753,-29.79526],[-71.07908,-29.79642],[-71.08032,-29.79743],[-71.08119,-29.79838],[-71.08194,-29.79988],[-71.08214,-29.8012],[-71.08272,-29.80285],[-71.08468,-29.80537],[-71.0883,-29.81068],[-71.08891,-29.81145],[-71.08947,-29.81197],[-71.09009,-29.81233],[-71.09127,-29.81294],[-71.09213,-29.81387],[-71.09277,-29.81482],[-71.09359,-29.81589],[-71.09473,-29.81757],[-71.09584,-29.81896],[-71.0965,-29.82011],[-71.09737,-29.82155],[-71.09808,-29.8228],[-71.09891,-29.82426],[-71.09998,-29.82507],[-71.10061,-29.82567],[-71.10152,-29.82653],[-71.10246,-29.82723],[-71.10332,-29.8279],[-71.10417,-29.82883],[-71.10516,-29.82991],[-71.10563,-29.83053],[-71.10613,-29.83097],[-71.10672,-29.83148],[-71.10722,-29.83181],[-71.10808,-29.83245],[-71.10876,-29.83264],[-71.10926,-29.83299],[-71.10996,-29.83354],[-71.11073,-29.83447],[-71.11129,-29.835],[-71.11171,-29.83556],[-71.11224,-29.83631],[-71.11291,-29.83716],[-71.11322,-29.83739],[-71.11349,-29.83757]]]}},{"type":"Feature","id":"17R","properties":{"codigo":"17R","nombre":"EL CHACAY","area":"Rural","lon":-71.16435,"lat":-29.67663},"geometry":{"type":"Polygon","coordinates":[[[-71.10232,-29.61438],[-71.10198,-29.61524],[-71.10146,-29.61581],[-71.10106,-29.61591],[-71.10045,-29.61568],[-71.09936,-29.61527],[-71.09851,-29.61488],[-71.09728,-29.61395],[-71.09598,-29.61335],[-71.0944,-29.61317],[-71.09273,-29.61332],[-71.09181,-29.61351],[-71.09091,-29.61387],[-71.09026,-29.61445],[-71.08987,-29.61477],[-71.08941,-29.6153],[-71.08909,-29.61573],[-71.08827,-29.61605],[-71.08759,-29.61654],[-71.0871,-29.61659],[-71.08648,-29.61679],[-71.08597,-29.61711],[-71.08545,-29.6176],[-71.08537,-29.61785],[-71.08526,-29.6182],[-71.0853,-29.61851],[-71.08526,-29.61886],[-71.0851,-29.61916],[-71.08504,-29.61952],[-71.08505,-29.62019],[-71.08498,-29.62086],[-71.08464,-29.6214],[-71.08393,-29.62206],[-71.08318,-29.62247],[-71.08263,-29.62273],[-71.08036,-29.62367],[-71.07912,-29.62417],[-71.07858,-29.62456],[-71.07662,-29.62589],[-71.07517,-29.6263],[-71.07365,-29.62704],[-71.07246,-29.62767],[-71.0714,-29.62842],[-71.07052,-29.6291],[-71.06958,-29.62946],[-71.06831,-29.6295],[-71.06742,-29.6293],[-71.06664,-29.62905],[-71.06593,-29.62888],[-71.06545,-29.62886],[-71.06486,-29.62897],[-71.06425,-29.62929],[-71.0633,-29.63006],[-71.06276,-29.63075],[-71.06274,-29.63155],[-71.06238,-29.63258],[-71.06173,-29.63389],[-71.06124,-29.63461],[-71.06018,-29.63467],[-71.05952,-29.63425],[-71.05886,-29.63412],[-71.05776,-29.63417],[-71.05688,-29.63416],[-71.05575,-29.634],[-71.0549,-29.63377],[-71.05357,-29.63372],[-71.05289,-29.63358],[-71.05233,-29.63374],[-71.05206,-29.63391],[-71.05147,-29.63425],[-70.97073,-29.66313],[-71.00388,-29.66559],[-71.07335,-29.67209],[-71.08668,-29.6828],[-71.11517,-29.66919],[-71.11546,-29.67027],[-71.11578,-29.67055],[-71.11636,-29.67177],[-71.11715,-29.67258],[-71.11788,-29.67268],[-71.11869,-29.67262],[-71.11944,-29.67261],[-71.12014,-29.67267],[-71.12043,-29.67294],[-71.12103,-29.67399],[-71.1216,-29.67419],[-71.12216,-29.67462],[-71.12243,-29.67504],[-71.12314,-29.67548],[-71.12393,-29.67567],[-71.12437,-29.67586],[-71.12452,-29.67626],[-71.12489,-29.67656],[-71.12496,-29.67685],[-71.12498,-29.67716],[-71.12527,-29.67749],[-71.12578,-29.6776],[-71.12645,-29.67754],[-71.1272,-29.67754],[-71.1273,-29.67764],[-71.12848,-29.67785],[-71.12866,-29.67803],[-71.12939,-29.6783],[-71.1306,-29.67867],[-71.13096,-29.67886],[-71.13128,-29.67914],[-71.1315,-29.67945],[-71.13169,-29.67975],[-71.13193,-29.68131],[-71.13191,-29.68192],[-71.13167,-29.68235],[-71.13159,-29.68325],[-71.13196,-29.68533],[-71.13251,-29.68585],[-71.1332,-29.68641],[-71.13428,-29.68683],[-71.13507,-29.68713],[-71.13735,-29.68821],[-71.13809,-29.68817],[-71.13843,-29.68833],[-71.13881,-29.68882],[-71.13907,-29.68918],[-71.1391,-29.69129],[-71.13923,-29.69143],[-71.13949,-29.6916],[-71.13972,-29.69204],[-71.14012,-29.69228],[-71.14103,-29.69225],[-71.14182,-29.69192],[-71.14214,-29.69162],[-71.14262,-29.69144],[-71.14391,-29.69133],[-71.14485,-29.69141],[-71.14541,-29.69173],[-71.14595,-29.69189],[-71.14657,-29.69194],[-71.14734,-29.69192],[-71.14851,-29.69186],[-71.14973,-29.69161],[-71.15034,-29.69132],[-71.15084,-29.69115],[-71.15144,-29.69115],[-71.15219,-29.69092],[-71.15289,-29.69076],[-71.15462,-29.69065],[-71.15564,-29.69061],[-71.15631,-29.69042],[-71.15643,-29.69078],[-71.15638,-29.69146],[-71.15601,-29.69198],[-71.15582,-29.69229],[-71.15568,-29.69253],[-71.15549,-29.69288],[-71.15535,-29.69334],[-71.15515,-29.69426],[-71.15516,-29.69497],[-71.15539,-29.69561],[-71.15568,-29.69615],[-71.15578,-29.69665],[-71.15588,-29.69709],[-71.15604,-29.69743],[-71.15633,-29.69788],[-71.15658,-29.69804],[-71.15706,-29.69806],[-71.15738,-29.69806],[-71.15794,-29.69809],[-71.15829,-29.69825],[-71.15862,-29.69838],[-71.15875,-29.69888],[-71.1589,-29.6994],[-71.15912,-29.70006],[-71.15952,-29.70075],[-71.15974,-29.70103],[-71.15987,-29.70133],[-71.15983,-29.70161],[-71.1597,-29.70191],[-71.15973,-29.70217],[-71.1599,-29.70254],[-71.1599,-29.70261],[-71.15988,-29.70291],[-71.16001,-29.7033],[-71.16019,-29.70363],[-71.16041,-29.70416],[-71.16061,-29.70435],[-71.16095,-29.70448],[-71.16139,-29.70461],[-71.16165,-29.70477],[-71.16172,-29.7051],[-71.16203,-29.70542],[-71.16436,-29.70575],[-71.1649,-29.70582],[-71.16575,-29.70578],[-71.16686,-29.70586],[-71.16726,-29.70609],[-71.16746,-29.70644],[-71.16771,-29.70678],[-71.16831,-29.70713],[-71.16871,-29.70724],[-71.169,-29.7074],[-71.1691,-29.70759],[-71.16917,-29.70808],[-71.16935,-29.70825],[-71.16957,-29.70839],[-71.16988,-29.7085],[-71.17005,-29.70867],[-71.1702,-29.70899],[-71.17022,-29.70934],[-71.17017,-29.70987],[-71.17014,-29.71021],[-71.16999,-29.71038],[-71.16953,-29.71058],[-71.1692,-29.71065],[-71.16867,-29.71095],[-71.16821,-29.71117],[-71.16772,-29.71147],[-71.16745,-29.71168],[-71.16705,-29.7122],[-71.16673,-29.71278],[-71.16644,-29.71317],[-71.16643,-29.71356],[-71.16636,-29.71398],[-71.16613,-29.71424],[-71.16591,-29.7146],[-71.16577,-29.71501],[-71.1657,-29.71531],[-71.16575,-29.71577],[-71.166,-29.71586],[-71.16627,-29.71603],[-71.16641,-29.71634],[-71.16661,-29.71681],[-71.16661,-29.71729],[-71.16649,-29.71762],[-71.16633,-29.71794],[-71.16624,-29.71825],[-71.16622,-29.71867],[-71.16625,-29.71911],[-71.1664,-29.71946],[-71.16659,-29.71971],[-71.16696,-29.7199],[-71.16724,-29.72016],[-71.1675,-29.72048],[-71.16761,-29.72116],[-71.1676,-29.72146],[-71.16762,-29.72178],[-71.16759,-29.72234],[-71.16772,-29.72263],[-71.16787,-29.72286],[-71.16804,-29.72312],[-71.1681,-29.72334],[-71.16832,-29.7236],[-71.16862,-29.72373],[-71.16895,-29.72369],[-71.16943,-29.72371],[-71.16971,-29.72386],[-71.16989,-29.72393],[-71.17024,-29.72396],[-71.17048,-29.72407],[-71.17066,-29.72427],[-71.17077,-29.72445],[-71.17087,-29.72519],[-71.17083,-29.72554],[-71.17093,-29.72583],[-71.17111,-29.72606],[-71.1712,-29.72625],[-71.17139,-29.72643],[-71.17165,-29.72695],[-71.17179,-29.72721],[-71.17205,-29.72736],[-71.17228,-29.7275],[-71.17244,-29.7277],[-71.17248,-29.72794],[-71.1724,-29.72815],[-71.17229,-29.72825],[-71.17214,-29.72849],[-71.17194,-29.72882],[-71.17186,-29.72914],[-71.1719,-29.72948],[-71.17199,-29.72971],[-71.17195,-29.72989],[-71.17187,-29.73006],[-71.17186,-29.73031],[-71.17195,-29.7305],[-71.17213,-29.73066],[-71.17229,-29.73105],[-71.17228,-29.73189],[-71.17221,-29.73283],[-71.17206,-29.7333],[-71.17197,-29.73361],[-71.17198,-29.73387],[-71.17204,-29.73409],[-71.17222,-29.73418],[-71.17241,-29.73444],[-71.17256,-29.73474],[-71.17264,-29.73517],[-71.17256,-29.73555],[-71.17242,-29.73594],[-71.17235,-29.73637],[-71.17222,-29.73674],[-71.17212,-29.73695],[-71.17208,-29.73727],[-71.17196,-29.73745],[-71.1719,-29.73758],[-71.17187,-29.73786],[-71.17199,-29.73795],[-71.17223,-29.73801],[-71.17238,-29.7381],[-71.17254,-29.7383],[-71.17272,-29.73863],[-71.17288,-29.73907],[-71.17306,-29.73937],[-71.17336,-29.73966],[-71.17369,-29.73988],[-71.17391,-29.74005],[-71.17423,-29.74019],[-71.17465,-29.74038],[-71.17499,-29.74047],[-71.17513,-29.74057],[-71.17536,-29.74071],[-71.17586,-29.74085],[-71.17619,-29.74088],[-71.17652,-29.74086],[-71.17906,-29.72593],[-71.17766,-29.70991],[-71.18412,-29.696],[-71.19735,-29.68589],[-71.19875,-29.68414],[-71.19889,-29.68369],[-71.19915,-29.68286],[-71.1992,-29.68266],[-71.19935,-29.68239],[-71.19957,-29.68201],[-71.19972,-29.68152],[-71.19982,-29.68114],[-71.20009,-29.6808],[-71.20064,-29.68059],[-71.2011,-29.68035],[-71.20144,-29.67986],[-71.20208,-29.67942],[-71.20252,-29.67911],[-71.20309,-29.67834],[-71.20324,-29.6781],[-71.20347,-29.67767],[-71.20361,-29.6771],[-71.20374,-29.6767],[-71.20418,-29.67618],[-71.20455,-29.67587],[-71.20479,-29.67548],[-71.20472,-29.67488],[-71.2043,-29.67421],[-71.20407,-29.67366],[-71.20406,-29.67296],[-71.20434,-29.67241],[-71.20465,-29.67202],[-71.20519,-29.67174],[-71.20572,-29.6714],[-71.20592,-29.67107],[-71.20583,-29.67055],[-71.2058,-29.66971],[-71.20602,-29.66915],[-71.20629,-29.66866],[-71.20702,-29.66813],[-71.20732,-29.6679],[-71.20738,-29.66753],[-71.20731,-29.66711],[-71.20725,-29.66679],[-71.20733,-29.66645],[-71.20762,-29.66612],[-71.20802,-29.66591],[-71.20859,-29.66559],[-71.20912,-29.66537],[-71.2095,-29.66501],[-71.20952,-29.66453],[-71.20985,-29.66396],[-71.21023,-29.66351],[-71.21024,-29.66311],[-71.20996,-29.66275],[-71.20971,-29.66234],[-71.20966,-29.66199],[-71.20931,-29.66137],[-71.20888,-29.66072],[-71.20842,-29.66002],[-71.20784,-29.65957],[-71.2075,-29.65898],[-71.20725,-29.65803],[-71.20724,-29.65751],[-71.20732,-29.6571],[-71.20761,-29.65638],[-71.20792,-29.65592],[-71.20848,-29.6553],[-71.20912,-29.65478],[-71.2098,-29.65422],[-71.21071,-29.65373],[-71.2114,-29.65335],[-71.21213,-29.65294],[-71.21284,-29.65254],[-71.21334,-29.65212],[-71.21337,-29.65209],[-71.2122,-29.6522],[-71.20945,-29.65304],[-71.20561,-29.65494],[-71.20434,-29.65578],[-71.20216,-29.65632],[-71.19961,-29.65603],[-71.19833,-29.65504],[-71.19545,-29.65411],[-71.1936,-29.6532],[-71.19252,-29.65322],[-71.19117,-29.65431],[-71.19014,-29.6546],[-71.18811,-29.65437],[-71.18747,-29.65405],[-71.18539,-29.65258],[-71.1837,-29.65057],[-71.18197,-29.64638],[-71.18136,-29.64578],[-71.17932,-29.64463],[-71.17718,-29.64268],[-71.17385,-29.64143],[-71.17218,-29.64036],[-71.169,-29.64047],[-71.16718,-29.63939],[-71.16625,-29.63827],[-71.16603,-29.63565],[-71.1658,-29.63498],[-71.16453,-29.63229],[-71.16347,-29.63085],[-71.16091,-29.6297],[-71.15414,-29.63018],[-71.15369,-29.63006],[-71.15315,-29.62958],[-71.15229,-29.62769],[-71.15134,-29.62674],[-71.14858,-29.62645],[-71.14561,-29.62542],[-71.14536,-29.62521],[-71.14551,-29.6244],[-71.14727,-29.62191],[-71.1473,-29.62092],[-71.14574,-29.61935],[-71.14312,-29.61747],[-71.14149,-29.61664],[-71.14011,-29.61533],[-71.13861,-29.61501],[-71.13718,-29.61501],[-71.13184,-29.61533],[-71.12979,-29.61481],[-71.12848,-29.61408],[-71.12689,-29.6137],[-71.12529,-29.61245],[-71.12398,-29.61271],[-71.12286,-29.61402],[-71.1219,-29.61479],[-71.11794,-29.61593],[-71.11607,-29.61584],[-71.11433,-29.61545],[-71.11094,-29.61347],[-71.10842,-29.61309],[-71.1074,-29.61322],[-71.10532,-29.61398],[-71.10232,-29.61438]]]}},{"type":"Feature","id":"18R","properties":{"codigo":"18R","nombre":"AGUA GRANDE","area":"Rural","lon":-70.99459,"lat":-29.75915},"geometry":{"type":"Polygon","coordinates":[[[-70.96665,-29.84981],[-70.96732,-29.85015],[-70.9682,-29.85076],[-70.96914,-29.85115],[-70.96981,-29.85147],[-70.97073,-29.85184],[-70.97137,-29.85206],[-70.97196,-29.85216],[-70.97284,-29.85215],[-70.97369,-29.85212],[-70.97434,-29.85172],[-70.97525,-29.85149],[-70.97602,-29.85133],[-70.97699,-29.85111],[-70.97745,-29.85127],[-70.97791,-29.85155],[-70.97881,-29.85192],[-70.97984,-29.8521],[-70.98035,-29.85209],[-70.98098,-29.85195],[-70.98146,-29.85207],[-70.98258,-29.85221],[-70.98302,-29.85267],[-70.98343,-29.85307],[-70.98405,-29.8539],[-70.98432,-29.85422],[-70.98474,-29.85476],[-70.98516,-29.85496],[-70.98607,-29.85507],[-70.98685,-29.85504],[-70.98743,-29.85486],[-70.98806,-29.85432],[-70.98862,-29.85376],[-70.98926,-29.85347],[-70.99036,-29.85317],[-70.99109,-29.85266],[-70.99181,-29.85231],[-70.99221,-29.85209],[-70.99279,-29.85163],[-70.99317,-29.85125],[-70.99353,-29.85107],[-70.99437,-29.85104],[-70.99504,-29.85111],[-70.9955,-29.85121],[-70.99585,-29.85136],[-70.99623,-29.85112],[-70.99692,-29.85079],[-70.99754,-29.85086],[-70.99797,-29.85095],[-70.99844,-29.85085],[-70.99887,-29.85079],[-70.99931,-29.85101],[-71.00021,-29.85126],[-71.00079,-29.85147],[-71.0016,-29.85122],[-71.00214,-29.85111],[-71.00253,-29.85119],[-71.00292,-29.85122],[-71.00326,-29.8511],[-71.00384,-29.85076],[-71.00408,-29.85044],[-71.00435,-29.84989],[-71.00476,-29.84947],[-71.00522,-29.84935],[-71.00627,-29.84955],[-71.00721,-29.8497],[-71.00821,-29.84959],[-71.00887,-29.84939],[-71.00996,-29.84907],[-71.01064,-29.84874],[-71.0111,-29.84847],[-71.01162,-29.84811],[-71.01251,-29.84762],[-71.01312,-29.8475],[-71.01428,-29.84735],[-71.01579,-29.84699],[-71.01644,-29.84694],[-71.01701,-29.84691],[-71.01761,-29.84672],[-71.01818,-29.84658],[-71.01879,-29.84664],[-71.01933,-29.8467],[-71.02005,-29.84631],[-71.02083,-29.8459],[-71.02154,-29.84559],[-71.02255,-29.84503],[-71.02317,-29.84467],[-71.02388,-29.84438],[-71.02433,-29.84425],[-71.02471,-29.84389],[-71.02508,-29.8433],[-71.02554,-29.8429],[-71.02601,-29.84276],[-71.02669,-29.84275],[-71.02705,-29.84281],[-71.02761,-29.8428],[-71.02819,-29.84267],[-71.0287,-29.84296],[-71.02909,-29.84324],[-71.02946,-29.84347],[-71.0302,-29.8438],[-71.0309,-29.84411],[-71.03149,-29.84423],[-71.03251,-29.84409],[-71.03337,-29.84383],[-71.03494,-29.84313],[-71.0353,-29.84294],[-71.03569,-29.84291],[-71.03615,-29.84322],[-71.03648,-29.84346],[-71.03728,-29.84335],[-71.03783,-29.84322],[-71.03933,-29.84302],[-71.04059,-29.84314],[-71.04141,-29.84324],[-71.04214,-29.84353],[-71.04272,-29.84371],[-71.04356,-29.84378],[-71.04413,-29.84373],[-71.04479,-29.84414],[-71.04515,-29.84469],[-71.04572,-29.84503],[-71.04631,-29.84536],[-71.04684,-29.84536],[-71.04726,-29.84489],[-71.04786,-29.84436],[-71.04855,-29.84369],[-71.0491,-29.84309],[-71.04938,-29.84263],[-71.04998,-29.84165],[-71.0501,-29.84134],[-71.05004,-29.84084],[-71.04998,-29.84025],[-71.05006,-29.83996],[-71.05034,-29.83967],[-71.05066,-29.83943],[-71.05166,-29.83883],[-71.05249,-29.83847],[-71.05335,-29.83821],[-71.05383,-29.83813],[-71.0542,-29.83824],[-71.05536,-29.83896],[-71.0564,-29.83965],[-71.05706,-29.84015],[-71.05799,-29.84058],[-71.0586,-29.84066],[-71.05889,-29.84066],[-71.05926,-29.84067],[-71.06018,-29.841],[-71.06072,-29.841],[-71.06164,-29.84082],[-71.06234,-29.84062],[-71.0632,-29.84053],[-71.06418,-29.84054],[-71.06494,-29.84069],[-71.06565,-29.84076],[-71.06626,-29.84096],[-71.06667,-29.84127],[-71.06679,-29.84164],[-71.06713,-29.84209],[-71.0678,-29.8426],[-71.06855,-29.84308],[-71.06903,-29.84349],[-71.06964,-29.8438],[-71.06991,-29.84409],[-71.07047,-29.84444],[-71.07074,-29.84455],[-71.07137,-29.84457],[-71.07197,-29.84453],[-71.07243,-29.84451],[-71.07291,-29.84468],[-71.07333,-29.84489],[-71.07396,-29.8449],[-71.07499,-29.84485],[-71.07571,-29.84471],[-71.07616,-29.84462],[-71.07672,-29.84464],[-71.07714,-29.84476],[-71.07764,-29.84482],[-71.07803,-29.84484],[-71.07839,-29.84495],[-71.07879,-29.84497],[-71.07957,-29.84508],[-71.08005,-29.84514],[-71.08052,-29.8451],[-71.081,-29.84486],[-71.08149,-29.84457],[-71.08176,-29.84448],[-71.08205,-29.84449],[-71.08244,-29.84461],[-71.08275,-29.84466],[-71.08305,-29.84456],[-71.0833,-29.84444],[-71.08371,-29.84417],[-71.08392,-29.84408],[-71.0845,-29.84383],[-71.08498,-29.8436],[-71.08574,-29.84341],[-71.08618,-29.84335],[-71.08677,-29.8432],[-71.08741,-29.84301],[-71.0881,-29.84274],[-71.08877,-29.84241],[-71.08934,-29.84218],[-71.08973,-29.84194],[-71.09021,-29.8416],[-71.09049,-29.84129],[-71.09086,-29.84099],[-71.09117,-29.8406],[-71.09148,-29.84023],[-71.09178,-29.83993],[-71.09211,-29.83964],[-71.09248,-29.83936],[-71.09303,-29.83896],[-71.09361,-29.83846],[-71.09413,-29.83815],[-71.09483,-29.8376],[-71.09537,-29.83722],[-71.09598,-29.83667],[-71.09678,-29.83609],[-71.09741,-29.83556],[-71.0979,-29.83519],[-71.09818,-29.83503],[-71.09858,-29.8347],[-71.09929,-29.83431],[-71.09984,-29.83403],[-71.10074,-29.83345],[-71.10137,-29.83299],[-71.10229,-29.83237],[-71.10284,-29.83187],[-71.10377,-29.83104],[-71.10516,-29.82991],[-71.10417,-29.82883],[-71.10332,-29.8279],[-71.10246,-29.82723],[-71.10152,-29.82653],[-71.10061,-29.82567],[-71.09998,-29.82507],[-71.09891,-29.82426],[-71.09808,-29.8228],[-71.09737,-29.82155],[-71.0965,-29.82011],[-71.09584,-29.81896],[-71.09473,-29.81757],[-71.09359,-29.81589],[-71.09277,-29.81482],[-71.09213,-29.81387],[-71.09127,-29.81294],[-71.09009,-29.81233],[-71.08947,-29.81197],[-71.08891,-29.81145],[-71.0883,-29.81068],[-71.08468,-29.80537],[-71.08272,-29.80285],[-71.08214,-29.8012],[-71.08194,-29.79988],[-71.08119,-29.79838],[-71.08032,-29.79743],[-71.07908,-29.79642],[-71.07753,-29.79526],[-71.07601,-29.79351],[-71.07332,-29.78916],[-71.0721,-29.78629],[-71.07169,-29.78509],[-71.07186,-29.78402],[-71.07192,-29.78358],[-71.07285,-29.78266],[-71.07352,-29.78224],[-71.07462,-29.7816],[-71.07667,-29.78031],[-71.07841,-29.77936],[-71.08059,-29.77837],[-71.08226,-29.77768],[-71.08377,-29.77669],[-71.08508,-29.77573],[-71.0861,-29.77487],[-71.08676,-29.77425],[-71.08711,-29.7735],[-71.08751,-29.77281],[-71.08758,-29.7718],[-71.08761,-29.7713],[-71.0872,-29.77128],[-71.08632,-29.7709],[-71.08481,-29.7701],[-71.08391,-29.76934],[-71.08213,-29.76795],[-71.0812,-29.76709],[-71.08074,-29.76655],[-71.0806,-29.76611],[-71.0807,-29.76558],[-71.0808,-29.76522],[-71.08077,-29.76407],[-71.08056,-29.7629],[-71.08041,-29.76137],[-71.08042,-29.76049],[-71.08039,-29.75932],[-71.08068,-29.75848],[-71.08119,-29.7574],[-71.08185,-29.75645],[-71.08258,-29.75537],[-71.08295,-29.75478],[-71.08328,-29.75401],[-71.0836,-29.75304],[-71.08377,-29.7523],[-71.08427,-29.75131],[-71.08483,-29.7505],[-71.08536,-29.74991],[-71.08563,-29.74945],[-71.08584,-29.74871],[-71.08598,-29.74823],[-71.08653,-29.74767],[-71.08701,-29.74726],[-71.0876,-29.74688],[-71.08807,-29.74664],[-71.08859,-29.74621],[-71.08877,-29.74602],[-71.08891,-29.74584],[-71.08956,-29.74544],[-71.08998,-29.74505],[-71.09027,-29.74453],[-71.09041,-29.74411],[-71.09071,-29.74357],[-71.09102,-29.74337],[-71.09141,-29.74303],[-71.09177,-29.74226],[-71.09196,-29.74172],[-71.09216,-29.74128],[-71.09252,-29.74064],[-71.09289,-29.73994],[-71.09313,-29.73912],[-71.09315,-29.73835],[-71.09313,-29.7375],[-71.09289,-29.73673],[-71.09267,-29.73613],[-71.09265,-29.73546],[-71.09289,-29.7346],[-71.09323,-29.73387],[-71.09346,-29.73327],[-71.09331,-29.73237],[-71.09305,-29.73187],[-71.09236,-29.73129],[-71.09161,-29.73075],[-71.0908,-29.73027],[-71.09003,-29.72941],[-71.08933,-29.72841],[-71.08871,-29.72737],[-71.088,-29.72634],[-71.08741,-29.72563],[-71.08689,-29.72504],[-71.08669,-29.72445],[-71.08671,-29.72391],[-71.08679,-29.7235],[-71.08675,-29.72321],[-71.08655,-29.72276],[-71.08612,-29.72219],[-71.08511,-29.72108],[-71.08423,-29.72009],[-71.08345,-29.71941],[-71.08262,-29.71874],[-71.08203,-29.7182],[-71.08139,-29.71753],[-71.08107,-29.71692],[-71.08069,-29.71637],[-71.0802,-29.71568],[-71.07994,-29.71519],[-71.07984,-29.71478],[-71.07987,-29.71404],[-71.07987,-29.71319],[-71.07958,-29.7126],[-71.07939,-29.71213],[-71.07922,-29.71185],[-71.07957,-29.71152],[-71.0801,-29.71106],[-71.08051,-29.71078],[-71.08076,-29.7104],[-71.08093,-29.70977],[-71.08093,-29.7093],[-71.0808,-29.70882],[-71.08071,-29.70828],[-71.08072,-29.70767],[-71.08099,-29.70709],[-71.0813,-29.70663],[-71.08164,-29.70631],[-71.08205,-29.70589],[-71.08225,-29.70515],[-71.08198,-29.70434],[-71.08131,-29.70354],[-71.08059,-29.70265],[-71.08005,-29.70196],[-71.07949,-29.7013],[-71.07898,-29.70022],[-71.07879,-29.69938],[-71.07869,-29.69834],[-71.07874,-29.69764],[-71.07889,-29.69709],[-71.079,-29.69614],[-71.07884,-29.69539],[-71.07882,-29.69487],[-71.0789,-29.69429],[-71.07915,-29.6937],[-71.07947,-29.69311],[-71.07985,-29.69233],[-71.08011,-29.69163],[-71.08009,-29.69107],[-71.08019,-29.68997],[-71.0802,-29.68885],[-71.08008,-29.68797],[-71.07983,-29.68725],[-71.07961,-29.68674],[-71.07961,-29.68661],[-71.0805,-29.68617],[-71.0813,-29.68579],[-71.08192,-29.68553],[-71.08261,-29.68515],[-71.08314,-29.68484],[-71.08364,-29.68459],[-71.0842,-29.68432],[-71.08473,-29.68411],[-71.08521,-29.6839],[-71.08589,-29.68351],[-71.08633,-29.68315],[-71.08668,-29.6828],[-71.07335,-29.67209],[-71.00388,-29.66559],[-70.97073,-29.66313],[-70.9245,-29.66528],[-70.92424,-29.66603],[-70.92377,-29.66732],[-70.92344,-29.6681],[-70.92314,-29.66842],[-70.92304,-29.66883],[-70.92308,-29.66922],[-70.92321,-29.66956],[-70.92327,-29.67002],[-70.92309,-29.67062],[-70.92277,-29.6715],[-70.92248,-29.67253],[-70.92254,-29.67311],[-70.92262,-29.67336],[-70.9228,-29.67401],[-70.92276,-29.6745],[-70.92241,-29.67536],[-70.92216,-29.67611],[-70.92205,-29.67688],[-70.92225,-29.6777],[-70.92246,-29.67812],[-70.92309,-29.67893],[-70.92411,-29.67948],[-70.92539,-29.68033],[-70.92601,-29.68121],[-70.92655,-29.68207],[-70.92692,-29.68286],[-70.92682,-29.68365],[-70.92679,-29.68447],[-70.92684,-29.68631],[-70.92669,-29.68752],[-70.92643,-29.68854],[-70.92636,-29.689],[-70.92668,-29.69145],[-70.92685,-29.69163],[-70.92695,-29.69185],[-70.92695,-29.69218],[-70.92664,-29.69245],[-70.92637,-29.69269],[-70.92547,-29.69337],[-70.92515,-29.69396],[-70.92519,-29.69477],[-70.92511,-29.69524],[-70.92496,-29.69593],[-70.92544,-29.69674],[-70.92599,-29.69755],[-70.9264,-29.69847],[-70.92681,-29.69896],[-70.92695,-29.69927],[-70.92703,-29.69972],[-70.92687,-29.70017],[-70.92653,-29.70056],[-70.92615,-29.70093],[-70.92585,-29.70166],[-70.92595,-29.70183],[-70.92598,-29.70212],[-70.92586,-29.70234],[-70.92573,-29.70255],[-70.92576,-29.7032],[-70.92588,-29.70355],[-70.92605,-29.70383],[-70.92611,-29.70417],[-70.92593,-29.70467],[-70.92567,-29.70509],[-70.9255,-29.70541],[-70.92547,-29.70586],[-70.92558,-29.70624],[-70.92561,-29.70647],[-70.92553,-29.70717],[-70.92548,-29.70761],[-70.92553,-29.70811],[-70.92543,-29.7085],[-70.92534,-29.70884],[-70.92538,-29.70917],[-70.92546,-29.70935],[-70.92541,-29.71011],[-70.92541,-29.71082],[-70.92521,-29.71118],[-70.92508,-29.71146],[-70.92505,-29.71191],[-70.92497,-29.71232],[-70.92476,-29.71258],[-70.9245,-29.71308],[-70.92432,-29.71345],[-70.92433,-29.71371],[-70.92477,-29.71395],[-70.92595,-29.71418],[-70.92634,-29.71442],[-70.92663,-29.71474],[-70.92684,-29.71533],[-70.92681,-29.71594],[-70.92677,-29.71669],[-70.92652,-29.71731],[-70.92648,-29.71777],[-70.92638,-29.71837],[-70.92659,-29.71862],[-70.92697,-29.71873],[-70.92725,-29.71879],[-70.92744,-29.71915],[-70.92715,-29.71988],[-70.92601,-29.72089],[-70.92529,-29.72131],[-70.92472,-29.7216],[-70.92418,-29.72201],[-70.92379,-29.72255],[-70.9237,-29.72307],[-70.92368,-29.72406],[-70.9238,-29.72496],[-70.92396,-29.72551],[-70.92434,-29.72575],[-70.92464,-29.72595],[-70.92496,-29.72633],[-70.92511,-29.72665],[-70.92515,-29.72718],[-70.92543,-29.72749],[-70.92595,-29.72749],[-70.92623,-29.72781],[-70.92632,-29.72855],[-70.92649,-29.72924],[-70.92638,-29.73011],[-70.92622,-29.73074],[-70.92608,-29.73112],[-70.9261,-29.73171],[-70.92629,-29.73206],[-70.9265,-29.73248],[-70.92639,-29.73275],[-70.92621,-29.73297],[-70.92608,-29.73317],[-70.92564,-29.73375],[-70.92475,-29.73509],[-70.92435,-29.73536],[-70.9241,-29.73536],[-70.92388,-29.73524],[-70.92353,-29.73527],[-70.92318,-29.73541],[-70.92247,-29.73559],[-70.92206,-29.73553],[-70.92162,-29.73542],[-70.92134,-29.73549],[-70.92103,-29.73565],[-70.92069,-29.73576],[-70.92028,-29.73606],[-70.92012,-29.73661],[-70.92017,-29.73725],[-70.92,-29.73763],[-70.91972,-29.73832],[-70.91956,-29.73858],[-70.91938,-29.73886],[-70.91958,-29.73914],[-70.9197,-29.73955],[-70.91966,-29.73987],[-70.91907,-29.74017],[-70.9185,-29.74054],[-70.91813,-29.7408],[-70.9179,-29.74117],[-70.91804,-29.74155],[-70.91821,-29.74214],[-70.91842,-29.74312],[-70.91844,-29.74365],[-70.9183,-29.74454],[-70.91804,-29.74509],[-70.918,-29.74561],[-70.91805,-29.74599],[-70.91784,-29.74651],[-70.91768,-29.74692],[-70.91769,-29.748],[-70.91784,-29.74868],[-70.91833,-29.74911],[-70.9189,-29.74961],[-70.91918,-29.74995],[-70.91921,-29.7504],[-70.91897,-29.75108],[-70.91846,-29.75149],[-70.91822,-29.75158],[-70.91742,-29.75239],[-70.91702,-29.75289],[-70.91654,-29.75338],[-70.91638,-29.75376],[-70.91639,-29.75428],[-70.91626,-29.75462],[-70.91605,-29.75497],[-70.91594,-29.75525],[-70.91576,-29.75564],[-70.91569,-29.75602],[-70.91551,-29.75649],[-70.9152,-29.75681],[-70.91472,-29.75706],[-70.91421,-29.75721],[-70.91326,-29.75733],[-70.91241,-29.7573],[-70.91168,-29.75733],[-70.911,-29.7576],[-70.91061,-29.75785],[-70.91017,-29.75804],[-70.90916,-29.75858],[-70.90873,-29.75899],[-70.90872,-29.75964],[-70.90882,-29.76018],[-70.90885,-29.76053],[-70.90874,-29.76097],[-70.90858,-29.76143],[-70.90832,-29.76183],[-70.90771,-29.76202],[-70.90711,-29.76204],[-70.90648,-29.7621],[-70.90573,-29.76222],[-70.90468,-29.76271],[-70.90407,-29.76326],[-70.90371,-29.76381],[-70.90355,-29.76438],[-70.90339,-29.76501],[-70.90328,-29.76568],[-70.90306,-29.76595],[-70.90273,-29.76624],[-70.90244,-29.76665],[-70.90244,-29.76694],[-70.90254,-29.7672],[-70.90277,-29.76748],[-70.9029,-29.7677],[-70.90293,-29.76811],[-70.90275,-29.76852],[-70.90267,-29.76884],[-70.90287,-29.76931],[-70.90339,-29.76948],[-70.90379,-29.7693],[-70.90425,-29.76926],[-70.90442,-29.76943],[-70.90427,-29.76968],[-70.90401,-29.76994],[-70.90381,-29.77024],[-70.90366,-29.77059],[-70.90365,-29.77088],[-70.9037,-29.77141],[-70.90349,-29.77206],[-70.90257,-29.77297],[-70.90237,-29.77337],[-70.90246,-29.77401],[-70.90245,-29.7744],[-70.90221,-29.77461],[-70.90195,-29.77497],[-70.902,-29.77536],[-70.90217,-29.77569],[-70.90225,-29.77607],[-70.90225,-29.77629],[-70.90223,-29.77725],[-70.90198,-29.77778],[-70.90194,-29.77808],[-70.90198,-29.77837],[-70.90182,-29.77899],[-70.90184,-29.77935],[-70.90193,-29.77945],[-70.90199,-29.77975],[-70.90201,-29.78033],[-70.9019,-29.78065],[-70.90172,-29.78095],[-70.90124,-29.78111],[-70.90075,-29.78097],[-70.90042,-29.78068],[-70.89995,-29.78047],[-70.89948,-29.78038],[-70.89903,-29.78005],[-70.89849,-29.77998],[-70.89794,-29.78004],[-70.89745,-29.78009],[-70.89711,-29.78007],[-70.89654,-29.77996],[-70.896,-29.77982],[-70.89553,-29.77975],[-70.89506,-29.77968],[-70.89482,-29.77955],[-70.89466,-29.77942],[-70.89448,-29.77949],[-70.89426,-29.77954],[-70.89391,-29.77955],[-70.89364,-29.7795],[-70.89342,-29.77963],[-70.89326,-29.78004],[-70.89304,-29.78033],[-70.89265,-29.78093],[-70.892,-29.78147],[-70.89121,-29.78194],[-70.89017,-29.78224],[-70.88853,-29.78252],[-70.88678,-29.78262],[-70.88555,-29.78256],[-70.88415,-29.78241],[-70.88305,-29.78241],[-70.8818,-29.78237],[-70.87981,-29.7822],[-70.87875,-29.78229],[-70.87741,-29.78273],[-70.8769,-29.78302],[-70.87638,-29.78343],[-70.87563,-29.78387],[-70.87549,-29.78599],[-70.87587,-29.78694],[-70.87706,-29.78789],[-70.87835,-29.79109],[-70.87892,-29.79181],[-70.87988,-29.792],[-70.88446,-29.79219],[-70.88555,-29.79281],[-70.88655,-29.79372],[-70.88827,-29.79586],[-70.88975,-29.79944],[-70.88999,-29.8012],[-70.88985,-29.80431],[-70.89004,-29.80578],[-70.89023,-29.80712],[-70.89123,-29.8107],[-70.89185,-29.81194],[-70.8929,-29.81294],[-70.89567,-29.81366],[-70.89686,-29.81494],[-70.89724,-29.81599],[-70.89719,-29.81795],[-70.89753,-29.81919],[-70.89867,-29.82115],[-70.89891,-29.82291],[-70.89924,-29.82372],[-70.90063,-29.82553],[-70.90125,-29.82697],[-70.90134,-29.82806],[-70.89996,-29.8314],[-70.90015,-29.8325],[-70.9011,-29.83381],[-70.90213,-29.83407],[-70.90802,-29.83737],[-70.91088,-29.83827],[-70.91236,-29.83899],[-70.91332,-29.83918],[-70.91408,-29.83985],[-70.91455,-29.84072],[-70.91575,-29.84171],[-70.91661,-29.84209],[-70.91771,-29.84233],[-70.92019,-29.8418],[-70.92329,-29.84037],[-70.92448,-29.84037],[-70.9272,-29.84128],[-70.92887,-29.84152],[-70.93154,-29.84247],[-70.93364,-29.84257],[-70.93722,-29.8419],[-70.93851,-29.84195],[-70.93951,-29.84218],[-70.94046,-29.84271],[-70.94123,-29.84366],[-70.94213,-29.84438],[-70.94476,-29.84567],[-70.95344,-29.84758],[-70.95439,-29.84743],[-70.95716,-29.846],[-70.95826,-29.84576],[-70.95907,-29.84581],[-70.9594,-29.84614],[-70.96212,-29.84686],[-70.96255,-29.84743],[-70.9635,-29.848],[-70.96446,-29.84815],[-70.96598,-29.84882],[-70.96665,-29.84981]]]}},{"type":"Feature","id":"19R","properties":{"codigo":"19R","nombre":"ALMIRANTE LATORRE","area":"Rural","lon":-70.91797,"lat":-29.60086},"geometry":{"type":"Polygon","coordinates":[[[-70.81602,-29.59865],[-70.8229,-29.59933],[-70.82315,-29.59942],[-70.82409,-29.59936],[-70.82458,-29.59913],[-70.82538,-29.59873],[-70.82621,-29.59883],[-70.82734,-29.59963],[-70.82771,-29.60018],[-70.82794,-29.60094],[-70.82797,-29.60189],[-70.82818,-29.60223],[-70.8284,-29.60259],[-70.82872,-29.60322],[-70.82899,-29.60377],[-70.82923,-29.60424],[-70.82915,-29.60486],[-70.82846,-29.60522],[-70.82807,-29.60582],[-70.82855,-29.60565],[-70.82902,-29.60556],[-70.82962,-29.6055],[-70.83064,-29.6053],[-70.83113,-29.60516],[-70.83181,-29.60504],[-70.83263,-29.60496],[-70.83324,-29.60479],[-70.83365,-29.60454],[-70.83426,-29.60406],[-70.83491,-29.60386],[-70.83542,-29.60392],[-70.83603,-29.60375],[-70.83635,-29.60345],[-70.83669,-29.6028],[-70.83719,-29.60221],[-70.83819,-29.60156],[-70.83862,-29.60145],[-70.83903,-29.60131],[-70.83938,-29.6011],[-70.83965,-29.60081],[-70.84034,-29.60021],[-70.84095,-29.59972],[-70.84156,-29.59961],[-70.84218,-29.59981],[-70.84268,-29.60007],[-70.84326,-29.60021],[-70.84401,-29.60015],[-70.84487,-29.59984],[-70.84499,-29.60016],[-70.8455,-29.60053],[-70.84602,-29.6009],[-70.84615,-29.60161],[-70.84621,-29.60213],[-70.84635,-29.60277],[-70.84707,-29.60336],[-70.84733,-29.60397],[-70.84739,-29.60436],[-70.84754,-29.60479],[-70.84779,-29.60507],[-70.84811,-29.60535],[-70.84856,-29.60586],[-70.84938,-29.60681],[-70.85044,-29.60776],[-70.85117,-29.6084],[-70.85168,-29.6091],[-70.85236,-29.60971],[-70.85377,-29.61024],[-70.85458,-29.6104],[-70.85536,-29.61076],[-70.85649,-29.61107],[-70.85728,-29.6113],[-70.85811,-29.61172],[-70.85888,-29.61246],[-70.85951,-29.61332],[-70.85996,-29.61419],[-70.86,-29.61473],[-70.86009,-29.61517],[-70.86016,-29.6156],[-70.86019,-29.61606],[-70.86027,-29.61657],[-70.86049,-29.61718],[-70.86067,-29.61758],[-70.8607,-29.61815],[-70.86047,-29.61845],[-70.86029,-29.61865],[-70.86024,-29.61958],[-70.86025,-29.62061],[-70.86025,-29.62171],[-70.86055,-29.62272],[-70.86092,-29.62354],[-70.86119,-29.62379],[-70.8616,-29.62429],[-70.86192,-29.62486],[-70.8623,-29.62552],[-70.86266,-29.62593],[-70.86316,-29.62611],[-70.86378,-29.62606],[-70.86408,-29.6259],[-70.86442,-29.62557],[-70.865,-29.62536],[-70.86524,-29.62561],[-70.86543,-29.62624],[-70.86533,-29.6268],[-70.86528,-29.62723],[-70.86551,-29.6277],[-70.86671,-29.62884],[-70.86841,-29.63081],[-70.87035,-29.63219],[-70.87114,-29.63301],[-70.87187,-29.63419],[-70.87306,-29.63501],[-70.87382,-29.6357],[-70.8744,-29.63577],[-70.87492,-29.63523],[-70.87565,-29.63454],[-70.87633,-29.63456],[-70.87661,-29.6349],[-70.8774,-29.63549],[-70.87839,-29.63607],[-70.87934,-29.63686],[-70.87945,-29.63789],[-70.8786,-29.63903],[-70.87803,-29.63958],[-70.87758,-29.64059],[-70.87738,-29.64116],[-70.87742,-29.64194],[-70.87747,-29.64264],[-70.87742,-29.64353],[-70.87731,-29.64418],[-70.87731,-29.64503],[-70.87826,-29.64543],[-70.87855,-29.64548],[-70.87905,-29.64554],[-70.87982,-29.64568],[-70.88045,-29.64617],[-70.88082,-29.64617],[-70.8816,-29.64635],[-70.88245,-29.64644],[-70.88315,-29.64663],[-70.88364,-29.64709],[-70.88397,-29.6477],[-70.88418,-29.64806],[-70.88459,-29.6485],[-70.88555,-29.64879],[-70.88623,-29.64946],[-70.88695,-29.64989],[-70.88756,-29.65044],[-70.88814,-29.65111],[-70.88899,-29.65148],[-70.88964,-29.65171],[-70.89059,-29.65222],[-70.8913,-29.65356],[-70.89164,-29.65446],[-70.89186,-29.65492],[-70.89204,-29.65537],[-70.89249,-29.65606],[-70.89313,-29.6566],[-70.89383,-29.65682],[-70.89437,-29.65691],[-70.89489,-29.65755],[-70.8964,-29.65789],[-70.89699,-29.65824],[-70.89778,-29.6585],[-70.89852,-29.65882],[-70.89876,-29.65923],[-70.89933,-29.66014],[-70.90059,-29.66069],[-70.90364,-29.66108],[-70.9061,-29.66129],[-70.90827,-29.66136],[-70.90953,-29.66124],[-70.90986,-29.66137],[-70.91062,-29.66144],[-70.91138,-29.66145],[-70.91191,-29.66152],[-70.91247,-29.66147],[-70.91286,-29.66136],[-70.91316,-29.6612],[-70.91375,-29.66122],[-70.91472,-29.66185],[-70.91501,-29.66217],[-70.91522,-29.66242],[-70.9155,-29.66264],[-70.91609,-29.66289],[-70.9165,-29.66304],[-70.917,-29.66304],[-70.91745,-29.66294],[-70.91777,-29.66278],[-70.91798,-29.66294],[-70.91831,-29.66309],[-70.91866,-29.66334],[-70.91902,-29.66364],[-70.91936,-29.66408],[-70.9196,-29.66422],[-70.91984,-29.66441],[-70.9203,-29.66464],[-70.9209,-29.66484],[-70.92149,-29.66497],[-70.92223,-29.66503],[-70.9229,-29.66511],[-70.92345,-29.66524],[-70.92366,-29.66544],[-70.92396,-29.66553],[-70.92433,-29.66548],[-70.9245,-29.66528],[-70.97073,-29.66313],[-71.05147,-29.63425],[-71.05206,-29.63391],[-71.05233,-29.63374],[-71.05289,-29.63358],[-71.05357,-29.63372],[-71.0549,-29.63377],[-71.05575,-29.634],[-71.05688,-29.63416],[-71.05776,-29.63417],[-71.05886,-29.63412],[-71.05952,-29.63425],[-71.06018,-29.63467],[-71.06124,-29.63461],[-71.06173,-29.63389],[-71.06238,-29.63258],[-71.06274,-29.63155],[-71.06276,-29.63075],[-71.0633,-29.63006],[-71.06425,-29.62929],[-71.06486,-29.62897],[-71.06545,-29.62886],[-71.06593,-29.62888],[-71.06664,-29.62905],[-71.06742,-29.6293],[-71.06831,-29.6295],[-71.06958,-29.62946],[-71.07052,-29.6291],[-71.0714,-29.62842],[-71.07246,-29.62767],[-71.07365,-29.62704],[-71.07517,-29.6263],[-71.07662,-29.62589],[-71.07858,-29.62456],[-71.07912,-29.62417],[-71.08036,-29.62367],[-71.08263,-29.62273],[-71.08318,-29.62247],[-71.08393,-29.62206],[-71.08464,-29.6214],[-71.08498,-29.62086],[-71.08505,-29.62019],[-71.08504,-29.61952],[-71.0851,-29.61916],[-71.08526,-29.61886],[-71.0853,-29.61851],[-71.08526,-29.6182],[-71.08537,-29.61785],[-71.08545,-29.6176],[-71.08597,-29.61711],[-71.08648,-29.61679],[-71.0871,-29.61659],[-71.08759,-29.61654],[-71.08827,-29.61605],[-71.08909,-29.61573],[-71.08941,-29.6153],[-71.08987,-29.61477],[-71.09026,-29.61445],[-71.09091,-29.61387],[-71.09181,-29.61351],[-71.09273,-29.61332],[-71.0944,-29.61317],[-71.09598,-29.61335],[-71.09728,-29.61395],[-71.09851,-29.61488],[-71.09936,-29.61527],[-71.10045,-29.61568],[-71.10106,-29.61591],[-71.10146,-29.61581],[-71.10198,-29.61524],[-71.10232,-29.61438],[-71.10071,-29.61387],[-71.10019,-29.6132],[-71.09716,-29.61062],[-71.09681,-29.60975],[-71.09666,-29.60612],[-71.09463,-29.60381],[-71.09286,-29.60252],[-71.08998,-29.60148],[-71.08819,-29.60061],[-71.08737,-29.59995],[-71.0867,-29.59889],[-71.08366,-29.59712],[-71.07781,-29.59047],[-71.07609,-29.5891],[-71.07575,-29.58868],[-71.07532,-29.58741],[-71.07401,-29.58483],[-71.07276,-29.58274],[-71.07242,-29.58158],[-71.07229,-29.57996],[-71.07187,-29.57909],[-71.07065,-29.57892],[-71.06859,-29.57961],[-71.06586,-29.58009],[-71.06357,-29.58118],[-71.06089,-29.58138],[-71.06002,-29.58098],[-71.05806,-29.58081],[-71.0553,-29.57966],[-71.05433,-29.57956],[-71.05329,-29.57882],[-71.05172,-29.57877],[-71.04688,-29.57782],[-71.04474,-29.5778],[-71.0432,-29.57686],[-71.04062,-29.57666],[-71.03811,-29.57378],[-71.03609,-29.57276],[-71.03393,-29.57117],[-71.03279,-29.56769],[-71.03068,-29.56369],[-71.02859,-29.56284],[-71.0271,-29.56257],[-71.02442,-29.56267],[-71.02183,-29.56314],[-71.02099,-29.56351],[-71.02024,-29.56446],[-71.01888,-29.56843],[-71.01864,-29.57027],[-71.01813,-29.57199],[-71.01702,-29.57441],[-71.016,-29.57549],[-71.01378,-29.57542],[-71.01257,-29.57611],[-71.01073,-29.5784],[-71.008,-29.58287],[-71.00765,-29.58312],[-71.00544,-29.58371],[-71.00469,-29.58411],[-71.00382,-29.58498],[-71.00171,-29.58876],[-71.00064,-29.58995],[-71.00082,-29.59127],[-71.00052,-29.59243],[-70.99709,-29.59489],[-70.99581,-29.59647],[-70.9956,-29.59708],[-70.99465,-29.59845],[-70.99403,-29.59996],[-70.99207,-29.60083],[-70.99053,-29.6012],[-70.98824,-29.59984],[-70.98693,-29.59966],[-70.98069,-29.59984],[-70.97801,-29.59909],[-70.97282,-29.59862],[-70.97075,-29.59869],[-70.96909,-29.59922],[-70.96805,-29.59907],[-70.96658,-29.59805],[-70.96606,-29.59735],[-70.96434,-29.59469],[-70.96387,-29.59348],[-70.96367,-29.59144],[-70.964,-29.59067],[-70.96442,-29.59015],[-70.96576,-29.58925],[-70.96586,-29.58883],[-70.96576,-29.58774],[-70.96511,-29.58565],[-70.96479,-29.58548],[-70.96417,-29.5856],[-70.95637,-29.58888],[-70.95528,-29.589],[-70.95401,-29.58863],[-70.95222,-29.58744],[-70.94979,-29.58657],[-70.94934,-29.58622],[-70.94877,-29.5854],[-70.94854,-29.58443],[-70.94822,-29.58394],[-70.9468,-29.58235],[-70.94216,-29.5821],[-70.94047,-29.5823],[-70.93933,-29.58222],[-70.93861,-29.58125],[-70.93843,-29.58068],[-70.93722,-29.57932],[-70.93726,-29.57233],[-70.93702,-29.57055],[-70.93528,-29.57017],[-70.93078,-29.5705],[-70.92981,-29.5701],[-70.92827,-29.56786],[-70.9271,-29.56652],[-70.92546,-29.566],[-70.92464,-29.5655],[-70.92303,-29.56329],[-70.92194,-29.56257],[-70.92012,-29.56178],[-70.91918,-29.56019],[-70.91843,-29.55723],[-70.91602,-29.55611],[-70.91409,-29.5545],[-70.91324,-29.55405],[-70.912,-29.5535],[-70.90919,-29.55288],[-70.90514,-29.55271],[-70.90241,-29.55226],[-70.90144,-29.55181],[-70.90057,-29.5504],[-70.89769,-29.54781],[-70.89682,-29.54779],[-70.89473,-29.54819],[-70.89416,-29.54811],[-70.89297,-29.54766],[-70.89173,-29.54689],[-70.89033,-29.54555],[-70.89006,-29.54468],[-70.89043,-29.54277],[-70.89021,-29.54133],[-70.89033,-29.53934],[-70.88887,-29.5374],[-70.88783,-29.53658],[-70.88718,-29.53631],[-70.88586,-29.53624],[-70.88378,-29.53661],[-70.88251,-29.53738],[-70.88129,-29.53855],[-70.88099,-29.54076],[-70.88045,-29.54198],[-70.88002,-29.54513],[-70.87925,-29.54602],[-70.87789,-29.54702],[-70.87627,-29.54781],[-70.87501,-29.54809],[-70.87384,-29.54896],[-70.87342,-29.55027],[-70.87292,-29.55107],[-70.87041,-29.55328],[-70.87016,-29.55576],[-70.86969,-29.55681],[-70.86822,-29.55773],[-70.86753,-29.55919],[-70.86723,-29.55937],[-70.86591,-29.55924],[-70.86484,-29.55855],[-70.86253,-29.55865],[-70.86017,-29.55698],[-70.85694,-29.55408],[-70.85558,-29.55337],[-70.85468,-29.55315],[-70.85219,-29.55321],[-70.85132,-29.55361],[-70.8498,-29.55486],[-70.84635,-29.55858],[-70.84527,-29.56004],[-70.8444,-29.56169],[-70.84396,-29.56343],[-70.84387,-29.56489],[-70.84434,-29.56868],[-70.84427,-29.57029],[-70.84403,-29.57135],[-70.84235,-29.57246],[-70.83703,-29.5738],[-70.83601,-29.57456],[-70.83504,-29.57579],[-70.83265,-29.57792],[-70.83244,-29.58073],[-70.83204,-29.58139],[-70.83148,-29.58164],[-70.82918,-29.58419],[-70.82674,-29.58536],[-70.82526,-29.58536],[-70.82261,-29.58465],[-70.82032,-29.5849],[-70.81574,-29.58847],[-70.81543,-29.58928],[-70.81574,-29.59015],[-70.81564,-29.59305],[-70.81602,-29.59865]]]}},{"type":"Feature","id":"20R","properties":{"codigo":"20R","nombre":"CONDORIACO","area":"Rural","lon":-70.83314,"lat":-29.69127},"geometry":{"type":"Polygon","coordinates":[[[-70.9245,-29.66528],[-70.92433,-29.66548],[-70.92396,-29.66553],[-70.92366,-29.66544],[-70.92345,-29.66524],[-70.9229,-29.66511],[-70.92223,-29.66503],[-70.92149,-29.66497],[-70.9209,-29.66484],[-70.9203,-29.66464],[-70.91984,-29.66441],[-70.9196,-29.66422],[-70.91936,-29.66408],[-70.91902,-29.66364],[-70.91866,-29.66334],[-70.91831,-29.66309],[-70.91798,-29.66294],[-70.91777,-29.66278],[-70.91745,-29.66294],[-70.917,-29.66304],[-70.9165,-29.66304],[-70.91609,-29.66289],[-70.9155,-29.66264],[-70.91522,-29.66242],[-70.91501,-29.66217],[-70.91472,-29.66185],[-70.91375,-29.66122],[-70.91316,-29.6612],[-70.91286,-29.66136],[-70.91247,-29.66147],[-70.91191,-29.66152],[-70.91138,-29.66145],[-70.91062,-29.66144],[-70.90986,-29.66137],[-70.90953,-29.66124],[-70.90827,-29.66136],[-70.9061,-29.66129],[-70.90364,-29.66108],[-70.90059,-29.66069],[-70.89933,-29.66014],[-70.89876,-29.65923],[-70.89852,-29.65882],[-70.89778,-29.6585],[-70.89699,-29.65824],[-70.8964,-29.65789],[-70.89489,-29.65755],[-70.89437,-29.65691],[-70.89383,-29.65682],[-70.89313,-29.6566],[-70.89249,-29.65606],[-70.89204,-29.65537],[-70.89186,-29.65492],[-70.89164,-29.65446],[-70.8913,-29.65356],[-70.89059,-29.65222],[-70.88964,-29.65171],[-70.88899,-29.65148],[-70.88814,-29.65111],[-70.88756,-29.65044],[-70.88695,-29.64989],[-70.88623,-29.64946],[-70.88555,-29.64879],[-70.88459,-29.6485],[-70.88418,-29.64806],[-70.88397,-29.6477],[-70.88364,-29.64709],[-70.88315,-29.64663],[-70.88245,-29.64644],[-70.8816,-29.64635],[-70.88082,-29.64617],[-70.88045,-29.64617],[-70.87982,-29.64568],[-70.87905,-29.64554],[-70.87855,-29.64548],[-70.87826,-29.64543],[-70.87731,-29.64503],[-70.87731,-29.64418],[-70.87742,-29.64353],[-70.87747,-29.64264],[-70.87742,-29.64194],[-70.87738,-29.64116],[-70.87758,-29.64059],[-70.87803,-29.63958],[-70.8786,-29.63903],[-70.87945,-29.63789],[-70.87934,-29.63686],[-70.87839,-29.63607],[-70.8774,-29.63549],[-70.87661,-29.6349],[-70.87633,-29.63456],[-70.87565,-29.63454],[-70.87492,-29.63523],[-70.8744,-29.63577],[-70.87382,-29.6357],[-70.87306,-29.63501],[-70.87187,-29.63419],[-70.87114,-29.63301],[-70.87035,-29.63219],[-70.86841,-29.63081],[-70.86671,-29.62884],[-70.86551,-29.6277],[-70.86528,-29.62723],[-70.86533,-29.6268],[-70.86543,-29.62624],[-70.86524,-29.62561],[-70.865,-29.62536],[-70.86442,-29.62557],[-70.86408,-29.6259],[-70.86378,-29.62606],[-70.86316,-29.62611],[-70.86266,-29.62593],[-70.8623,-29.62552],[-70.86192,-29.62486],[-70.8616,-29.62429],[-70.86119,-29.62379],[-70.86092,-29.62354],[-70.86055,-29.62272],[-70.86025,-29.62171],[-70.86025,-29.62061],[-70.86024,-29.61958],[-70.86029,-29.61865],[-70.86047,-29.61845],[-70.8607,-29.61815],[-70.86067,-29.61758],[-70.86049,-29.61718],[-70.86027,-29.61657],[-70.86019,-29.61606],[-70.86016,-29.6156],[-70.86009,-29.61517],[-70.86,-29.61473],[-70.85996,-29.61419],[-70.85951,-29.61332],[-70.85888,-29.61246],[-70.85811,-29.61172],[-70.85728,-29.6113],[-70.85649,-29.61107],[-70.85536,-29.61076],[-70.85458,-29.6104],[-70.85377,-29.61024],[-70.85236,-29.60971],[-70.85168,-29.6091],[-70.85117,-29.6084],[-70.85044,-29.60776],[-70.84938,-29.60681],[-70.84856,-29.60586],[-70.84811,-29.60535],[-70.84779,-29.60507],[-70.84754,-29.60479],[-70.84739,-29.60436],[-70.84733,-29.60397],[-70.84707,-29.60336],[-70.84635,-29.60277],[-70.84621,-29.60213],[-70.84615,-29.60161],[-70.84602,-29.6009],[-70.8455,-29.60053],[-70.84499,-29.60016],[-70.84487,-29.59984],[-70.84401,-29.60015],[-70.84326,-29.60021],[-70.84268,-29.60007],[-70.84218,-29.59981],[-70.84156,-29.59961],[-70.84095,-29.59972],[-70.84034,-29.60021],[-70.83965,-29.60081],[-70.83938,-29.6011],[-70.83903,-29.60131],[-70.83862,-29.60145],[-70.83819,-29.60156],[-70.83719,-29.60221],[-70.83669,-29.6028],[-70.83635,-29.60345],[-70.83603,-29.60375],[-70.83542,-29.60392],[-70.83491,-29.60386],[-70.83426,-29.60406],[-70.83365,-29.60454],[-70.83324,-29.60479],[-70.83263,-29.60496],[-70.83181,-29.60504],[-70.83113,-29.60516],[-70.83064,-29.6053],[-70.82962,-29.6055],[-70.82902,-29.60556],[-70.82855,-29.60565],[-70.82807,-29.60582],[-70.82846,-29.60522],[-70.82915,-29.60486],[-70.82923,-29.60424],[-70.82899,-29.60377],[-70.82872,-29.60322],[-70.8284,-29.60259],[-70.82818,-29.60223],[-70.82797,-29.60189],[-70.82794,-29.60094],[-70.82771,-29.60018],[-70.82734,-29.59963],[-70.82621,-29.59883],[-70.82538,-29.59873],[-70.82458,-29.59913],[-70.82409,-29.59936],[-70.82315,-29.59942],[-70.8229,-29.59933],[-70.81602,-29.59865],[-70.81599,-29.59891],[-70.81487,-29.60013],[-70.81355,-29.60211],[-70.81222,-29.60339],[-70.81131,-29.60644],[-70.8111,-29.6066],[-70.80795,-29.6067],[-70.80469,-29.60772],[-70.80403,-29.60833],[-70.80189,-29.61118],[-70.80143,-29.6123],[-70.80122,-29.61337],[-70.80219,-29.61612],[-70.80051,-29.61688],[-70.79995,-29.61765],[-70.79949,-29.61902],[-70.79909,-29.61963],[-70.79746,-29.62091],[-70.79628,-29.62131],[-70.79399,-29.62024],[-70.79241,-29.61979],[-70.7918,-29.61979],[-70.78926,-29.62193],[-70.78809,-29.62233],[-70.78162,-29.6231],[-70.77576,-29.62269],[-70.77449,-29.62208],[-70.77189,-29.6203],[-70.77113,-29.62019],[-70.77011,-29.62045],[-70.76934,-29.62075],[-70.76884,-29.62147],[-70.76853,-29.62243],[-70.76817,-29.6262],[-70.76639,-29.62788],[-70.76609,-29.6286],[-70.76598,-29.63043],[-70.76553,-29.63079],[-70.76496,-29.63074],[-70.76425,-29.63033],[-70.76064,-29.62681],[-70.75753,-29.62554],[-70.75422,-29.62559],[-70.75269,-29.62498],[-70.75132,-29.62473],[-70.7502,-29.62493],[-70.74841,-29.62564],[-70.74597,-29.62595],[-70.74368,-29.626],[-70.73996,-29.62524],[-70.73507,-29.62539],[-70.73171,-29.62376],[-70.72942,-29.6233],[-70.72636,-29.62376],[-70.72331,-29.62529],[-70.71746,-29.62941],[-70.71692,-29.62947],[-70.71474,-29.62907],[-70.71108,-29.63024],[-70.7091,-29.63119],[-70.70823,-29.63298],[-70.70818,-29.63354],[-70.70594,-29.63578],[-70.70558,-29.63792],[-70.70599,-29.63868],[-70.70589,-29.64006],[-70.70558,-29.64158],[-70.70528,-29.64219],[-70.70482,-29.6427],[-70.70192,-29.64398],[-70.70141,-29.64535],[-70.7012,-29.6479],[-70.70044,-29.64983],[-70.69845,-29.65299],[-70.69683,-29.65477],[-70.69591,-29.65538],[-70.69532,-29.65617],[-70.69489,-29.65722],[-70.69464,-29.65824],[-70.69458,-29.65976],[-70.69479,-29.66251],[-70.69535,-29.66399],[-70.6957,-29.66445],[-70.69596,-29.66618],[-70.69693,-29.66985],[-70.69642,-29.67367],[-70.69606,-29.67453],[-70.69494,-29.67647],[-70.6927,-29.67917],[-70.69102,-29.68166],[-70.69076,-29.68263],[-70.69097,-29.68365],[-70.68837,-29.68563],[-70.68679,-29.68798],[-70.68603,-29.68874],[-70.68509,-29.6889],[-70.68547,-29.68938],[-70.68633,-29.68933],[-70.68738,-29.6889],[-70.68981,-29.68886],[-70.69043,-29.6891],[-70.69082,-29.68948],[-70.69482,-29.69048],[-70.6953,-29.69077],[-70.69649,-29.69081],[-70.69854,-29.69019],[-70.69979,-29.69053],[-70.70103,-29.69057],[-70.70174,-29.69081],[-70.70198,-29.6911],[-70.70408,-29.6922],[-70.70527,-29.69258],[-70.70666,-29.69353],[-70.70885,-29.6941],[-70.7099,-29.69406],[-70.71166,-29.69291],[-70.7129,-29.69272],[-70.71677,-29.69105],[-70.72211,-29.69096],[-70.7233,-29.69105],[-70.72726,-29.6921],[-70.72812,-29.69182],[-70.73385,-29.68805],[-70.73485,-29.68714],[-70.73609,-29.68428],[-70.73723,-29.68399],[-70.73876,-29.68614],[-70.73895,-29.68895],[-70.73924,-29.69038],[-70.74024,-29.69272],[-70.74196,-29.69334],[-70.74606,-29.69387],[-70.74916,-29.6953],[-70.74969,-29.6953],[-70.75169,-29.69449],[-70.75379,-29.6931],[-70.75617,-29.69263],[-70.75741,-29.69263],[-70.75865,-29.69277],[-70.76333,-29.69453],[-70.76863,-29.69439],[-70.76982,-29.6941],[-70.77134,-29.69415],[-70.77435,-29.69468],[-70.7775,-29.69487],[-70.78194,-29.69673],[-70.78265,-29.69738],[-70.78365,-29.70007],[-70.78551,-29.7026],[-70.78675,-29.70369],[-70.78795,-29.70427],[-70.79124,-29.7045],[-70.792,-29.70493],[-70.79233,-29.7057],[-70.79243,-29.70694],[-70.79281,-29.70823],[-70.79467,-29.70961],[-70.79701,-29.71075],[-70.79935,-29.71071],[-70.80011,-29.71109],[-70.80107,-29.71228],[-70.80264,-29.71228],[-70.80436,-29.71271],[-70.80574,-29.71428],[-70.80813,-29.71471],[-70.8108,-29.71395],[-70.81223,-29.71409],[-70.81299,-29.71438],[-70.81495,-29.716],[-70.81643,-29.71696],[-70.81781,-29.71743],[-70.82187,-29.71834],[-70.82353,-29.71968],[-70.82458,-29.72125],[-70.82511,-29.72373],[-70.82516,-29.72612],[-70.82544,-29.72721],[-70.82602,-29.72812],[-70.82692,-29.7285],[-70.82773,-29.7286],[-70.83155,-29.72855],[-70.83479,-29.72883],[-70.83603,-29.72941],[-70.84004,-29.7327],[-70.84085,-29.73303],[-70.84486,-29.73194],[-70.84596,-29.73189],[-70.84648,-29.73213],[-70.84739,-29.73418],[-70.84775,-29.73551],[-70.8484,-29.73641],[-70.84752,-29.73813],[-70.84758,-29.73895],[-70.84786,-29.7399],[-70.84953,-29.74248],[-70.84982,-29.74339],[-70.8503,-29.74739],[-70.85058,-29.74816],[-70.85116,-29.74887],[-70.85168,-29.75169],[-70.8512,-29.75321],[-70.84901,-29.75503],[-70.84882,-29.75579],[-70.84906,-29.7565],[-70.84906,-29.75736],[-70.8493,-29.75789],[-70.85044,-29.75913],[-70.85054,-29.7598],[-70.85035,-29.76032],[-70.8493,-29.76094],[-70.84912,-29.76172],[-70.84934,-29.76218],[-70.85058,-29.76309],[-70.85106,-29.76323],[-70.85287,-29.76318],[-70.85402,-29.76347],[-70.85688,-29.76538],[-70.86075,-29.76857],[-70.86222,-29.76891],[-70.86542,-29.76831],[-70.86528,-29.76953],[-70.86308,-29.77249],[-70.86284,-29.7732],[-70.8628,-29.77444],[-70.86308,-29.77597],[-70.86356,-29.77726],[-70.86451,-29.77802],[-70.86723,-29.77859],[-70.86771,-29.77902],[-70.86886,-29.78074],[-70.86948,-29.78122],[-70.87148,-29.78169],[-70.87258,-29.78174],[-70.87453,-29.78279],[-70.87534,-29.78336],[-70.87563,-29.78387],[-70.87638,-29.78343],[-70.8769,-29.78302],[-70.87741,-29.78273],[-70.87875,-29.78229],[-70.87981,-29.7822],[-70.8818,-29.78237],[-70.88305,-29.78241],[-70.88415,-29.78241],[-70.88555,-29.78256],[-70.88678,-29.78262],[-70.88853,-29.78252],[-70.89017,-29.78224],[-70.89121,-29.78194],[-70.892,-29.78147],[-70.89265,-29.78093],[-70.89304,-29.78033],[-70.89326,-29.78004],[-70.89342,-29.77963],[-70.89364,-29.7795],[-70.89391,-29.77955],[-70.89426,-29.77954],[-70.89448,-29.77949],[-70.89466,-29.77942],[-70.89482,-29.77955],[-70.89506,-29.77968],[-70.89553,-29.77975],[-70.896,-29.77982],[-70.89654,-29.77996],[-70.89711,-29.78007],[-70.89745,-29.78009],[-70.89794,-29.78004],[-70.89849,-29.77998],[-70.89903,-29.78005],[-70.89948,-29.78038],[-70.89995,-29.78047],[-70.90042,-29.78068],[-70.90075,-29.78097],[-70.90124,-29.78111],[-70.90172,-29.78095],[-70.9019,-29.78065],[-70.90201,-29.78033],[-70.90199,-29.77975],[-70.90193,-29.77945],[-70.90184,-29.77935],[-70.90182,-29.77899],[-70.90198,-29.77837],[-70.90194,-29.77808],[-70.90198,-29.77778],[-70.90223,-29.77725],[-70.90225,-29.77629],[-70.90225,-29.77607],[-70.90217,-29.77569],[-70.902,-29.77536],[-70.90195,-29.77497],[-70.90221,-29.77461],[-70.90245,-29.7744],[-70.90246,-29.77401],[-70.90237,-29.77337],[-70.90257,-29.77297],[-70.90349,-29.77206],[-70.9037,-29.77141],[-70.90365,-29.77088],[-70.90366,-29.77059],[-70.90381,-29.77024],[-70.90401,-29.76994],[-70.90427,-29.76968],[-70.90442,-29.76943],[-70.90425,-29.76926],[-70.90379,-29.7693],[-70.90339,-29.76948],[-70.90287,-29.76931],[-70.90267,-29.76884],[-70.90275,-29.76852],[-70.90293,-29.76811],[-70.9029,-29.7677],[-70.90277,-29.76748],[-70.90254,-29.7672],[-70.90244,-29.76694],[-70.90244,-29.76665],[-70.90273,-29.76624],[-70.90306,-29.76595],[-70.90328,-29.76568],[-70.90339,-29.76501],[-70.90355,-29.76438],[-70.90371,-29.76381],[-70.90407,-29.76326],[-70.90468,-29.76271],[-70.90573,-29.76222],[-70.90648,-29.7621],[-70.90711,-29.76204],[-70.90771,-29.76202],[-70.90832,-29.76183],[-70.90858,-29.76143],[-70.90874,-29.76097],[-70.90885,-29.76053],[-70.90882,-29.76018],[-70.90872,-29.75964],[-70.90873,-29.75899],[-70.90916,-29.75858],[-70.91017,-29.75804],[-70.91061,-29.75785],[-70.911,-29.7576],[-70.91168,-29.75733],[-70.91241,-29.7573],[-70.91326,-29.75733],[-70.91421,-29.75721],[-70.91472,-29.75706],[-70.9152,-29.75681],[-70.91551,-29.75649],[-70.91569,-29.75602],[-70.91576,-29.75564],[-70.91594,-29.75525],[-70.91605,-29.75497],[-70.91626,-29.75462],[-70.91639,-29.75428],[-70.91638,-29.75376],[-70.91654,-29.75338],[-70.91702,-29.75289],[-70.91742,-29.75239],[-70.91822,-29.75158],[-70.91846,-29.75149],[-70.91897,-29.75108],[-70.91921,-29.7504],[-70.91918,-29.74995],[-70.9189,-29.74961],[-70.91833,-29.74911],[-70.91784,-29.74868],[-70.91769,-29.748],[-70.91768,-29.74692],[-70.91784,-29.74651],[-70.91805,-29.74599],[-70.918,-29.74561],[-70.91804,-29.74509],[-70.9183,-29.74454],[-70.91844,-29.74365],[-70.91842,-29.74312],[-70.91821,-29.74214],[-70.91804,-29.74155],[-70.9179,-29.74117],[-70.91813,-29.7408],[-70.9185,-29.74054],[-70.91907,-29.74017],[-70.91966,-29.73987],[-70.9197,-29.73955],[-70.91958,-29.73914],[-70.91938,-29.73886],[-70.91956,-29.73858],[-70.91972,-29.73832],[-70.92,-29.73763],[-70.92017,-29.73725],[-70.92012,-29.73661],[-70.92028,-29.73606],[-70.92069,-29.73576],[-70.92103,-29.73565],[-70.92134,-29.73549],[-70.92162,-29.73542],[-70.92206,-29.73553],[-70.92247,-29.73559],[-70.92318,-29.73541],[-70.92353,-29.73527],[-70.92388,-29.73524],[-70.9241,-29.73536],[-70.92435,-29.73536],[-70.92475,-29.73509],[-70.92564,-29.73375],[-70.92608,-29.73317],[-70.92621,-29.73297],[-70.92639,-29.73275],[-70.9265,-29.73248],[-70.92629,-29.73206],[-70.9261,-29.73171],[-70.92608,-29.73112],[-70.92622,-29.73074],[-70.92638,-29.73011],[-70.92649,-29.72924],[-70.92632,-29.72855],[-70.92623,-29.72781],[-70.92595,-29.72749],[-70.92543,-29.72749],[-70.92515,-29.72718],[-70.92511,-29.72665],[-70.92496,-29.72633],[-70.92464,-29.72595],[-70.92434,-29.72575],[-70.92396,-29.72551],[-70.9238,-29.72496],[-70.92368,-29.72406],[-70.9237,-29.72307],[-70.92379,-29.72255],[-70.92418,-29.72201],[-70.92472,-29.7216],[-70.92529,-29.72131],[-70.92601,-29.72089],[-70.92715,-29.71988],[-70.92744,-29.71915],[-70.92725,-29.71879],[-70.92697,-29.71873],[-70.92659,-29.71862],[-70.92638,-29.71837],[-70.92648,-29.71777],[-70.92652,-29.71731],[-70.92677,-29.71669],[-70.92681,-29.71594],[-70.92684,-29.71533],[-70.92663,-29.71474],[-70.92634,-29.71442],[-70.92595,-29.71418],[-70.92477,-29.71395],[-70.92433,-29.71371],[-70.92432,-29.71345],[-70.9245,-29.71308],[-70.92476,-29.71258],[-70.92497,-29.71232],[-70.92505,-29.71191],[-70.92508,-29.71146],[-70.92521,-29.71118],[-70.92541,-29.71082],[-70.92541,-29.71011],[-70.92546,-29.70935],[-70.92538,-29.70917],[-70.92534,-29.70884],[-70.92543,-29.7085],[-70.92553,-29.70811],[-70.92548,-29.70761],[-70.92553,-29.70717],[-70.92561,-29.70647],[-70.92558,-29.70624],[-70.92547,-29.70586],[-70.9255,-29.70541],[-70.92567,-29.70509],[-70.92593,-29.70467],[-70.92611,-29.70417],[-70.92605,-29.70383],[-70.92588,-29.70355],[-70.92576,-29.7032],[-70.92573,-29.70255],[-70.92586,-29.70234],[-70.92598,-29.70212],[-70.92595,-29.70183],[-70.92585,-29.70166],[-70.92615,-29.70093],[-70.92653,-29.70056],[-70.92687,-29.70017],[-70.92703,-29.69972],[-70.92695,-29.69927],[-70.92681,-29.69896],[-70.9264,-29.69847],[-70.92599,-29.69755],[-70.92544,-29.69674],[-70.92496,-29.69593],[-70.92511,-29.69524],[-70.92519,-29.69477],[-70.92515,-29.69396],[-70.92547,-29.69337],[-70.92637,-29.69269],[-70.92664,-29.69245],[-70.92695,-29.69218],[-70.92695,-29.69185],[-70.92685,-29.69163],[-70.92668,-29.69145],[-70.92636,-29.689],[-70.92643,-29.68854],[-70.92669,-29.68752],[-70.92684,-29.68631],[-70.92679,-29.68447],[-70.92682,-29.68365],[-70.92692,-29.68286],[-70.92655,-29.68207],[-70.92601,-29.68121],[-70.92539,-29.68033],[-70.92411,-29.67948],[-70.92309,-29.67893],[-70.92246,-29.67812],[-70.92225,-29.6777],[-70.92205,-29.67688],[-70.92216,-29.67611],[-70.92241,-29.67536],[-70.92276,-29.6745],[-70.9228,-29.67401],[-70.92262,-29.67336],[-70.92254,-29.67311],[-70.92248,-29.67253],[-70.92277,-29.6715],[-70.92309,-29.67062],[-70.92327,-29.67002],[-70.92321,-29.66956],[-70.92308,-29.66922],[-70.92304,-29.66883],[-70.92314,-29.66842],[-70.92344,-29.6681],[-70.92377,-29.66732],[-70.92424,-29.66603],[-70.9245,-29.66528]]]}}]}